state_name,n_shrids,n_tap_m0,n_tap_lw,tap_m0,tap_lw,pgw_m0,pgw_lw,tap_gap,pgw_gap,lw_coverage
uttar pradesh,97977,95658,95658,0.122707980513914,0.122707980513914,0.933596771832988,0.933596771832988,0,0,1
madhya pradesh,51986,50014,2661,0.0293717759027472,0.552048102217212,0.809573319470548,0.909952606635071,0.522676326314464,0.100379287164523,0.05320510257128
odisha,47570,45903,14638,0.00614338932095942,0.0192649269025823,0.651482473912381,0.664189243187085,0.0131215375816229,0.0127067692747049,0.318889832908525
maharashtra,41057,39649,13160,0.331912532472446,1,0.477061212136498,,0.668087467527554,,0.331912532472446
rajasthan,39772,36719,36695,0.146736022222827,0.146831993459599,0.750156594678504,0.750647227142663,9.59712367719911e-05,0.000490632464158258,0.999346387428852
bihar,39117,37986,37986,0.00937187384825988,0.00937187384825988,0.950192176064866,0.950192176064866,0,0,1
west bengal,37847,37094,33525,0.0386046260850811,0.0427143922445936,0.833207526823745,0.856860344665223,0.00410976615951244,0.0236528178414777,0.903784978702755
jharkhand,29605,28754,28754,0.0104333310148153,0.0104333310148153,0.661960075119983,0.661960075119983,0,0,1
karnataka,27336,26422,26417,0.178639012943759,0.178672824317674,0.939709333131481,0.939887193852443,3.38113739152268e-05,0.000177860720962153,0.999810763757475
andhra pradesh,26396,25874,23607,0.114516503053258,0.125513618841869,0.640990956172219,0.630183137525916,0.0109971157886108,-0.0108078186463035,0.912383087269073
assam,25398,23071,4386,0.149148281392224,0.784541723666211,0.572276884400329,0.258964143426295,0.635393442273987,-0.313312740974035,0.190108794590612
chhattisgarh,19637,15507,961,0.017669439607919,0.285119667013528,0.861352937383117,0.949832775919733,0.267450227405609,0.0884798385366151,0.0619720126394532
gujarat,17948,17784,7736,0.434997750787224,1,0.652440395861449,1,0.565002249212776,0.347559604138552,0.434997750787224
himachal pradesh,17496,16628,16626,0.917729131585278,0.917839528449417,0.0374669232619678,0.0374714302899074,0.000110396864138829,4.50702793960978e-06,0.99987972095261
uttarakhand,15748,15207,15207,0.867232195699349,0.867232195699349,0.0787795094364437,0.0787795094364437,0,0,1
tamil nadu,15377,14075,14070,0.300959147424512,0.301066098081023,0.691083481349911,0.691268486916951,0.00010695065651195,0.000185005567039931,0.999644760213144
punjab,12227,11177,11170,0.303748769795115,0.303939122649955,0.959917688109511,0.960060893704665,0.000190352854840314,0.000143205595154905,0.999373713876711
,9187,6886,4571,0.117484751670055,0.176985342375848,0.43958756898054,0.505024538443562,0.0595005907057925,0.0654369694630213,0.663810630264304
haryana,6668,6547,6547,0.826332671452574,0.826332671452574,0.834275240568199,0.834275240568199,0,0,1
jammu kashmir,6355,0,0,,,,,,,
meghalaya,5508,4977,4990,0.312839059674503,0.312224448897796,0.0231062889290737,0.0230460921843687,-0.000614610776707103,-6.01967447050045e-05,1.00261201527024
arunachal pradesh,3366,1412,1403,0.65014164305949,0.654312188168211,0.028328611898017,0.0285306704707561,0.00417054510872095,0.000202058572739066,0.993626062322946
manipur,2340,1970,1969,0.156345177664975,0.156424581005587,0.0421319796954315,0.0421533773489081,7.9403340611961e-05,2.13976534766056e-05,0.999492385786802
kerala,1339,1318,1318,0.665402124430956,0.665402124430956,0.861911987860395,0.861911987860395,0,0,1
nagaland,1279,1145,1144,0.648908296943232,0.649475524475525,0,0,0.000567227532292991,0,0.999126637554585
tripura,863,813,814,0.389913899138991,0.389434889434889,0.793357933579336,0.792383292383292,-0.000479009704101974,-0.000974641196043402,1.00123001230012
mizoram,683,552,552,0.268115942028986,0.268115942028986,0.0706521739130435,0.0706521739130435,0,0,1
sikkim,425,420,419,0.964285714285714,0.966587112171838,0,0,0.00230139788612338,0,0.997619047619048
andaman nicobar islands,398,316,316,0.44620253164557,0.44620253164557,0,0,0,0,1
goa,360,356,356,0.660112359550562,0.660112359550562,0.219101123595506,0.219101123595506,0,0,1
puducherry,92,81,81,1,1,0.703703703703704,0.7,0,-0.00370370370370376,1
dadra nagar haveli,70,70,17,0.242857142857143,1,0.0142857142857143,,0.757142857142857,,0.242857142857143
daman diu,23,23,23,1,1,0,0,0,0,1
lakshadweep,9,7,7,0.714285714285714,0.714285714285714,0.714285714285714,0.714285714285714,0,0,1
chandigarh,1,1,0,0,,0,,,,0
nct of delhi,1,1,1,1,1,1,1,0,0,1
