WLCODE,STATE,DISTRICT,SITE_TYPE,n_read,mean_depth,sd_depth,min_depth,max_depth,straddles,near8_mean
W00665,UP,Jhansi,Dug Well,5,7.02,0.605061980296234,5.99,7.5,FALSE,TRUE
W12585,UP,Ballia,Dug Well,3,4.32,1.30456889430953,2.85,5.34,FALSE,FALSE
W14593,UP,Agra,Dug Well,5,3.63,1.71331549925867,2.33,6.55,FALSE,FALSE
W14594,UP,Agra,Dug Well,5,14.612,0.825875293249532,13.67,15.64,FALSE,FALSE
W14597,UP,Agra,Dug Well,4,14.9025,0.457265422557476,14.58,15.55,FALSE,FALSE
W14598,UP,Agra,Dug Well,3,22.6666666666667,1.44337567297406,21,23.5,FALSE,FALSE
W14600,UP,Agra,Dug Well,4,20.125,7.82575874915653,8.4,24.3,FALSE,FALSE
W14601,UP,Agra,Dug Well,5,7.896,1.43030765921182,6.73,10.33,TRUE,TRUE
W14602,UP,Agra,Dug Well,4,9.0625,0.696867993238318,8.2,9.7,FALSE,TRUE
W14604,UP,Agra,Dug Well,3,8.04666666666667,0.277368587502862,7.74,8.28,TRUE,TRUE
W14606,UP,Agra,Dug Well,4,17.6125,2.24958329474594,15.7,20.05,FALSE,FALSE
W14607,UP,Agra,Dug Well,5,9.482,1.66864316137394,8.1,12.25,FALSE,TRUE
W14608,UP,Agra,Dug Well,5,3.666,1.17973725888437,1.68,4.8,FALSE,FALSE
W14610,UP,Agra,Dug Well,4,20.705,1.46766254068615,18.91,22.5,FALSE,FALSE
W14611,UP,Aligarh,Dug Well,5,3.554,0.40543803472294,3.12,4.02,FALSE,FALSE
W14612,UP,Aligarh,Dug Well,5,6.264,0.325392071200268,5.89,6.65,FALSE,TRUE
W14613,UP,Aligarh,Dug Well,3,14.0666666666667,0.115470053837925,14,14.2,FALSE,FALSE
W14615,UP,Aligarh,Dug Well,5,2.944,0.627837558608913,2.13,3.76,FALSE,FALSE
W14617,UP,Aligarh,Dug Well,3,13.07,0,13.07,13.07,FALSE,FALSE
W14618,UP,Aligarh,Dug Well,5,4.132,0.748945925951934,3.31,4.91,FALSE,FALSE
W14619,UP,Aligarh,Dug Well,5,8.3,1.04647025758021,6.75,9.62,TRUE,TRUE
W14620,UP,Aligarh,Dug Well,5,4.396,0.635476199396956,3.72,5.29,FALSE,FALSE
W14621,UP,Aligarh,Dug Well,4,2.4075,0.502352797676427,1.96,3.05,FALSE,FALSE
W14622,UP,Aligarh,Dug Well,5,13.672,0.626434354102647,12.76,14.35,FALSE,FALSE
W14623,UP,Aligarh,Dug Well,5,11.128,0.899844430999048,9.85,11.95,FALSE,FALSE
W14624,UP,Aligarh,Dug Well,5,9.816,0.526193880618161,8.9,10.2,FALSE,TRUE
W14625,UP,Allahabad,Dug Well,5,14.872,0.535228922985296,14.14,15.3,FALSE,FALSE
W14626,UP,Allahabad,Dug Well,5,3.89,0.507789326394323,3.21,4.52,FALSE,FALSE
W14627,UP,Allahabad,Dug Well,5,16.582,0.52694401979717,15.75,17.19,FALSE,FALSE
W14628,UP,Allahabad,Dug Well,5,15.678,0.845765925064376,14.38,16.38,FALSE,FALSE
W14629,UP,Allahabad,Dug Well,5,14.762,1.6268743036879,12.28,16.48,FALSE,FALSE
W14630,UP,Allahabad,Dug Well,4,7.5675,1.21029954969834,5.77,8.32,TRUE,TRUE
W14631,UP,Allahabad,Dug Well,5,4.414,0.669611827852525,3.54,5.35,FALSE,FALSE
W14632,UP,Allahabad,Dug Well,5,4.15,1.67064358856101,2.03,6.68,FALSE,FALSE
W14633,UP,Allahabad,Dug Well,5,3.434,0.290310178946588,3.13,3.87,FALSE,FALSE
W14634,UP,Allahabad,Dug Well,5,4.504,0.872513610209033,3.27,5.65,FALSE,FALSE
W14635,UP,Allahabad,Dug Well,3,4.13,1.9674094642448,2.8,6.39,FALSE,FALSE
W14636,UP,Allahabad,Dug Well,5,17.568,0.930897416475091,16.44,18.7,FALSE,FALSE
W14637,UP,Allahabad,Dug Well,4,9.325,1.14357626184993,8.32,10.35,FALSE,TRUE
W14638,UP,Allahabad,Dug Well,4,9.4675,1.29479406341961,8.1,11.17,FALSE,TRUE
W14639,UP,Allahabad,Dug Well,5,5.336,0.502623119245424,4.92,6.14,FALSE,FALSE
W14640,UP,Allahabad,Dug Well,5,4.918,0.571331777516357,4.3,5.84,FALSE,FALSE
W14641,UP,Allahabad,Dug Well,5,7.404,2.0160555547901,4.88,10.2,TRUE,TRUE
W14642,UP,Allahabad,Dug Well,3,6.7,1.70220445305492,5.2,8.55,TRUE,TRUE
W14643,UP,Allahabad,Dug Well,5,5.194,1.10577122407847,4.11,6.47,FALSE,FALSE
W14644,UP,Allahabad,Dug Well,4,3.41,0.741395081361258,2.87,4.5,FALSE,FALSE
W14645,UP,Allahabad,Dug Well,5,2.102,0.29354727046934,1.73,2.53,FALSE,FALSE
W14646,UP,Allahabad,Dug Well,5,4.76,0.79454389431925,4.04,5.85,FALSE,FALSE
W14647,UP,Ambedkar Nagar,Dug Well,4,6.6,0,6.6,6.6,FALSE,TRUE
W14648,UP,Ambedkar Nagar,Dug Well,3,2.81666666666667,0.189296944860009,2.6,2.95,FALSE,FALSE
W14649,UP,Ambedkar Nagar,Dug Well,5,6.482,1.07959251572063,5.32,7.62,FALSE,TRUE
W14650,UP,Faizabad,Dug Well,5,6.232,1.04733948650855,4.9,7.28,FALSE,TRUE
W14651,UP,Ambedkar Nagar,Dug Well,5,7.114,0.526383890331002,6.67,7.97,FALSE,TRUE
W14652,UP,Ambedkar Nagar,Dug Well,4,4.285,0.0911043357914427,4.15,4.34,FALSE,FALSE
W14653,UP,Ambedkar Nagar,Dug Well,5,5.322,0.465370819884531,5.02,6.12,FALSE,FALSE
W14654,UP,Ambedkar Nagar,Dug Well,4,4.8825,1.09448237384924,3.3,5.82,FALSE,FALSE
W14655,UP,Ambedkar Nagar,Dug Well,5,6.46,0.115974135047432,6.32,6.59,FALSE,TRUE
W14656,UP,Auraiya,Dug Well,5,4.656,0.369228926277452,4.1,5.05,FALSE,FALSE
W14657,UP,Auraiya,Dug Well,5,7.706,0.489520173230889,6.99,8.09,TRUE,TRUE
W14658,UP,Auraiya,Dug Well,5,3.89,0.760460386871006,3,4.77,FALSE,FALSE
W14659,UP,Auraiya,Dug Well,5,2.704,0.336199345626966,2.14,3.04,FALSE,FALSE
W14661,UP,Auraiya,Dug Well,5,3.516,0.509342713700707,2.7,3.94,FALSE,FALSE
W14662,UP,Auraiya,Dug Well,5,4.1,0.49300101419774,3.33,4.6,FALSE,FALSE
W14663,UP,Auraiya,Dug Well,5,7.708,2.43007613049468,4.2,10.19,TRUE,TRUE
W14665,UP,Auraiya,Dug Well,5,5.714,0.681013949930543,4.9,6.45,FALSE,FALSE
W14666,UP,Auraiya,Dug Well,5,6.064,0.726347024499997,5.41,7.09,FALSE,TRUE
W14667,UP,Auraiya,Dug Well,5,7.312,0.772735401026768,6.58,8.53,TRUE,TRUE
W14668,UP,Azamgarh,Dug Well,4,6.4725,1.56419041892817,5.52,8.81,TRUE,TRUE
W14669,UP,Azamgarh,Dug Well,5,7.55,1.7611501923459,5.37,10.08,TRUE,TRUE
W14670,UP,Azamgarh,Dug Well,5,5.096,0.722793193105746,4.11,5.92,FALSE,FALSE
W14671,UP,Azamgarh,Dug Well,5,6.436,0.564738877712523,5.75,6.94,FALSE,TRUE
W14672,UP,Azamgarh,Dug Well,3,5.45666666666667,1.97854323514381,3.55,7.5,FALSE,FALSE
W14673,UP,Azamgarh,Dug Well,5,5.676,1.20280089790455,4.44,7.46,FALSE,FALSE
W14674,UP,Azamgarh,Dug Well,4,3.9325,0.443198601080825,3.39,4.47,FALSE,FALSE
W14675,UP,Azamgarh,Dug Well,5,5.568,0.835894730214278,4.59,6.47,FALSE,FALSE
W14676,UP,Azamgarh,Dug Well,5,2.658,0.500769408011312,1.99,3.07,FALSE,FALSE
W14677,UP,Azamgarh,Dug Well,5,5.472,0.895471942609036,4.28,6.54,FALSE,FALSE
W14678,UP,Azamgarh,Dug Well,5,5.272,0.426696613532379,4.62,5.68,FALSE,FALSE
W14679,UP,Azamgarh,Dug Well,4,3.935,0.363730669589464,3.41,4.24,FALSE,FALSE
W14680,UP,Azamgarh,Dug Well,4,6.2975,1.21189589761937,4.52,7.23,FALSE,TRUE
W14681,UP,Azamgarh,Dug Well,4,4.6825,0.555540277567702,4.33,5.51,FALSE,FALSE
W14682,UP,Azamgarh,Dug Well,5,7.288,1.34414284955134,5.91,8.98,TRUE,TRUE
W14683,UP,Azamgarh,Dug Well,5,8.994,0.82491211653121,7.83,9.71,TRUE,TRUE
W14684,UP,Azamgarh,Dug Well,5,4.302,1.15475971526547,3.29,6.27,FALSE,FALSE
W14685,UP,Baghpat,Dug Well,5,11.866,0.62324152621596,10.96,12.69,FALSE,FALSE
W14690,UP,Baghpat,Dug Well,5,10.236,0.85739722416159,9.07,11.45,FALSE,FALSE
W14691,UP,Bahraich,Dug Well,3,6.75666666666667,0.743258591160125,5.9,7.23,FALSE,TRUE
W14693,UP,Shrawasti,Dug Well,4,5.075,1.00553468363851,4.12,6.05,FALSE,FALSE
W14694,UP,Bahraich,Dug Well,4,2.36,0.454825974045752,1.79,2.87,FALSE,FALSE
W14696,UP,Bahraich,Dug Well,3,3.9,0.454312667664022,3.38,4.22,FALSE,FALSE
W14697,UP,Bahraich,Dug Well,4,3.9675,0.176705970470723,3.77,4.2,FALSE,FALSE
W14698,UP,Bahraich,Dug Well,4,3.135,0.434396132579469,2.5,3.48,FALSE,FALSE
W14700,UP,Bahraich,Dug Well,4,2.5625,0.156498136304132,2.45,2.79,FALSE,FALSE
W14702,UP,Bahraich,Dug Well,4,8.28,1.00076637300288,7.31,9.68,TRUE,TRUE
W14703,UP,Bahraich,Dug Well,4,2.3075,0.120381338531629,2.15,2.42,FALSE,FALSE
W14704,UP,Bahraich,Dug Well,4,2.23,0.152534149181967,2.05,2.41,FALSE,FALSE
W14705,UP,Ballia,Dug Well,4,6.52,1.01793909444524,5.68,7.77,FALSE,TRUE
W14706,UP,Ballia,Dug Well,5,5.324,0.950936380627011,4.5,6.58,FALSE,FALSE
W14707,UP,Ballia,Dug Well,5,4.348,0.617551617275835,3.84,5.3,FALSE,FALSE
W14708,UP,Ballia,Dug Well,5,8.19,0.79044291381478,7.48,9.28,TRUE,TRUE
W14709,UP,Ballia,Dug Well,5,4.584,0.617802557456668,4.13,5.55,FALSE,FALSE
W14710,UP,Ballia,Dug Well,5,4.392,0.54951797058877,3.84,5.16,FALSE,FALSE
W14711,UP,Ballia,Dug Well,5,5.942,0.680235253423402,4.91,6.61,FALSE,FALSE
W14712,UP,Ballia,Dug Well,5,3.398,0.490122433683666,2.86,4.12,FALSE,FALSE
W14713,UP,Ballia,Dug Well,4,3.2625,0.899124574238742,2.22,4.1,FALSE,FALSE
W14715,UP,Ballia,Dug Well,4,5.14,0.933202371764381,3.94,6.01,FALSE,FALSE
W14716,UP,Ballia,Dug Well,5,7.616,0.133529023062404,7.47,7.76,FALSE,TRUE
W14717,UP,Ballia,Dug Well,5,7.012,0.43367038174171,6.6,7.71,FALSE,TRUE
W14718,UP,Ballia,Dug Well,3,4.99,1.0645186705737,4.25,6.21,FALSE,FALSE
W14719,UP,Ballia,Dug Well,4,2.7975,1.17272830044587,1.09,3.72,FALSE,FALSE
W14720,UP,Ballia,Dug Well,3,2.75333333333333,0.915714657157639,2.1,3.8,FALSE,FALSE
W14721,UP,Ballia,Dug Well,5,3.906,1.02875167071553,2.13,4.63,FALSE,FALSE
W14722,UP,Balrampur,Dug Well,5,4.594,0.141527382509534,4.36,4.72,FALSE,FALSE
W14723,UP,Balrampur,Dug Well,4,4.4,0.362307420109866,4.11,4.88,FALSE,FALSE
W14724,UP,Balrampur,Dug Well,5,3.26,0.695880736908272,2.2,3.95,FALSE,FALSE
W14725,UP,Balrampur,Dug Well,5,2.912,0.93966483386365,1.66,4.05,FALSE,FALSE
W14726,UP,Balrampur,Dug Well,5,9.076,1.6809015438151,7.08,10.6,TRUE,TRUE
W14727,UP,Balrampur,Dug Well,4,8.425,1.66664333317,6.39,10.47,TRUE,TRUE
W14729,UP,Balrampur,Dug Well,5,3.62,0.279732014613987,3.28,3.96,FALSE,FALSE
W14730,UP,Balrampur,Dug Well,5,4.392,0.410694533686534,4.01,5.01,FALSE,FALSE
W14731,UP,Balrampur,Dug Well,5,5.054,0.542060882189445,4.4,5.68,FALSE,FALSE
W14732,UP,Banda,Dug Well,4,7.485,1.42019951649994,6.03,9.26,TRUE,TRUE
W14733,UP,Banda,Dug Well,5,4.506,1.25691288480944,2.75,6.15,FALSE,FALSE
W14734,UP,Banda,Dug Well,5,6.576,1.06359296725768,5.83,8.3,TRUE,TRUE
W14735,UP,Banda,Dug Well,4,7.3325,2.88361318487761,4.35,11.25,TRUE,TRUE
W14736,UP,Banda,Dug Well,5,4.944,0.74677975334097,4.1,5.9,FALSE,FALSE
W14737,UP,Banda,Dug Well,5,3.518,0.572817597495049,3.1,4.5,FALSE,FALSE
W14738,UP,Banda,Dug Well,5,20.232,2.54123395223659,17.41,23.3,FALSE,FALSE
W14739,UP,Banda,Dug Well,5,21.888,2.54670767855284,19.05,25.95,FALSE,FALSE
W14740,UP,Banda,Dug Well,4,15.3125,2.47225099858408,11.87,17.11,FALSE,FALSE
W14742,UP,Banda,Dug Well,5,14.796,3.37165834568095,10.8,17.92,FALSE,FALSE
W14743,UP,Banda,Dug Well,5,5.214,0.71272715677179,4.55,6.4,FALSE,FALSE
W14744,UP,Banda,Dug Well,5,3.64,0.56098128311023,2.77,4.15,FALSE,FALSE
W14745,UP,Banda,Dug Well,5,4.764,2.57604930077046,1.56,8.2,TRUE,FALSE
W14746,UP,Banda,Dug Well,5,12.52,1.88732615093417,9.9,14.6,FALSE,FALSE
W14747,UP,Banda,Dug Well,5,12.42,1.19037809119624,11,14.3,FALSE,FALSE
W14748,UP,Banda,Dug Well,5,25.034,1.83460622477958,22.17,26.6,FALSE,FALSE
W14749,UP,Banda,Dug Well,4,8.3475,1.08475419642731,7.07,9.72,TRUE,TRUE
W14750,UP,Bara Banki,Dug Well,5,6.664,1.38501985545334,5.63,8.59,TRUE,TRUE
W14753,UP,Bara Banki,Dug Well,3,5.29666666666667,0.577350269189626,4.63,5.63,FALSE,FALSE
W14754,UP,Bara Banki,Dug Well,5,5.136,0.302539253651489,4.78,5.44,FALSE,FALSE
W14757,UP,Bara Banki,Dug Well,5,4.104,0.159467865101405,3.96,4.29,FALSE,FALSE
W14758,UP,Bara Banki,Dug Well,5,4.996,0.273001831495688,4.7,5.37,FALSE,FALSE
W14759,UP,Bara Banki,Dug Well,5,9.48,1.0128918994641,8.32,10.85,FALSE,TRUE
W14760,UP,Bara Banki,Dug Well,5,3.944,0.278262466028029,3.7,4.3,FALSE,FALSE
W14761,UP,Bara Banki,Dug Well,5,6.69,0.633206127576163,5.82,7.59,FALSE,TRUE
W14762,UP,Bara Banki,Dug Well,5,5.518,0.611040096883993,4.95,6.37,FALSE,FALSE
W14763,UP,Bara Banki,Dug Well,5,4.692,0.435740748610914,4.27,5.22,FALSE,FALSE
W14764,UP,Bara Banki,Dug Well,5,8.17,0.251495526799186,7.97,8.59,TRUE,TRUE
W14765,UP,Bara Banki,Dug Well,5,4.158,1.00983662044907,3.06,5.11,FALSE,FALSE
W14766,UP,Bara Banki,Dug Well,5,6.1,0.594306318324145,5.15,6.6,FALSE,TRUE
W14767,UP,Bara Banki,Dug Well,5,4.7,0.255049014897137,4.43,5.04,FALSE,FALSE
W14768,UP,Bara Banki,Dug Well,5,4.352,0.316733326317267,3.99,4.79,FALSE,FALSE
W14769,UP,Bara Banki,Dug Well,5,4.872,0.923022209916966,3.9,6.38,FALSE,FALSE
W14770,UP,Bara Banki,Dug Well,5,9.788,0.940568976736953,8.83,11.03,FALSE,TRUE
W14771,UP,Bara Banki,Dug Well,5,6.584,0.770408982294469,5.46,7.35,FALSE,TRUE
W14772,UP,Bara Banki,Dug Well,5,4.918,0.637040030139394,4.34,5.7,FALSE,FALSE
W14773,UP,Bareilly,Dug Well,5,10.096,0.578558553648635,9.26,10.66,FALSE,FALSE
W14776,UP,Bareilly,Dug Well,5,4.102,0.366905982507781,3.56,4.59,FALSE,FALSE
W14777,UP,Bareilly,Dug Well,5,4.498,0.28787149911028,4.16,4.95,FALSE,FALSE
W14778,UP,Bareilly,Dug Well,5,6.406,1.81429876260775,5.2,9.6,TRUE,TRUE
W14779,UP,Bareilly,Dug Well,5,5.866,0.641856681822352,5.2,6.68,FALSE,FALSE
W14780,UP,Bareilly,Dug Well,5,4.544,0.471306694202406,3.95,5.08,FALSE,FALSE
W14781,UP,Bareilly,Dug Well,5,5.966,0.637322524315593,5.1,6.62,FALSE,FALSE
W14783,UP,Bareilly,Dug Well,5,4.628,1.64449688354828,2.09,6.02,FALSE,FALSE
W14784,UP,Bareilly,Dug Well,4,7.9075,1.97560750150428,4.95,9.06,TRUE,TRUE
W14785,UP,Basti,Dug Well,5,3.69,0.18907670401189,3.5,3.99,FALSE,FALSE
W14786,UP,Basti,Dug Well,5,3.808,0.248736808695456,3.59,4.11,FALSE,FALSE
W14787,UP,Basti,Dug Well,5,3.8,0.175071414000116,3.62,3.98,FALSE,FALSE
W14788,UP,Basti,Dug Well,5,6.436,0.274645225700357,6.06,6.71,FALSE,TRUE
W14789,UP,Basti,Dug Well,4,3.7425,0.507436367110859,3.3,4.41,FALSE,FALSE
W14790,UP,Basti,Dug Well,5,4.396,0.265480696096722,4.2,4.85,FALSE,FALSE
W14791,UP,Basti,Dug Well,5,4.088,0.418174604680868,3.63,4.56,FALSE,FALSE
W14792,UP,Basti,Dug Well,5,5.17,0.433704968844029,4.72,5.66,FALSE,FALSE
W14794,UP,Bijnor,Dug Well,5,5.202,1.18584147338504,3.8,6.48,FALSE,FALSE
W14797,UP,Bijnor,Dug Well,3,8.77666666666667,2.15230883781425,7.45,11.26,TRUE,TRUE
W14799,UP,Bijnor,Dug Well,5,11.166,0.472101683962258,10.49,11.59,FALSE,FALSE
W14800,UP,Bijnor,Dug Well,3,3.88666666666667,0.880018939190137,3.01,4.77,FALSE,FALSE
W14802,UP,Jyotiba Phule Nagar,Dug Well,4,7.4525,1.6994974747456,5.81,9.5,TRUE,TRUE
W14803,UP,Budaun,Dug Well,5,8.92,0.678785680461808,7.9,9.5,TRUE,TRUE
W14804,UP,Budaun,Dug Well,5,8.266,0.215127868952398,8.02,8.55,FALSE,TRUE
W14806,UP,Budaun,Dug Well,5,6.058,0.837657447886665,5.06,7.37,FALSE,TRUE
W14807,UP,Budaun,Dug Well,5,3.988,0.217071416819442,3.76,4.24,FALSE,FALSE
W14808,UP,Budaun,Dug Well,4,4.6375,1.01509851738637,3.58,5.74,FALSE,FALSE
W14809,UP,Budaun,Dug Well,5,9.668,1.2307396150283,8.01,10.55,FALSE,TRUE
W14810,UP,Budaun,Dug Well,4,10.375,0.329999999999999,9.88,10.54,FALSE,FALSE
W14811,UP,Budaun,Dug Well,5,6.876,0.714513820720075,5.62,7.4,FALSE,TRUE
W14812,UP,Budaun,Dug Well,5,7.242,0.577078850764781,6.33,7.9,FALSE,TRUE
W14814,UP,Budaun,Dug Well,5,11.272,1.65377447071842,8.48,12.5,FALSE,FALSE
W14815,UP,Budaun,Dug Well,5,12.664,0.104307238483243,12.54,12.83,FALSE,FALSE
W14816,UP,Budaun,Dug Well,5,3.276,0.178689675135415,3.02,3.52,FALSE,FALSE
W14817,UP,Bulandshahr,Dug Well,5,8.918,0.397517295221227,8.47,9.24,FALSE,TRUE
W14820,UP,Bulandshahr,Dug Well,5,6.558,1.7738432850734,5.39,9.69,TRUE,TRUE
W14821,UP,Bulandshahr,Dug Well,5,5.79,1.14227842490349,4.36,6.7,FALSE,FALSE
W14824,UP,Bulandshahr,Dug Well,5,3.9,0.521296460759135,3.24,4.49,FALSE,FALSE
W14826,UP,Bulandshahr,Dug Well,5,4.92,0.611800621117697,4.31,5.84,FALSE,FALSE
W14827,UP,Bulandshahr,Dug Well,5,10.574,1.25892017221109,9.1,11.9,FALSE,FALSE
W14828,UP,Bulandshahr,Dug Well,5,8.81,1.49095606910465,7.12,10.49,TRUE,TRUE
W14830,UP,Chandauli,Dug Well,4,7.8325,0.46089586676385,7.37,8.3,TRUE,TRUE
W14831,UP,Chandauli,Dug Well,4,6.7025,1.81531218619094,4.26,8.25,TRUE,TRUE
W14832,UP,Chandauli,Dug Well,5,5.392,1.48777350426737,4.41,8,FALSE,FALSE
W14833,UP,Chandauli,Dug Well,5,4.926,0.536917125821108,4.46,5.68,FALSE,FALSE
W14834,UP,Chandauli,Dug Well,5,7.062,0.665559914658327,6.19,7.77,FALSE,TRUE
W14835,UP,Chandauli,Dug Well,5,2.992,0.301114596125794,2.64,3.35,FALSE,FALSE
W14836,UP,Chandauli,Dug Well,4,3.765,1.18957975772959,2.5,5.37,FALSE,FALSE
W14837,UP,Chandauli,Dug Well,5,17.036,3.63606655604652,14.1,23.05,FALSE,FALSE
W14838,UP,Chitrakoot,Dug Well,4,6.34,1.04661358676448,5.15,7.7,FALSE,TRUE
W14839,UP,Chitrakoot,Dug Well,5,6.632,0.649899992306509,5.8,7.6,FALSE,TRUE
W14840,UP,Chitrakoot,Dug Well,5,6.484,0.788847260247508,5.52,7.4,FALSE,TRUE
W14841,UP,Chitrakoot,Dug Well,5,7.882,1.68238521153748,6.6,10.7,TRUE,TRUE
W14842,UP,Chitrakoot,Dug Well,5,15.73,1.6231142904922,13.4,17.7,FALSE,FALSE
W14843,UP,Chitrakoot,Dug Well,4,12.3075,1.30200806449115,10.65,13.83,FALSE,FALSE
W14844,UP,Chitrakoot,Dug Well,5,13.758,2.36738674491516,10.53,15.71,FALSE,FALSE
W14845,UP,Deoria,Dug Well,4,7.2,0,7.2,7.2,FALSE,TRUE
W14846,UP,Deoria,Dug Well,4,4.035,0.228983259941275,3.73,4.28,FALSE,FALSE
W14847,UP,Deoria,Dug Well,5,4.032,0.158808060248843,3.81,4.19,FALSE,FALSE
W14848,UP,Deoria,Dug Well,4,4.115,0.849882344798384,3.53,5.35,FALSE,FALSE
W14849,UP,Deoria,Dug Well,5,2.64,0.127867118525444,2.48,2.82,FALSE,FALSE
W14851,UP,Deoria,Dug Well,5,3.414,0.161647765218081,3.21,3.59,FALSE,FALSE
W14852,UP,Deoria,Dug Well,5,3.97,0.241453929352993,3.69,4.2,FALSE,FALSE
W14853,UP,Etah,Dug Well,4,5.6625,0.394493345951488,5.25,6.2,FALSE,FALSE
W14855,UP,Etah,Dug Well,3,7.33333333333333,0.305995642670501,6.98,7.51,FALSE,TRUE
W14856,UP,Etah,Dug Well,3,9.78333333333333,0.981495457622363,8.65,10.35,FALSE,TRUE
W14858,UP,Etah,Dug Well,5,6.988,0.841736300749825,6.02,7.9,FALSE,TRUE
W14859,UP,Etah,Dug Well,4,3.7775,0.379945171483115,3.45,4.15,FALSE,FALSE
W14860,UP,Etah,Dug Well,3,9.20666666666667,0.786532474430226,8.45,10.02,FALSE,TRUE
W14861,UP,Etah,Dug Well,5,5.624,0.739547158739725,4.46,6.44,FALSE,FALSE
W14863,UP,Etah,Dug Well,5,4.248,1.14392744525166,2.22,4.97,FALSE,FALSE
W14864,UP,Etawah,Dug Well,5,30.452,0.929849450179973,29.73,32.01,FALSE,FALSE
W14865,UP,Etawah,Dug Well,5,13.49,0.860348766489498,12.48,14.68,FALSE,FALSE
W14866,UP,Etawah,Dug Well,5,35.582,1.29873784883632,34.39,37.81,FALSE,FALSE
W14867,UP,Etawah,Dug Well,5,3.742,3.15262906159288,1.75,9.3,TRUE,FALSE
W14870,UP,Etawah,Dug Well,5,34.882,2.77206962394526,30.11,37.1,FALSE,FALSE
W14873,UP,Etawah,Dug Well,5,4.596,0.714968530776006,3.93,5.69,FALSE,FALSE
W14876,UP,Etawah,Dug Well,4,3.6125,2.9418517411091,1.77,8,FALSE,FALSE
W14879,UP,Faizabad,Dug Well,3,7.37,0,7.37,7.37,FALSE,TRUE
W14880,UP,Faizabad,Dug Well,4,6.3775,0.583859286700714,5.77,7.1,FALSE,TRUE
W14882,UP,Faizabad,Dug Well,5,7.612,0.78925281120817,6.86,8.6,TRUE,TRUE
W14883,UP,Faizabad,Dug Well,5,3.884,0.274463112275584,3.41,4.1,FALSE,FALSE
W14884,UP,Faizabad,Dug Well,5,3.238,0.0683373982530795,3.15,3.3,FALSE,FALSE
W14885,UP,Faizabad,Dug Well,5,4.34,0.404907396820557,3.9,4.85,FALSE,FALSE
W14889,UP,Farrukhabad,Dug Well,5,10.02,0.839613006092688,9.41,11.44,FALSE,FALSE
W14890,UP,Farrukhabad,Dug Well,4,9.8775,0.827460975917696,9.3,11.1,FALSE,TRUE
W14891,UP,Farrukhabad,Dug Well,3,10.02,0,10.02,10.02,FALSE,FALSE
W14892,UP,Fatehpur,Dug Well,3,9.73333333333333,0.635085296108588,9,10.1,FALSE,TRUE
W14894,UP,Fatehpur,Dug Well,4,17.2575,0.540084869873862,16.57,17.88,FALSE,FALSE
W14895,UP,Fatehpur,Dug Well,4,16.1225,1.41436381458237,14.5,17.75,FALSE,FALSE
W14896,UP,Fatehpur,Dug Well,5,6.276,4.03087211407159,3.59,13.2,TRUE,TRUE
W14897,UP,Fatehpur,Dug Well,4,20.4225,1.89884833517582,17.68,21.79,FALSE,FALSE
W14898,UP,Fatehpur,Dug Well,4,6.4225,1.58489484404066,4.64,8.41,TRUE,TRUE
W14899,UP,Fatehpur,Dug Well,4,8.425,1.87297446147387,6.69,11,TRUE,TRUE
W14900,UP,Fatehpur,Dug Well,4,7.685,1.29996153789256,6.56,9.56,TRUE,TRUE
W14901,UP,Fatehpur,Dug Well,4,4.03,0.646735391537116,3.1,4.6,FALSE,FALSE
W14902,UP,Fatehpur,Dug Well,4,6.6425,1.50522146764742,5.27,8.68,TRUE,TRUE
W14903,UP,Fatehpur,Dug Well,4,12.16,1.32,10.18,12.82,FALSE,FALSE
W14905,UP,Fatehpur,Dug Well,4,14.245,2.08023235881636,11.53,16.38,FALSE,FALSE
W14906,UP,Fatehpur,Dug Well,3,19.97,0.753458691634783,19.16,20.65,FALSE,FALSE
W14907,UP,Fatehpur,Dug Well,4,13.2425,1.08794531112552,12.27,14.64,FALSE,FALSE
W14908,UP,Fatehpur,Dug Well,4,17.805,1.73446437457408,15.83,19.35,FALSE,FALSE
W14910,UP,Fatehpur,Dug Well,4,7.6725,1.26747452308386,6.12,9.11,TRUE,TRUE
W14911,UP,Fatehpur,Dug Well,4,12.9775,5.99544479862281,5.4,18.41,TRUE,FALSE
W14912,UP,Fatehpur,Dug Well,4,10.695,1.46199635202463,8.8,12.2,FALSE,FALSE
W14913,UP,Fatehpur,Dug Well,4,9.7275,3.12003605748395,5.07,11.7,TRUE,TRUE
W14914,UP,Fatehpur,Dug Well,5,12.472,3.38212507160809,8.87,17.97,FALSE,FALSE
W14915,UP,Fatehpur,Dug Well,5,10.378,1.2027967409334,8.92,12.2,FALSE,FALSE
W14917,UP,Fatehpur,Dug Well,3,6.26666666666667,2.24130170511097,4.84,8.85,TRUE,TRUE
W14918,UP,Fatehpur,Dug Well,5,7.318,1.21046272144168,6.12,9.2,TRUE,TRUE
W14919,UP,Fatehpur,Dug Well,4,12.7625,1.39323065809889,11.26,14.42,FALSE,FALSE
W14920,UP,Fatehpur,Dug Well,4,11.49,1.37137400685104,10.32,13.46,FALSE,FALSE
W14925,UP,Gautam Buddha Nagar,Dug Well,5,6.778,0.262335662844379,6.54,7.18,FALSE,TRUE
W14926,UP,Gautam Buddha Nagar,Dug Well,5,15.24,0.446150198924085,14.61,15.8,FALSE,FALSE
W14929,UP,Gautam Buddha Nagar,Dug Well,3,13.9966666666667,0.416333199893227,13.53,14.33,FALSE,FALSE
W14931,UP,Ghaziabad,Dug Well,4,3.06,0.422137418384109,2.45,3.38,FALSE,FALSE
W14932,UP,Ghaziabad,Dug Well,5,10.816,0.338348932316921,10.27,11.14,FALSE,FALSE
W14950,UP,Gonda,Dug Well,5,4.132,0.80229047108887,3.03,5.03,FALSE,FALSE
W14951,UP,Gonda,Dug Well,5,4.192,0.395689272030466,3.7,4.65,FALSE,FALSE
W14952,UP,Gonda,Dug Well,5,5.692,0.753604670898476,4.8,6.67,FALSE,FALSE
W14953,UP,Gonda,Dug Well,5,6.932,0.577382022581237,6.21,7.6,FALSE,TRUE
W14954,UP,Gonda,Dug Well,5,3.984,0.479874983719719,3.48,4.58,FALSE,FALSE
W14955,UP,Gonda,Dug Well,4,3.9325,0.37187587534911,3.49,4.25,FALSE,FALSE
W14956,UP,Gonda,Dug Well,5,3.538,0.530678810581316,2.73,4.1,FALSE,FALSE
W14958,UP,Gonda,Dug Well,5,3.264,0.363359326287354,2.89,3.7,FALSE,FALSE
W14959,UP,Gorakhpur,Dug Well,5,3.056,0.238075618239248,2.67,3.23,FALSE,FALSE
W14960,UP,Gorakhpur,Dug Well,4,3.645,0.140118997046558,3.55,3.85,FALSE,FALSE
W14961,UP,Gorakhpur,Dug Well,3,6.93,0,6.93,6.93,FALSE,TRUE
W14962,UP,Gorakhpur,Dug Well,5,5.13,0.327643098508118,4.75,5.65,FALSE,FALSE
W14963,UP,Gorakhpur,Dug Well,5,7.226,0.326772091831601,6.82,7.58,FALSE,TRUE
W14964,UP,Gorakhpur,Dug Well,5,6.628,0.41799521528362,6.2,7.12,FALSE,TRUE
W14965,UP,Gorakhpur,Dug Well,5,4.02,0.210594396886527,3.73,4.32,FALSE,FALSE
W14966,UP,Hamirpur,Dug Well,5,11.734,2.14118658691857,8.93,14.3,FALSE,FALSE
W14967,UP,Hamirpur,Dug Well,4,18.8375,2.53970306663332,15.11,20.75,FALSE,FALSE
W14969,UP,Hamirpur,Dug Well,5,7.502,0.902646110056428,6.7,9.05,TRUE,TRUE
W14970,UP,Hamirpur,Dug Well,3,14.5333333333333,2.11901706773054,12.23,16.4,FALSE,FALSE
W14971,UP,Hamirpur,Dug Well,5,4.424,1.65770323037629,1.77,6.05,FALSE,FALSE
W14972,UP,Hamirpur,Dug Well,5,13.564,3.55699732920901,9.23,17.78,FALSE,FALSE
W14973,UP,Hamirpur,Dug Well,5,12.116,2.5619582354129,8.65,14.56,FALSE,FALSE
W14974,UP,Hamirpur,Dug Well,4,5.05,0.88540009788419,4.05,6.2,FALSE,FALSE
W14975,UP,Hamirpur,Dug Well,3,7.23666666666667,1.23573190188379,6.36,8.65,TRUE,TRUE
W14976,UP,Hamirpur,Dug Well,3,28.9033333333333,0.954375886814694,27.82,29.62,FALSE,FALSE
W14980,UP,Hamirpur,Dug Well,5,7.974,1.20622551788627,6.42,9.52,TRUE,TRUE
W14981,UP,Hardoi,Dug Well,5,3.8,0.338082830087539,3.2,4.01,FALSE,FALSE
W14982,UP,Hardoi,Dug Well,5,4.182,0.280481728460162,3.95,4.65,FALSE,FALSE
W14983,UP,Hardoi,Dug Well,5,4.396,0.419201622134266,3.92,4.91,FALSE,FALSE
W14984,UP,Hardoi,Dug Well,5,4.954,0.765591274767418,4,5.98,FALSE,FALSE
W14985,UP,Hardoi,Dug Well,4,1.745,0.42414620120897,1.12,2.06,FALSE,FALSE
W14986,UP,Hardoi,Dug Well,5,6.282,0.718936714878299,5.45,7.26,FALSE,TRUE
W14987,UP,Hardoi,Dug Well,4,3.6775,0.318891308546763,3.23,3.93,FALSE,FALSE
W14988,UP,Hardoi,Dug Well,5,5.406,1.26302414862108,3.17,6.16,FALSE,FALSE
W14989,UP,Hardoi,Dug Well,5,5.786,1.82896965529776,2.55,7.03,FALSE,FALSE
W14990,UP,Hardoi,Dug Well,3,7.91666666666667,1.29067165976996,7.05,9.4,TRUE,TRUE
W14992,UP,Hardoi,Dug Well,5,3.256,0.418365868588727,2.58,3.69,FALSE,FALSE
W14993,UP,Hardoi,Dug Well,5,4.394,0.580456716732609,3.8,5.15,FALSE,FALSE
W14994,UP,Hardoi,Dug Well,3,2.40333333333333,0.467582434799826,1.91,2.84,FALSE,FALSE
W14995,UP,Hardoi,Dug Well,4,3.7075,0.588918500303735,3.13,4.53,FALSE,FALSE
W14996,UP,Hardoi,Dug Well,5,5.416,0.120124934963562,5.28,5.58,FALSE,FALSE
W14997,UP,Hardoi,Dug Well,5,4.03,0.565420197729087,3.31,4.84,FALSE,FALSE
W14998,UP,Hardoi,Dug Well,4,2.8925,0.399030074054576,2.42,3.35,FALSE,FALSE
W14999,UP,Mahamaya Nagar,Dug Well,3,7.07,2.52928843748593,5.4,9.98,TRUE,TRUE
W15000,UP,Mahamaya Nagar,Dug Well,5,13.342,1.18729524550551,11.55,14.2,FALSE,FALSE
W15001,UP,Mahamaya Nagar,Dug Well,5,11.89,1.6060199251566,10.22,14.32,FALSE,FALSE
W15004,UP,Aligarh,Dug Well,5,5.722,1.49775498663834,4.17,7.59,FALSE,FALSE
W15005,UP,Mahamaya Nagar,Dug Well,5,8.322,1.06038672190857,6.5,9.14,TRUE,TRUE
W15006,UP,Mahamaya Nagar,Dug Well,5,6.348,1.29070523358356,4.55,7.53,FALSE,TRUE
W15009,UP,Jalaun,Dug Well,5,7.378,0.738830156395907,6.64,8.47,TRUE,TRUE
W15010,UP,Jalaun,Dug Well,5,3.232,0.657662527440936,2.53,3.98,FALSE,FALSE
W15011,UP,Jalaun,Dug Well,4,4.9625,4.22701924134095,0.75,8.69,TRUE,FALSE
W15012,UP,Jalaun,Dug Well,5,4.598,0.658763994158758,3.55,5.18,FALSE,FALSE
W15013,UP,Jalaun,Dug Well,5,2.622,0.378906320876282,2.1,3.12,FALSE,FALSE
W15014,UP,Jalaun,Dug Well,4,19.15,1.27454567068688,17.86,20.77,FALSE,FALSE
W15015,UP,Jalaun,Dug Well,5,8.946,0.67262916975106,8.37,10.03,FALSE,TRUE
W15016,UP,Jalaun,Dug Well,5,3.932,0.543295499705271,3.34,4.45,FALSE,FALSE
W15017,UP,Jalaun,Dug Well,5,6.762,0.480072911129133,6.25,7.54,FALSE,TRUE
W15018,UP,Jalaun,Dug Well,5,4.81,1.397300969727,3.48,6.55,FALSE,FALSE
W15019,UP,Jalaun,Dug Well,5,20.884,0.802888535227649,20.14,22.07,FALSE,FALSE
W15020,UP,Jalaun,Dug Well,5,8.44,0.988256039698215,7.34,9.62,TRUE,TRUE
W15021,UP,Jalaun,Dug Well,5,18.824,0.580241329103675,18.14,19.57,FALSE,FALSE
W15022,UP,Kanpur Dehat,Dug Well,5,19.79,0.408350339781908,19.45,20.45,FALSE,FALSE
W15023,UP,Jalaun,Dug Well,4,4.8475,0.183371208208922,4.73,5.12,FALSE,FALSE
W15024,UP,Jalaun,Dug Well,3,5.44666666666667,8.03156481224757,0.71,14.72,TRUE,FALSE
W15025,UP,Jalaun,Dug Well,5,7.818,0.691895945934069,6.95,8.68,TRUE,TRUE
W15026,UP,Jalaun,Dug Well,5,5.904,0.923731562738873,5.15,7.25,FALSE,FALSE
W15027,UP,Jalaun,Dug Well,5,4.26,0.995213544923902,2.73,5.36,FALSE,FALSE
W15029,UP,Jaunpur,Dug Well,5,6.634,2.14003037361623,2.92,8.06,TRUE,TRUE
W15030,UP,Jaunpur,Dug Well,4,7.06,1.47311461423294,5.17,8.73,TRUE,TRUE
W15032,UP,Jaunpur,Dug Well,3,11.3433333333333,0.218250620464945,11.15,11.58,FALSE,FALSE
W15033,UP,Jaunpur,Dug Well,5,6.198,0.676513118867624,5.18,6.85,FALSE,TRUE
W15034,UP,Jaunpur,Dug Well,5,6.808,0.548698459994194,6.07,7.5,FALSE,TRUE
W15035,UP,Jaunpur,Dug Well,4,4.7275,0.216852484422015,4.45,4.9,FALSE,FALSE
W15036,UP,Jaunpur,Dug Well,5,8.746,1.27392307460066,6.82,10.4,TRUE,TRUE
W15038,UP,Jaunpur,Dug Well,4,10.76,1.92086785941494,8.85,13.39,FALSE,FALSE
W15039,UP,Jaunpur,Dug Well,4,5.1325,0.596845876252823,4.64,5.92,FALSE,FALSE
W15042,UP,Jaunpur,Dug Well,5,4.396,0.394753087385014,3.92,4.98,FALSE,FALSE
W15043,UP,Jaunpur,Dug Well,5,4.822,0.693159433319637,3.65,5.5,FALSE,FALSE
W15045,UP,Jaunpur,Dug Well,5,3.842,0.422042651873007,3.36,4.46,FALSE,FALSE
W15046,UP,Jaunpur,Dug Well,4,4.1375,1.21162081527184,3.26,5.89,FALSE,FALSE
W15047,UP,Jaunpur,Dug Well,5,9.662,2.35676048846717,7.04,13.2,TRUE,TRUE
W15048,UP,Jaunpur,Dug Well,4,10.3575,6.55064055392041,3.42,16.69,TRUE,FALSE
W15050,UP,Jaunpur,Dug Well,3,6.37,1.6777067681809,4.64,7.99,FALSE,TRUE
W15051,UP,Jaunpur,Dug Well,4,7.6875,1.76777402402004,5.44,9.1,TRUE,TRUE
W15053,UP,Jaunpur,Dug Well,5,7.772,2.53958067404838,3.43,9.72,TRUE,TRUE
W15054,UP,Jaunpur,Dug Well,4,6.84,1.46912672473593,5.77,9.01,TRUE,TRUE
W15055,UP,Jaunpur,Dug Well,5,7.092,0.991599717628036,5.56,7.93,FALSE,TRUE
W15056,UP,Jhansi,Dug Well,5,5.776,0.726381442494231,5.16,6.96,FALSE,FALSE
W15057,UP,Jhansi,Dug Well,5,7.67,1.13349018522438,6.61,9.6,TRUE,TRUE
W15058,UP,Jhansi,Dug Well,5,4.226,1.48181645287127,1.76,5.72,FALSE,FALSE
W15059,UP,Jhansi,Dug Well,5,12.374,2.64105660673905,9.59,16.24,FALSE,FALSE
W15061,UP,Jhansi,Dug Well,5,17.23,0.318982758154732,16.95,17.73,FALSE,FALSE
W15062,UP,Jhansi,Dug Well,5,3.89,0.253673017879317,3.52,4.15,FALSE,FALSE
W15063,UP,Jhansi,Dug Well,5,10.26,0.22494443758404,9.93,10.53,FALSE,FALSE
W15064,UP,Jhansi,Dug Well,4,8.09,0.214165045389454,7.89,8.33,TRUE,TRUE
W15065,UP,Jhansi,Dug Well,5,9.042,1.09989544957691,7.86,10.57,TRUE,TRUE
W15066,UP,Jhansi,Dug Well,5,7.396,0.352107937996291,7.09,7.98,FALSE,TRUE
W15067,UP,Jhansi,Dug Well,4,6.63,0.877382470761754,5.57,7.46,FALSE,TRUE
W15068,UP,Jhansi,Dug Well,5,5.118,1.8023512421279,2.45,6.8,FALSE,FALSE
W15070,UP,Moradabad,Dug Well,4,7.0825,0.482933742867487,6.6,7.6,FALSE,TRUE
W15072,UP,Kannauj,Dug Well,5,4.54,1.72500724636159,2.52,7.14,FALSE,FALSE
W15075,UP,Kannauj,Dug Well,5,7.84,1.47939176690963,6.18,9.4,TRUE,TRUE
W15076,UP,Kanpur Dehat,Dug Well,5,6.502,0.701868933633624,5.7,7.6,FALSE,TRUE
W15077,UP,Kanpur Dehat,Dug Well,3,11.3433333333333,0.903677671149029,10.3,11.88,FALSE,FALSE
W15078,UP,Kanpur Dehat,Dug Well,3,4.76666666666667,0.355293306063221,4.5,5.17,FALSE,FALSE
W15079,UP,Kanpur Dehat,Dug Well,4,3.46,0.261916017074176,3.19,3.81,FALSE,FALSE
W15080,UP,Kanpur Dehat,Dug Well,4,4.8575,1.13840165729558,4.08,6.55,FALSE,FALSE
W15082,UP,Kanpur Dehat,Dug Well,4,5.45,0.38841558499456,4.95,5.89,FALSE,FALSE
W15083,UP,Kanpur Dehat,Dug Well,5,5.272,0.811276771515122,4.33,6.34,FALSE,FALSE
W15084,UP,Kanpur Dehat,Dug Well,5,5.954,0.685441463583871,5.23,6.77,FALSE,FALSE
W15085,UP,Kanpur Nagar,Dug Well,4,14.5025,1.07027644403989,13.22,15.41,FALSE,FALSE
W15087,UP,Kanpur Nagar,Dug Well,5,10.77,1.69696788419817,8.9,12.62,FALSE,FALSE
W15088,UP,Kanpur Nagar,Dug Well,4,18.02,5.96,9.08,21,FALSE,FALSE
W15089,UP,Kanpur Nagar,Dug Well,3,26.57,1.64848415218345,25.52,28.47,FALSE,FALSE
W15090,UP,Kanpur Nagar,Dug Well,4,15.225,1.50436032917649,13.85,16.62,FALSE,FALSE
W15091,UP,Kanpur Nagar,Dug Well,4,12.2625,4.17944473983487,7.1,15.88,TRUE,FALSE
W15092,UP,Kanpur Nagar,Dug Well,5,15.61,1.11563883044648,14.91,17.58,FALSE,FALSE
W15093,UP,Kanpur Nagar,Dug Well,5,6.562,0.744291609518742,5.55,7.58,FALSE,TRUE
W15094,UP,Kanpur Nagar,Dug Well,5,3.502,0.332370275445925,3.1,3.77,FALSE,FALSE
W15095,UP,Kaushambi,Dug Well,4,10.645,2.57584290411249,8.08,14.03,FALSE,FALSE
W15096,UP,Kaushambi,Dug Well,5,17.112,1.15372007003432,15.35,18.5,FALSE,FALSE
W15097,UP,Kaushambi,Dug Well,4,20.4025,2.35707976106028,18.59,23.8,FALSE,FALSE
W15098,UP,Kaushambi,Dug Well,4,13.345,3.31,8.38,15,FALSE,FALSE
W15099,UP,Kaushambi,Dug Well,5,14.48,1.66030117749762,12.4,16.72,FALSE,FALSE
W15100,UP,Kaushambi,Dug Well,5,5.11,0.567934855419176,4.45,5.75,FALSE,FALSE
W15102,UP,Kaushambi,Dug Well,5,11.418,1.41188526446025,9.2,13.05,FALSE,FALSE
W15103,UP,Kheri,Dug Well,4,3.805,0.292859465728302,3.41,4.06,FALSE,FALSE
W15104,UP,Kheri,Dug Well,4,3.825,0.409267638593623,3.45,4.4,FALSE,FALSE
W15105,UP,Kheri,Dug Well,5,6.052,0.855523231712617,4.91,6.89,FALSE,TRUE
W15106,UP,Kheri,Dug Well,5,4.536,0.236389509073479,4.27,4.86,FALSE,FALSE
W15107,UP,Kheri,Dug Well,5,6.42,1.10093142384074,5.49,8.26,TRUE,TRUE
W15108,UP,Kheri,Dug Well,5,4.798,0.632747975105413,3.96,5.58,FALSE,FALSE
W15109,UP,Kheri,Dug Well,4,3.9725,0.86727062289307,2.92,5.01,FALSE,FALSE
W15110,UP,Kheri,Dug Well,5,3.266,2.2661597472376,1.91,7.3,FALSE,FALSE
W15111,UP,Kheri,Dug Well,5,2.55,0.309273341883842,2.05,2.87,FALSE,FALSE
W15112,UP,Kheri,Dug Well,4,4.2575,0.167605688049859,4.09,4.43,FALSE,FALSE
W15113,UP,Kheri,Dug Well,5,10.28,0.414728827066554,9.81,10.86,FALSE,FALSE
W15114,UP,Kheri,Dug Well,3,3.75666666666667,0.0513160143944687,3.7,3.8,FALSE,FALSE
W15116,UP,Kushinagar,Dug Well,4,5.78,0,5.78,5.78,FALSE,FALSE
W15117,UP,Kushinagar,Dug Well,5,2.362,0.185795586599897,2.14,2.56,FALSE,FALSE
W15122,UP,Kushinagar,Dug Well,5,2.446,0.26801119379608,2.15,2.85,FALSE,FALSE
W15123,UP,Kushinagar,Dug Well,5,3.164,0.27509998182479,2.75,3.47,FALSE,FALSE
W15124,UP,Kushinagar,Dug Well,3,3.96,1.96664689255596,2.77,6.23,FALSE,FALSE
W15125,UP,Kushinagar,Dug Well,5,5.182,0.339367057918119,4.79,5.68,FALSE,FALSE
W15126,UP,Kushinagar,Dug Well,5,3.626,0.153720525630119,3.44,3.83,FALSE,FALSE
W15127,UP,Lalitpur,Dug Well,5,8.772,0.296513068851948,8.34,9.16,FALSE,TRUE
W15129,UP,Lalitpur,Dug Well,5,4.968,1.67930640444202,3.17,6.72,FALSE,FALSE
W15130,UP,Lalitpur,Dug Well,4,8.8275,1.76641586270051,7.1,10.52,TRUE,TRUE
W15131,UP,Lalitpur,Dug Well,5,6.14,0.551679254639868,5.7,7.04,FALSE,TRUE
W15132,UP,Lalitpur,Dug Well,5,5.762,0.910010988944639,4.6,7.1,FALSE,FALSE
W15133,UP,Lalitpur,Dug Well,5,10.376,0.927162337457686,9.54,11.77,FALSE,FALSE
W15135,UP,Lalitpur,Dug Well,5,6.102,0.673661636134937,5.44,7.02,FALSE,TRUE
W15137,UP,Lalitpur,Dug Well,4,5.8225,0.483002760516611,5.17,6.33,FALSE,FALSE
W15138,UP,Lucknow,Dug Well,5,10.142,0.318622033136442,9.66,10.41,FALSE,FALSE
W15139,UP,Lucknow,Dug Well,3,10.8333333333333,0.340342964277702,10.45,11.1,FALSE,FALSE
W15140,UP,Lucknow,Dug Well,5,6.492,0.35095583767762,6.02,6.91,FALSE,TRUE
W15141,UP,Lucknow,Dug Well,5,6.402,1.70332615784529,4.35,7.98,FALSE,TRUE
W15143,UP,Lucknow,Dug Well,5,11.312,0.485149461506452,10.62,11.82,FALSE,FALSE
W15144,UP,Lucknow,Dug Well,4,3.9725,0.48479377058704,3.5,4.6,FALSE,FALSE
W15145,UP,Lucknow,Dug Well,5,4.25,1.3346535130887,3.34,6.6,FALSE,FALSE
W15146,UP,Lucknow,Dug Well,5,3.716,0.607231422111867,3.23,4.7,FALSE,FALSE
W15148,UP,Lucknow,Dug Well,4,13.9625,0.0250000000000004,13.95,14,FALSE,FALSE
W15149,UP,Lucknow,Dug Well,5,8.652,0.00447213595499948,8.65,8.66,FALSE,TRUE
W15150,UP,Lucknow,Dug Well,4,8.2875,0.225,7.95,8.4,TRUE,TRUE
W15151,UP,Lucknow,Dug Well,4,12.7,0,12.7,12.7,FALSE,FALSE
W15155,UP,Lucknow,Dug Well,5,6.476,0.850341108026655,5.87,7.97,FALSE,TRUE
W15156,UP,Mahoba,Dug Well,5,5.93,3.60998614955792,2.7,12.15,TRUE,FALSE
W15157,UP,Mahoba,Dug Well,4,5.035,1.01985293057382,3.58,5.8,FALSE,FALSE
W15158,UP,Mahoba,Dug Well,5,5.648,1.67293753619195,3.15,7.74,FALSE,FALSE
W15159,UP,Mahoba,Dug Well,5,3.17,0.932040771640383,1.88,3.93,FALSE,FALSE
W15160,UP,Mahoba,Dug Well,5,5.124,2.13378302552064,2.34,7.7,FALSE,FALSE
W15161,UP,Mahoba,Dug Well,5,3.772,0.621908353376926,3.04,4.55,FALSE,FALSE
W15165,UP,Gorakhpur,Dug Well,5,3.546,0.276369318123413,3.14,3.89,FALSE,FALSE
W15166,UP,Maharajganj,Dug Well,4,3.8425,0.303795435559303,3.5,4.21,FALSE,FALSE
W15168,UP,Maharajganj,Dug Well,5,4.192,0.334170615105518,3.8,4.54,FALSE,FALSE
W15171,UP,Mainpuri,Dug Well,4,3.4425,0.333504122913046,3.1,3.9,FALSE,FALSE
W15173,UP,Mainpuri,Dug Well,5,5.072,0.320811471116605,4.6,5.4,FALSE,FALSE
W15174,UP,Mathura,Dug Well,5,3.808,2.62876777217007,0.71,6.63,FALSE,FALSE
W15175,UP,Mathura,Dug Well,3,9.78666666666667,0.296704117486316,9.45,10.01,FALSE,TRUE
W15177,UP,Mathura,Dug Well,3,6.26666666666667,1.57242911869926,5.28,8.08,TRUE,TRUE
W15178,UP,Mathura,Dug Well,5,5.318,3.26913138310469,2.7,10.83,TRUE,FALSE
W15179,UP,Mathura,Dug Well,5,2.356,0.990267640590159,0.67,3.08,FALSE,FALSE
W15180,UP,Mathura,Dug Well,5,12.658,1.09193406394342,11.29,13.75,FALSE,FALSE
W15181,UP,Mathura,Dug Well,5,3.094,1.44295876586963,2.06,5.63,FALSE,FALSE
W15182,UP,Mathura,Dug Well,5,4.464,0.289706748281776,4.2,4.9,FALSE,FALSE
W15183,UP,Mathura,Dug Well,5,5.594,1.04944270925096,4.15,7.1,FALSE,FALSE
W15184,UP,Mathura,Dug Well,5,3.96,0.604524606612502,3.37,4.95,FALSE,FALSE
W15185,UP,Mau,Dug Well,5,5.594,0.755632185656487,4.26,6.06,FALSE,FALSE
W15186,UP,Mau,Dug Well,5,6.396,0.993116307388011,5.4,7.68,FALSE,TRUE
W15187,UP,Mau,Dug Well,5,5.182,0.349671274199068,4.75,5.61,FALSE,FALSE
W15188,UP,Mau,Dug Well,5,3.842,0.828082121531434,2.54,4.71,FALSE,FALSE
W15189,UP,Mau,Dug Well,4,4.665,1.34831994224912,3.62,6.64,FALSE,FALSE
W15190,UP,Mau,Dug Well,4,4.91,0.340881210981186,4.65,5.4,FALSE,FALSE
W15191,UP,Mau,Dug Well,5,3.79,0.873212459828649,2.86,5.12,FALSE,FALSE
W15192,UP,Mau,Dug Well,4,4.57,0.839523674472614,3.33,5.19,FALSE,FALSE
W15194,UP,Mau,Dug Well,5,4.132,1.01512068248066,3.42,5.92,FALSE,FALSE
W15195,UP,Meerut,Dug Well,4,4.4,0,4.4,4.4,FALSE,FALSE
W15196,UP,Meerut,Dug Well,4,5.25,0,5.25,5.25,FALSE,FALSE
W15197,UP,Meerut,Dug Well,4,8.3325,1.92366620458609,6.39,10.54,TRUE,TRUE
W15198,UP,Meerut,Dug Well,5,5.786,0.534583950376365,5.05,6.34,FALSE,FALSE
W15199,UP,Meerut,Dug Well,5,12.128,0.368062494693496,11.59,12.56,FALSE,FALSE
W15200,UP,Mirzapur,Dug Well,5,13.122,1.09074286612382,11.58,14.2,FALSE,FALSE
W15201,UP,Mirzapur,Dug Well,5,9.59,2.13062197491718,6.27,11.76,TRUE,TRUE
W15202,UP,Mirzapur,Dug Well,4,7.3225,1.53452218404731,5.43,8.96,TRUE,TRUE
W15203,UP,Mirzapur,Dug Well,5,4.976,2.70968263824382,0.43,6.95,FALSE,FALSE
W15204,UP,Mirzapur,Dug Well,5,8.454,5.7555216965971,1.5,17.22,TRUE,TRUE
W15205,UP,Mirzapur,Dug Well,3,10.12,2.79762399189026,7.55,13.1,TRUE,FALSE
W15206,UP,Mirzapur,Dug Well,5,12.734,2.27116269782682,9,14.98,FALSE,FALSE
W15207,UP,Mirzapur,Dug Well,5,5.832,2.91555655064346,2.07,9.9,TRUE,FALSE
W15208,UP,Mirzapur,Dug Well,5,3.984,1.71938361048371,1.78,6.35,FALSE,FALSE
W15209,UP,Mirzapur,Dug Well,5,8.856,0.937619325739396,7.75,10.33,TRUE,TRUE
W15210,UP,Mirzapur,Dug Well,5,9.732,1.72746056394929,8.12,11.58,FALSE,TRUE
W15211,UP,Mirzapur,Dug Well,3,17.75,0.339558536926993,17.36,17.98,FALSE,FALSE
W15212,UP,Mirzapur,Dug Well,5,5.66,3.07057812146182,1.35,9.62,TRUE,FALSE
W15213,UP,Moradabad,Dug Well,5,9.038,1.60297223931046,7.02,10.2,TRUE,TRUE
W15214,UP,Moradabad,Dug Well,5,7.976,0.460467154094621,7.36,8.36,TRUE,TRUE
W15215,UP,Moradabad,Dug Well,5,2.878,0.416917257978127,2.35,3.48,FALSE,FALSE
W15216,UP,Moradabad,Dug Well,5,9.824,1.03548539342668,8.62,10.7,FALSE,TRUE
W15218,UP,Muzaffarnagar,Dug Well,4,5.2275,1.32580478703817,3.55,6.41,FALSE,FALSE
W15220,UP,Muzaffarnagar,Dug Well,3,4.52333333333333,0.295691280448601,4.2,4.78,FALSE,FALSE
W15221,UP,Muzaffarnagar,Dug Well,4,6,0.358887168898527,5.68,6.34,FALSE,TRUE
W15222,UP,Muzaffarnagar,Dug Well,4,4.4825,0.467929838045549,3.82,4.92,FALSE,FALSE
W15225,UP,Muzaffarnagar,Dug Well,3,2.69666666666667,0.0802080627701063,2.62,2.78,FALSE,FALSE
W15226,UP,Muzaffarnagar,Dug Well,3,5.38333333333333,0.43844421918111,4.98,5.85,FALSE,FALSE
W15227,UP,Muzaffarnagar,Dug Well,5,2.722,0.637667625021061,1.7,3.37,FALSE,FALSE
W15228,UP,Muzaffarnagar,Dug Well,5,4.442,0.365950816367446,4.04,5,FALSE,FALSE
W15229,UP,Muzaffarnagar,Dug Well,4,12.3325,0.825565462778896,11.3,13.32,FALSE,FALSE
W15230,UP,Muzaffarnagar,Dug Well,3,5.59,0.434856298103178,5.3,6.09,FALSE,FALSE
W15231,UP,Pilibhit,Dug Well,5,3.592,1.1318215407033,1.65,4.53,FALSE,FALSE
W15232,UP,Pilibhit,Dug Well,5,4.348,1.04619309881111,2.55,5.17,FALSE,FALSE
W15233,UP,Pilibhit,Dug Well,5,3.756,0.842751446157169,2.57,4.82,FALSE,FALSE
W15234,UP,Pilibhit,Dug Well,5,3.674,0.141173651932646,3.49,3.84,FALSE,FALSE
W15235,UP,Pilibhit,Dug Well,5,3.326,0.194242116957162,3.06,3.55,FALSE,FALSE
W15236,UP,Pilibhit,Dug Well,5,3.532,0.238683891370993,3.22,3.87,FALSE,FALSE
W15237,UP,Pilibhit,Dug Well,5,2.682,0.666385774157882,1.63,3.2,FALSE,FALSE
W15238,UP,Pilibhit,Dug Well,3,4.33,1.44937917744116,3.4,6,FALSE,FALSE
W15239,UP,Pratapgarh,Dug Well,5,5.318,0.849011189561127,4.04,6,FALSE,FALSE
W15240,UP,Pratapgarh,Dug Well,4,6.4925,3.52215251420681,3.6,11.62,TRUE,TRUE
W15241,UP,Pratapgarh,Dug Well,5,5.796,0.278531865322444,5.41,6.19,FALSE,FALSE
W15244,UP,Pratapgarh,Dug Well,5,6.188,0.355415250094871,5.92,6.79,FALSE,TRUE
W15245,UP,Pratapgarh,Dug Well,5,5.87,1.5929689262506,3.1,6.95,FALSE,FALSE
W15246,UP,Pratapgarh,Dug Well,5,10.604,0.841920423793128,9.36,11.5,FALSE,FALSE
W15247,UP,Pratapgarh,Dug Well,5,4.752,1.07632244239354,3.74,6.42,FALSE,FALSE
W15248,UP,Pratapgarh,Dug Well,3,11.98,0,11.98,11.98,FALSE,FALSE
W15249,UP,Pratapgarh,Dug Well,5,13.312,1.29171204221374,11.28,14.6,FALSE,FALSE
W15250,UP,Pratapgarh,Dug Well,4,9.835,1.15679153984919,8.47,10.8,FALSE,TRUE
W15251,UP,Pratapgarh,Dug Well,4,7.6625,1.51123294035036,5.45,8.69,TRUE,TRUE
W15252,UP,Pratapgarh,Dug Well,5,6.362,1.46896902622213,4.88,8.83,TRUE,TRUE
W15253,UP,Pratapgarh,Dug Well,5,8.382,1.06827898977748,6.9,9.8,TRUE,TRUE
W15254,UP,Pratapgarh,Dug Well,5,7.802,2.32883447243466,4.53,10.88,TRUE,TRUE
W15255,UP,Pratapgarh,Dug Well,5,11.12,3.49080936173834,5.68,14.92,TRUE,FALSE
W15256,UP,Pratapgarh,Dug Well,5,9.134,1.02962614574417,7.43,10.15,TRUE,TRUE
W15257,UP,Pratapgarh,Dug Well,3,5.82666666666667,0.799520689746884,5.21,6.73,FALSE,FALSE
W15258,UP,Pratapgarh,Dug Well,5,4.832,0.288565417193398,4.5,5.27,FALSE,FALSE
W15259,UP,Rae Bareli,Dug Well,4,3.6725,0.165403546918841,3.45,3.85,FALSE,FALSE
W15260,UP,Rae Bareli,Dug Well,5,8.064,1.29874169872227,6.57,9.7,TRUE,TRUE
W15261,UP,Rae Bareli,Dug Well,4,5.3925,0.622809494682497,4.65,6.07,FALSE,FALSE
W15262,UP,Rae Bareli,Dug Well,5,4.68,0.836211695684771,3.47,5.57,FALSE,FALSE
W15263,UP,Rae Bareli,Dug Well,5,4.842,1.58427270379818,3.65,7.47,FALSE,FALSE
W15264,UP,Rae Bareli,Dug Well,5,4.458,1.70499853372371,3.02,7.4,FALSE,FALSE
W15265,UP,Rae Bareli,Dug Well,5,4.78,0.506408925671734,4.03,5.37,FALSE,FALSE
W15266,UP,Rae Bareli,Dug Well,5,6.2,1.30700038255541,4.12,7.32,FALSE,TRUE
W15267,UP,Rae Bareli,Dug Well,3,5.07333333333333,0.200333056017556,4.92,5.3,FALSE,FALSE
W15268,UP,Rae Bareli,Dug Well,5,6.11,0.592030404624628,5.3,6.75,FALSE,TRUE
W15269,UP,Rae Bareli,Dug Well,5,6.64,1.02310800993834,4.85,7.4,FALSE,TRUE
W15270,UP,Rae Bareli,Dug Well,5,6.852,1.11629745139904,5.37,7.72,FALSE,TRUE
W15271,UP,Rae Bareli,Dug Well,4,3.29,0.574978260458602,2.51,3.86,FALSE,FALSE
W15272,UP,Rae Bareli,Dug Well,5,5.06,0.607659444096773,4.2,5.85,FALSE,FALSE
W15273,UP,Rae Bareli,Dug Well,5,10.782,1.93241299933529,8.22,13.35,FALSE,FALSE
W15274,UP,Rae Bareli,Dug Well,5,7.27,0.885014124181078,6.45,8.3,TRUE,TRUE
W15275,UP,Rae Bareli,Dug Well,5,5,0.49749371855331,4.55,5.85,FALSE,FALSE
W15276,UP,Rae Bareli,Dug Well,5,3.096,0.282542032271306,2.8,3.55,FALSE,FALSE
W15277,UP,Rae Bareli,Dug Well,5,6.14,0.290258505474,5.75,6.45,FALSE,TRUE
W15279,UP,Rae Bareli,Dug Well,3,4.01333333333333,0.202072594216369,3.78,4.13,FALSE,FALSE
W15280,UP,Rae Bareli,Dug Well,3,8.91,0.591016074231488,8.23,9.3,FALSE,TRUE
W15281,UP,Rae Bareli,Dug Well,4,4.3275,2.42590704685897,2.95,7.96,FALSE,FALSE
W15282,UP,Rae Bareli,Dug Well,5,6.234,0.547932477591902,5.77,6.97,FALSE,TRUE
W15283,UP,Rae Bareli,Dug Well,3,5.99,0,5.99,5.99,FALSE,FALSE
W15284,UP,Rae Bareli,Dug Well,5,9.388,1.22452848068144,8.2,11.09,FALSE,TRUE
W15285,UP,Rae Bareli,Dug Well,4,11.615,1.71,9.05,12.47,FALSE,FALSE
W15287,UP,Rae Bareli,Dug Well,5,4.77,0.498196748283246,4.03,5.42,FALSE,FALSE
W15288,UP,Rae Bareli,Dug Well,5,4.226,1.63334931964966,3.07,7.03,FALSE,FALSE
W15289,UP,Rae Bareli,Dug Well,4,3.5325,1.51543998011579,2.15,5.65,FALSE,FALSE
W15290,UP,Rae Bareli,Dug Well,5,4.626,0.577607132919946,4.05,5.5,FALSE,FALSE
W15291,UP,Rae Bareli,Dug Well,5,4.228,1.56533383021003,3.25,7,FALSE,FALSE
W15292,UP,Rae Bareli,Dug Well,4,5.4575,2.78181445583034,2.33,8.3,TRUE,FALSE
W15293,UP,Rampur,Dug Well,4,5.8625,1.3810473079032,3.95,6.9,FALSE,FALSE
W15298,UP,Rampur,Dug Well,3,6.18666666666667,0.352325606979302,5.78,6.4,FALSE,TRUE
W15299,UP,Saharanpur,Dug Well,5,3.726,0.722516435799214,2.75,4.71,FALSE,FALSE
W15300,UP,Saharanpur,Dug Well,5,6.548,0.998609032604853,5.35,8.07,TRUE,TRUE
W15301,UP,Saharanpur,Dug Well,5,4.688,0.767411232651699,3.32,5.12,FALSE,FALSE
W15302,UP,Saharanpur,Dug Well,5,7.31,1.86456429226777,5.92,10.5,TRUE,TRUE
W15303,UP,Saharanpur,Dug Well,4,4.6875,0.770859909451776,4.22,5.84,FALSE,FALSE
W15304,UP,Sant Kabir Nagar,Dug Well,5,5.724,1.5546800313891,4.76,8.46,TRUE,FALSE
W15305,UP,Sant Kabir Nagar,Dug Well,5,4.508,0.303924332688253,4.14,4.86,FALSE,FALSE
W15306,UP,Sant Kabir Nagar,Dug Well,4,6.66,2.25139956471525,4.26,8.58,TRUE,TRUE
W15307,UP,Sant Ravi Das Nagar(bhadohi),Dug Well,5,12.014,4.60888055822669,3.82,14.91,TRUE,FALSE
W15308,UP,Sant Ravi Das Nagar(bhadohi),Dug Well,5,6.136,2.78309719557187,2.45,9.58,TRUE,TRUE
W15309,UP,Sant Ravi Das Nagar(bhadohi),Dug Well,5,10.848,3.9871318011824,5.69,14.55,TRUE,FALSE
W15310,UP,Shahjahanpur,Dug Well,4,6.6675,0.503876638341833,6.35,7.42,FALSE,TRUE
W15311,UP,Shahjahanpur,Dug Well,4,4.9025,0.629622903014177,4.45,5.8,FALSE,FALSE
W15312,UP,Shahjahanpur,Dug Well,3,5.03333333333333,1.3313276581418,3.56,6.15,FALSE,FALSE
W15313,UP,Shahjahanpur,Dug Well,5,6.576,0.523287683783977,6.24,7.47,FALSE,TRUE
W15315,UP,Shrawasti,Dug Well,4,3.57,0.298105126870818,3.35,4,FALSE,FALSE
W15316,UP,Shrawasti,Dug Well,4,3.8375,1.0041372748119,2.84,4.78,FALSE,FALSE
W15319,UP,Shrawasti,Dug Well,4,5.58,0.349666507785156,5.21,6.03,FALSE,FALSE
W15321,UP,Shrawasti,Dug Well,3,3.03,0.288270706107991,2.72,3.29,FALSE,FALSE
W15322,UP,Siddharth Nagar,Dug Well,5,4.104,0.0963327566303383,3.95,4.21,FALSE,FALSE
W15323,UP,Siddharth Nagar,Dug Well,5,3.67,0.372223051408695,3.04,3.93,FALSE,FALSE
W15324,UP,Siddharth Nagar,Dug Well,3,4.83333333333333,0.271538824725551,4.52,5,FALSE,FALSE
W15325,UP,Siddharth Nagar,Dug Well,5,3.864,0.348754928280591,3.32,4.26,FALSE,FALSE
W15326,UP,Siddharth Nagar,Dug Well,5,4.002,1.01834178938115,2.2,4.68,FALSE,FALSE
W15327,UP,Siddharth Nagar,Dug Well,5,3.908,0.329954542323636,3.55,4.22,FALSE,FALSE
W15328,UP,Siddharth Nagar,Dug Well,5,3.906,0.295347253246073,3.52,4.31,FALSE,FALSE
W15329,UP,Siddharth Nagar,Dug Well,5,4.358,0.598222366683159,3.81,5.22,FALSE,FALSE
W15330,UP,Siddharth Nagar,Dug Well,5,3.716,0.603058869431501,3.23,4.73,FALSE,FALSE
W15331,UP,Siddharth Nagar,Dug Well,5,3.998,0.512854755267025,3.3,4.72,FALSE,FALSE
W15332,UP,Siddharth Nagar,Dug Well,5,4.562,0.61556478131875,3.72,5.11,FALSE,FALSE
W15333,UP,Sitapur,Dug Well,4,4.4925,0.435995030552719,3.96,4.98,FALSE,FALSE
W15334,UP,Sitapur,Dug Well,5,5.138,0.269016728104406,4.83,5.48,FALSE,FALSE
W15335,UP,Sitapur,Dug Well,5,5.136,0.58837063149005,4.48,5.85,FALSE,FALSE
W15336,UP,Sitapur,Dug Well,5,2.82,0.543966910758366,2.3,3.57,FALSE,FALSE
W15337,UP,Sitapur,Dug Well,3,2.75666666666667,0.0802080627701063,2.68,2.84,FALSE,FALSE
W15338,UP,Sitapur,Dug Well,5,8.806,0.555454768635575,8.24,9.49,FALSE,TRUE
W15339,UP,Sitapur,Dug Well,4,7.985,1.44327174618411,6.6,9.3,TRUE,TRUE
W15340,UP,Sitapur,Dug Well,5,7.138,0.71173731109167,6.37,8.05,TRUE,TRUE
W15341,UP,Sitapur,Dug Well,5,5.45,0.353482672842673,4.85,5.79,FALSE,FALSE
W15342,UP,Sitapur,Dug Well,5,5.824,0.495207027413788,5.14,6.33,FALSE,FALSE
W15343,UP,Sitapur,Dug Well,5,3.216,0.785894394941203,2.52,4.44,FALSE,FALSE
W15344,UP,Sitapur,Dug Well,5,5.322,0.528838349592765,4.73,6.03,FALSE,FALSE
W15345,UP,Sitapur,Dug Well,5,4.254,1.51173079614064,2.55,5.6,FALSE,FALSE
W15346,UP,Sitapur,Dug Well,5,3.364,0.505301889962822,2.79,3.96,FALSE,FALSE
W15347,UP,Sitapur,Dug Well,5,3.12,0.144741148261301,2.88,3.25,FALSE,FALSE
W15348,UP,Sonbhadra,Dug Well,4,7.8775,1.22246676846448,6.91,9.56,TRUE,TRUE
W15349,UP,Sonbhadra,Dug Well,5,9.608,1.08229848008763,7.95,10.8,TRUE,TRUE
W15350,UP,Sonbhadra,Dug Well,5,6.374,2.55700606178398,2.69,9.3,TRUE,TRUE
W15351,UP,Sonbhadra,Dug Well,5,11.02,3.47921686590531,5.03,13.4,TRUE,FALSE
W15352,UP,Sonbhadra,Dug Well,5,8.626,2.73853610529421,5.08,11.38,TRUE,TRUE
W15353,UP,Sonbhadra,Dug Well,5,5.108,1.42173133889635,3.52,7.02,FALSE,FALSE
W15354,UP,Sonbhadra,Dug Well,5,6.878,0.700621152977842,6.26,7.98,FALSE,TRUE
W15355,UP,Sonbhadra,Dug Well,4,14.7425,0.523282906275372,14.03,15.29,FALSE,FALSE
W15356,UP,Sonbhadra,Dug Well,5,8.836,4.85690024604171,0.68,13.6,TRUE,TRUE
W15358,UP,Sonbhadra,Dug Well,5,7.856,0.797420842466511,6.68,8.62,TRUE,TRUE
W15360,UP,Sonbhadra,Dug Well,5,12.89,2.02791765118804,9.43,14.77,FALSE,FALSE
W15361,UP,Sonbhadra,Dug Well,5,8.044,1.22070881048676,6.03,9.12,TRUE,TRUE
W15362,UP,Sonbhadra,Dug Well,3,5.86333333333333,0.662520439936259,5.17,6.49,FALSE,FALSE
W15363,UP,Sonbhadra,Dug Well,5,6.7,2.75107251812816,3.2,10.72,TRUE,TRUE
W15364,UP,Sonbhadra,Dug Well,5,5.47,2.41830519165799,1.51,7.63,FALSE,FALSE
W15365,UP,Sultanpur,Dug Well,4,4.1975,0.142448821218944,4.04,4.35,FALSE,FALSE
W15366,UP,Sultanpur,Dug Well,5,5.83,0.692098258919931,4.98,6.72,FALSE,FALSE
W15367,UP,Sultanpur,Dug Well,4,7.295,0.749599893276406,6.28,8.03,TRUE,TRUE
W15368,UP,Sultanpur,Dug Well,4,5.205,0.972985097522053,4.17,6.52,FALSE,FALSE
W15369,UP,Sultanpur,Dug Well,4,10.05,0.75104371821264,8.94,10.53,FALSE,FALSE
W15370,UP,Sultanpur,Dug Well,4,5.405,0.735866835779409,4.87,6.49,FALSE,FALSE
W15371,UP,Sultanpur,Dug Well,5,5.43,0.221585198061603,5.12,5.7,FALSE,FALSE
W15372,UP,Sultanpur,Dug Well,5,5.962,0.240873410736843,5.8,6.38,FALSE,FALSE
W15373,UP,Sultanpur,Dug Well,4,6.0275,3.03921453668543,4.02,10.55,TRUE,TRUE
W15375,UP,Sultanpur,Dug Well,5,10.128,1.32996992447198,8.35,11.23,FALSE,FALSE
W15376,UP,Sultanpur,Dug Well,5,7.074,0.772450645672589,5.79,7.81,FALSE,TRUE
W15377,UP,Sultanpur,Dug Well,4,5.6675,0.39186519791037,5.1,6,FALSE,FALSE
W15379,UP,Sultanpur,Dug Well,5,7.674,0.814512123912223,6.72,8.81,TRUE,TRUE
W15380,UP,Sultanpur,Dug Well,4,4.0025,0.219753649950727,3.78,4.3,FALSE,FALSE
W15381,UP,Sultanpur,Dug Well,5,11.608,1.10881468244247,9.77,12.72,FALSE,FALSE
W15382,UP,Sultanpur,Dug Well,4,4.59,0.129871731591855,4.45,4.74,FALSE,FALSE
W15383,UP,Sultanpur,Dug Well,5,4.534,0.322304204130197,4.2,5.05,FALSE,FALSE
W15384,UP,Sultanpur,Dug Well,5,3.078,0.952428475004816,2.32,4.68,FALSE,FALSE
W15385,UP,Sultanpur,Dug Well,5,5.114,1.22142539682127,3.8,6.9,FALSE,FALSE
W15386,UP,Sultanpur,Dug Well,4,3.065,2.05822739268527,1.98,6.15,FALSE,FALSE
W15387,UP,Sultanpur,Dug Well,4,4.18,0.947945146092325,3.34,5.51,FALSE,FALSE
W15388,UP,Sultanpur,Dug Well,4,4.2225,0.210930478278192,3.93,4.4,FALSE,FALSE
W15389,UP,Sultanpur,Dug Well,5,8.946,0.513692515032096,8.26,9.48,FALSE,TRUE
W15390,UP,Sultanpur,Dug Well,5,3.49,0.274226184016042,3.12,3.8,FALSE,FALSE
W15394,UP,Sultanpur,Dug Well,3,4.76333333333333,1.00584955800226,4.03,5.91,FALSE,FALSE
W15395,UP,Sultanpur,Dug Well,5,10.048,0.561756174865929,9.12,10.6,FALSE,FALSE
W15396,UP,Sultanpur,Dug Well,5,9.186,1.32184719237891,7.11,10.3,TRUE,TRUE
W15397,UP,Sultanpur,Dug Well,3,6.61333333333333,1.02787807318443,6,7.8,FALSE,TRUE
W15398,UP,Sultanpur,Dug Well,5,3.936,0.201568846799301,3.76,4.28,FALSE,FALSE
W15399,UP,Sultanpur,Dug Well,3,5.49,0.894035793466906,4.8,6.5,FALSE,FALSE
W15400,UP,Sultanpur,Dug Well,4,6.5425,0.203695033485519,6.34,6.78,FALSE,TRUE
W15401,UP,Sultanpur,Dug Well,4,3.51,0.158534959341255,3.4,3.74,FALSE,FALSE
W15403,UP,Unnao,Dug Well,5,6.13,1.28277043932264,3.97,7.22,FALSE,TRUE
W15404,UP,Unnao,Dug Well,5,4.31,0.873040663428686,3.5,5.45,FALSE,FALSE
W15406,UP,Unnao,Dug Well,5,6.192,0.701013551937479,5.55,7.24,FALSE,TRUE
W15407,UP,Unnao,Dug Well,5,2.526,0.738836923820135,1.85,3.63,FALSE,FALSE
W15408,UP,Unnao,Dug Well,5,6.848,1.13349900749846,5.05,7.71,FALSE,TRUE
W15409,UP,Unnao,Dug Well,5,3.164,0.586071667972442,2.7,3.9,FALSE,FALSE
W15410,UP,Unnao,Dug Well,5,9.01,1.01390334845093,7.85,10.05,TRUE,TRUE
W15412,UP,Unnao,Dug Well,5,6.758,0.606440434008155,5.86,7.51,FALSE,TRUE
W15413,UP,Unnao,Dug Well,5,9.822,2.91717671730734,4.66,11.8,TRUE,TRUE
W15414,UP,Unnao,Dug Well,4,6.7125,0.735,5.61,7.08,FALSE,TRUE
W15416,UP,Unnao,Dug Well,5,3.502,0.396320577310843,2.95,4.05,FALSE,FALSE
W15417,UP,Unnao,Dug Well,5,8.016,2.75311278374134,3.37,10.64,TRUE,TRUE
W15418,UP,Unnao,Dug Well,5,4.342,0.882536118241061,3.3,5.15,FALSE,FALSE
W15419,UP,Unnao,Dug Well,4,4.4475,0.633738905228328,3.87,5.04,FALSE,FALSE
W15420,UP,Unnao,Dug Well,5,5.07,0.511859355682789,4.65,5.9,FALSE,FALSE
W15421,UP,Unnao,Dug Well,5,6.076,0.906272585925449,5.38,7.63,FALSE,TRUE
W15422,UP,Unnao,Dug Well,5,4.924,0.5218045611146,4.45,5.69,FALSE,FALSE
W15423,UP,Unnao,Dug Well,4,12.8525,5.64535428471943,5.11,17.05,TRUE,FALSE
W15424,UP,Unnao,Dug Well,5,3.056,0.993695124271021,1.85,4.6,FALSE,FALSE
W15425,UP,Unnao,Dug Well,5,2.072,0.207292064488731,1.8,2.31,FALSE,FALSE
W15426,UP,Unnao,Dug Well,5,5.922,1.8449308930147,2.71,7.36,FALSE,FALSE
W15427,UP,Unnao,Dug Well,3,5.05,0.45,4.6,5.5,FALSE,FALSE
W15428,UP,Unnao,Dug Well,5,6.016,1.39188002356525,4.46,7.46,FALSE,TRUE
W15429,UP,Varanasi,Dug Well,4,10.3875,2.91672618986882,7.75,14.1,TRUE,FALSE
W15430,UP,Varanasi,Dug Well,4,3.975,1.33492821280147,2.6,5.41,FALSE,FALSE
W15431,UP,Varanasi,Dug Well,5,6.918,1.92536230356782,4.78,9.06,TRUE,TRUE
W15432,UP,Varanasi,Dug Well,5,7.574,1.18683613022186,6.08,9.06,TRUE,TRUE
W15433,UP,Varanasi,Dug Well,5,5.26,1.80785784839406,2.67,6.91,FALSE,FALSE
W15434,UP,Varanasi,Dug Well,5,6.628,0.660280243533002,5.5,7.17,FALSE,TRUE
W15435,UP,Varanasi,Dug Well,5,10.064,1.41464836620271,8.5,11.55,FALSE,FALSE
W15437,UP,Varanasi,Dug Well,5,9.806,3.82025915351302,5.22,13.42,TRUE,TRUE
W15438,UP,Agra,Dug Well,5,10.598,1.32150293227068,9.15,11.95,FALSE,FALSE
W15446,UP,Agra,Dug Well,3,7.92,2.61895017134729,6.09,10.92,TRUE,TRUE
W15448,UP,Agra,Dug Well,3,29.7,0,29.7,29.7,FALSE,FALSE
W15450,UP,Agra,Dug Well,3,31.6766666666667,2.79904150261001,28.73,34.3,FALSE,FALSE
W15454,UP,Aligarh,Dug Well,4,4.925,0.396358423652128,4.38,5.33,FALSE,FALSE
W15455,UP,Aligarh,Dug Well,5,5.222,0.175556258789027,4.92,5.35,FALSE,FALSE
W15457,UP,Aligarh,Dug Well,5,5.064,1.54393328871425,3.75,7.73,FALSE,FALSE
W15458,UP,Aligarh,Dug Well,4,5.75,0.532290647422377,5.2,6.3,FALSE,FALSE
W15459,UP,Aligarh,Dug Well,5,7.97,0.586941223633167,7.25,8.7,TRUE,TRUE
W15460,UP,Aligarh,Dug Well,4,8.79,1.53716188694186,6.49,9.71,TRUE,TRUE
W15461,UP,Aligarh,Dug Well,4,3.09,0.663375208058506,2.25,3.76,FALSE,FALSE
W15463,UP,Allahabad,Dug Well,5,7.828,0.654347002743957,6.7,8.34,TRUE,TRUE
W15464,UP,Allahabad,Dug Well,5,15.116,0.864829462957872,13.78,16.03,FALSE,FALSE
W15465,UP,Allahabad,Dug Well,3,5.68666666666667,0.554286327932896,5.29,6.32,FALSE,FALSE
W15466,UP,Allahabad,Dug Well,5,10.322,1.04593020799669,9.11,11.55,FALSE,FALSE
W15467,UP,Allahabad,Dug Well,5,3.734,0.649676842745684,2.85,4.37,FALSE,FALSE
W15468,UP,Allahabad,Dug Well,5,12.3,1.22460197615389,10.79,13.88,FALSE,FALSE
W15469,UP,Allahabad,Dug Well,5,3.298,0.490937877943839,2.8,4,FALSE,FALSE
W15470,UP,Allahabad,Dug Well,5,6.076,1.09694120170591,4.92,7.4,FALSE,TRUE
W15471,UP,Allahabad,Dug Well,4,7.4825,1.62095393724395,5.17,8.9,TRUE,TRUE
W15472,UP,Allahabad,Dug Well,4,7.205,1.35453559077149,6.2,9.2,TRUE,TRUE
W15474,UP,Allahabad,Dug Well,5,7.306,3.59518845124981,1.88,10.7,TRUE,TRUE
W15475,UP,Allahabad,Dug Well,5,9.006,0.789544172291836,8.08,10.1,FALSE,TRUE
W15476,UP,Allahabad,Dug Well,5,4.896,0.697875347035558,4.08,6.01,FALSE,FALSE
W15477,UP,Allahabad,Dug Well,5,2.926,0.365896160132899,2.55,3.45,FALSE,FALSE
W15478,UP,Allahabad,Dug Well,5,9.008,0.973483435914551,7.78,10.49,TRUE,TRUE
W15479,UP,Allahabad,Dug Well,5,7.778,1.4516955603707,6.8,10.3,TRUE,TRUE
W15480,UP,Allahabad,Dug Well,4,2.53,0.223308456325923,2.25,2.71,FALSE,FALSE
W15481,UP,Allahabad,Dug Well,4,5.9225,1.24086999050397,4.36,7.38,FALSE,FALSE
W15482,UP,Ambedkar Nagar,Dug Well,5,5.378,0.849570479713131,4.16,6.25,FALSE,FALSE
W15483,UP,Ambedkar Nagar,Dug Well,5,3.888,0.167092788593643,3.67,4.05,FALSE,FALSE
W15484,UP,Ambedkar Nagar,Dug Well,5,5.638,1.40457110891546,4.36,7.9,FALSE,FALSE
W15486,UP,Auraiya,Dug Well,4,8.96,0.778117386174263,8.29,9.95,FALSE,TRUE
W15487,UP,Auraiya,Dug Well,5,4.962,0.983625945164116,3.55,6.24,FALSE,FALSE
W15488,UP,Auraiya,Dug Well,5,3.74,0.674648056396815,3.05,4.61,FALSE,FALSE
W15489,UP,Auraiya,Dug Well,4,7.18,1.62704230635428,4.88,8.71,TRUE,TRUE
W15490,UP,Azamgarh,Dug Well,5,5.856,1.11683929013981,4.68,7.41,FALSE,FALSE
W15491,UP,Azamgarh,Dug Well,5,4.726,0.508015747787409,4.13,5.3,FALSE,FALSE
W15492,UP,Azamgarh,Dug Well,3,4.32666666666667,0.480138868800823,4.02,4.88,FALSE,FALSE
W15493,UP,Azamgarh,Dug Well,5,4.984,0.837544028693418,4.2,6.24,FALSE,FALSE
W15494,UP,Azamgarh,Dug Well,5,3.642,1.10770934815953,2.42,4.52,FALSE,FALSE
W15495,UP,Azamgarh,Dug Well,4,4.4225,1.30326193325312,2.59,5.63,FALSE,FALSE
W15496,UP,Azamgarh,Dug Well,3,3.91,0.199749843554382,3.68,4.04,FALSE,FALSE
W15497,UP,Azamgarh,Dug Well,5,6.396,0.542337533276095,5.75,7.06,FALSE,TRUE
W15498,UP,Azamgarh,Dug Well,5,6.494,0.612560201123122,5.53,7.08,FALSE,TRUE
W15499,UP,Azamgarh,Dug Well,5,6.274,0.761597006296637,5.46,7.02,FALSE,TRUE
W15500,UP,Azamgarh,Dug Well,5,5.406,1.02821690318726,4.39,6.85,FALSE,FALSE
W15501,UP,Azamgarh,Dug Well,3,7.67333333333333,1.57258810034075,6.46,9.45,TRUE,TRUE
W15502,UP,Azamgarh,Dug Well,4,5.0625,1.65021968234535,3.6,7.43,FALSE,FALSE
W15503,UP,Baghpat,Dug Well,4,9.87,1.74403746137136,8.86,12.48,FALSE,TRUE
W15504,UP,Bahraich,Dug Well,4,3.4725,0.296240330362585,3.13,3.83,FALSE,FALSE
W15505,UP,Bahraich,Dug Well,4,3.0775,0.109658560997307,2.98,3.23,FALSE,FALSE
W15506,UP,Bahraich,Dug Well,3,9.66333333333333,0.36226141573915,9.35,10.06,FALSE,TRUE
W15507,UP,Bahraich,Dug Well,4,10.9725,1.34678320452848,9.12,12.16,FALSE,FALSE
W15508,UP,Bahraich,Dug Well,4,3.6625,0.492637459666504,2.94,4,FALSE,FALSE
W15510,UP,Bahraich,Dug Well,3,2.41333333333333,0.29022979401387,2.13,2.71,FALSE,FALSE
W15511,UP,Bahraich,Dug Well,3,8.26,0.77175125526299,7.46,9,TRUE,TRUE
W15512,UP,Bahraich,Dug Well,4,7.26,0.645548862080427,6.77,8.21,TRUE,TRUE
W15513,UP,Ballia,Dug Well,5,6.218,0.955599288404925,4.57,6.85,FALSE,TRUE
W15514,UP,Ballia,Dug Well,5,9.154,0.269685001436862,8.85,9.56,FALSE,TRUE
W15516,UP,Ballia,Dug Well,5,4.098,2.38534483880214,1.81,8.15,TRUE,FALSE
W15517,UP,Ballia,Dug Well,4,6.685,0.604014348615439,5.88,7.32,FALSE,TRUE
W15518,UP,Ballia,Dug Well,5,6.868,1.23590857267033,5.11,7.94,FALSE,TRUE
W15519,UP,Ballia,Dug Well,3,6.24333333333333,0.468009971403744,5.92,6.78,FALSE,TRUE
W15520,UP,Ballia,Dug Well,5,4.094,0.684930653424126,3.65,5.29,FALSE,FALSE
W15522,UP,Ballia,Dug Well,5,5.324,0.373804761874431,4.88,5.82,FALSE,FALSE
W15523,UP,Ballia,Dug Well,5,4.766,0.797640269795852,3.95,5.8,FALSE,FALSE
W15524,UP,Ballia,Dug Well,4,6.975,1.93515718569147,5.77,9.86,TRUE,TRUE
W15526,UP,Balrampur,Dug Well,4,3.8425,0.386900073231664,3.39,4.33,FALSE,FALSE
W15527,UP,Balrampur,Dug Well,4,3.7825,0.504735904541507,3.05,4.17,FALSE,FALSE
W15528,UP,Balrampur,Dug Well,5,4.45,0.432434966208793,3.73,4.85,FALSE,FALSE
W15529,UP,Balrampur,Dug Well,5,2.156,1.53343731531485,0.55,3.8,FALSE,FALSE
W15530,UP,Balrampur,Dug Well,5,4.724,1.37765380266597,3.75,7,FALSE,FALSE
W15531,UP,Balrampur,Dug Well,5,4.578,0.8310354986401,3.53,5.52,FALSE,FALSE
W15534,UP,Banda,Dug Well,3,8.84,3.9546554843627,6.35,13.4,TRUE,TRUE
W15535,UP,Banda,Dug Well,5,4.948,0.938653290624392,4.12,6.5,FALSE,FALSE
W15536,UP,Banda,Dug Well,4,5.375,1.63579746097533,3.1,6.9,FALSE,FALSE
W15537,UP,Banda,Dug Well,5,20.706,2.40019374217999,16.55,22.53,FALSE,FALSE
W15538,UP,Banda,Dug Well,5,7.566,1.7644205847813,6,10.02,TRUE,TRUE
W15539,UP,Banda,Dug Well,5,4.274,0.697230234571049,3.5,4.95,FALSE,FALSE
W15540,UP,Banda,Dug Well,5,12.012,1.4707379100302,10.7,13.75,FALSE,FALSE
W15541,UP,Banda,Dug Well,5,9.22,0.762069550631699,8.6,10.5,FALSE,TRUE
W15542,UP,Banda,Dug Well,5,6.936,1.80902736297713,4.28,8.63,TRUE,TRUE
W15543,UP,Bara Banki,Dug Well,4,8.16,0.855608944943113,6.97,8.88,TRUE,TRUE
W15544,UP,Bara Banki,Dug Well,5,4.832,0.463324939971938,4.43,5.6,FALSE,FALSE
W15545,UP,Bara Banki,Dug Well,5,7.278,0.355766777538319,6.78,7.68,FALSE,TRUE
W15546,UP,Bara Banki,Dug Well,5,5.186,0.238600083822282,4.88,5.49,FALSE,FALSE
W15547,UP,Bara Banki,Dug Well,5,6.544,0.458290301010178,6.2,7.34,FALSE,TRUE
W15548,UP,Bara Banki,Dug Well,5,9.384,0.658429950716096,8.65,10.15,FALSE,TRUE
W15549,UP,Faizabad,Dug Well,5,6.894,0.994047282577645,5.95,8.33,TRUE,TRUE
W15550,UP,Bara Banki,Dug Well,5,6.702,0.21844907873461,6.46,7.02,FALSE,TRUE
W15551,UP,Faizabad,Dug Well,5,3.924,0.178969271105405,3.72,4.17,FALSE,FALSE
W15552,UP,Bara Banki,Dug Well,5,7.328,0.354570162309239,7.07,7.95,FALSE,TRUE
W15553,UP,Bara Banki,Dug Well,5,3.07,0.121037184369102,2.9,3.19,FALSE,FALSE
W15554,UP,Bara Banki,Dug Well,5,5.972,0.177538728169377,5.76,6.21,FALSE,FALSE
W15555,UP,Bara Banki,Dug Well,5,5.372,0.285341900182921,4.95,5.7,FALSE,FALSE
W15556,UP,Bara Banki,Dug Well,4,3.2025,0.758084208163359,2.18,3.93,FALSE,FALSE
W15557,UP,Faizabad,Dug Well,5,5.704,0.30737599125501,5.42,6.18,FALSE,FALSE
W15558,UP,Faizabad,Dug Well,5,4.904,0.448976614090311,4.51,5.61,FALSE,FALSE
W15559,UP,Bara Banki,Dug Well,5,4.676,0.415246914497868,4.26,5.26,FALSE,FALSE
W15560,UP,Bara Banki,Dug Well,5,4.992,0.452901755350981,4.54,5.5,FALSE,FALSE
W15561,UP,Bareilly,Dug Well,5,5.596,2.90582690468651,3.94,10.7,TRUE,FALSE
W15562,UP,Bareilly,Dug Well,5,7.648,0.956749706036015,6.63,9.21,TRUE,TRUE
W15563,UP,Bareilly,Dug Well,3,7.74666666666667,3.12365704476873,4.15,9.78,TRUE,TRUE
W15564,UP,Bareilly,Dug Well,5,4.602,0.33558903438581,4.05,4.9,FALSE,FALSE
W15565,UP,Basti,Dug Well,5,3.412,0.209690247746527,3.18,3.67,FALSE,FALSE
W15567,UP,Basti,Dug Well,5,4.104,0.325622480796397,3.68,4.52,FALSE,FALSE
W15570,UP,Bijnor,Dug Well,4,3.97,0.48359762888859,3.25,4.27,FALSE,FALSE
W15571,UP,Bijnor,Dug Well,5,5.32,0.619152646768146,4.66,6.08,FALSE,FALSE
W15572,UP,Bijnor,Dug Well,5,5.848,0.908746389263803,4.65,6.61,FALSE,FALSE
W15573,UP,Bijnor,Dug Well,3,7.53,0.467653718043597,6.99,7.8,FALSE,TRUE
W15575,UP,Bijnor,Dug Well,5,4.908,0.778890236169385,4.07,6,FALSE,FALSE
W15576,UP,Bijnor,Dug Well,4,9.4925,1.09548695412892,8.5,10.58,FALSE,TRUE
W15578,UP,Bijnor,Dug Well,5,6.654,1.35784019678311,4.67,7.83,FALSE,TRUE
W15579,UP,Bijnor,Dug Well,5,8.424,1.5720941447636,6.79,10.49,TRUE,TRUE
W15580,UP,Budaun,Dug Well,5,4.572,1.22941856175999,3.43,5.9,FALSE,FALSE
W15581,UP,Budaun,Dug Well,5,5.204,0.102615788258923,5.1,5.33,FALSE,FALSE
W15582,UP,Budaun,Dug Well,5,4.648,0.772929492256571,3.97,5.49,FALSE,FALSE
W15583,UP,Budaun,Dug Well,5,7.76,0.759045453184458,6.53,8.58,TRUE,TRUE
W15584,UP,Budaun,Dug Well,5,5.572,0.467835441154259,5.02,6.04,FALSE,FALSE
W15586,UP,Budaun,Dug Well,5,3.586,0.389396969685179,3.2,4.15,FALSE,FALSE
W15588,UP,Budaun,Dug Well,3,9.62666666666667,0.64663230149238,8.88,10,FALSE,TRUE
W15589,UP,Bulandshahr,Dug Well,5,6.012,1.07367127185186,4.88,7.6,FALSE,TRUE
W15590,UP,Bulandshahr,Dug Well,5,4.884,0.34471727545918,4.33,5.14,FALSE,FALSE
W15591,UP,Bulandshahr,Dug Well,5,6.55,0.614410286372225,5.7,7.15,FALSE,TRUE
W15592,UP,Bulandshahr,Dug Well,5,5.306,0.857134761866534,4.57,6.67,FALSE,FALSE
W15596,UP,Bulandshahr,Dug Well,5,9.752,1.23576696832372,8.39,10.85,FALSE,TRUE
W15597,UP,Chandauli,Dug Well,4,6.5525,2.93463654762675,3.58,9.47,TRUE,TRUE
W15598,UP,Chandauli,Dug Well,4,11.3375,3.55872050977127,6.55,14.31,TRUE,FALSE
W15599,UP,Chandauli,Dug Well,5,7.864,2.01963610583689,5.01,9.64,TRUE,TRUE
W15600,UP,Chandauli,Dug Well,5,4.844,3.76890965665138,2.6,11.55,TRUE,FALSE
W15601,UP,Chandauli,Dug Well,5,4.828,0.444263435362398,4.33,5.42,FALSE,FALSE
W15602,UP,Chitrakoot,Dug Well,5,9.148,1.87996542521399,6.05,10.85,TRUE,TRUE
W15603,UP,Chitrakoot,Dug Well,3,9.25333333333333,1.19303534454489,8.42,10.62,FALSE,TRUE
W15604,UP,Chitrakoot,Dug Well,4,19.675,2.27321358433386,17.1,22.35,FALSE,FALSE
W15605,UP,Chitrakoot,Dug Well,5,7.526,4.75273921018185,1.31,13.5,TRUE,TRUE
W15606,UP,Chitrakoot,Dug Well,5,12.522,2.36078800403594,10.09,16.43,FALSE,FALSE
W15607,UP,Chitrakoot,Dug Well,4,13.1375,0.618620777752144,12.5,13.96,FALSE,FALSE
W15608,UP,Chitrakoot,Dug Well,5,8.728,1.81874132300336,7.17,11.67,TRUE,TRUE
W15609,UP,Chitrakoot,Dug Well,5,7.506,1.5986494299877,5.48,9.3,TRUE,TRUE
W15612,UP,Chitrakoot,Dug Well,5,11.43,0.379934204830257,11,11.95,FALSE,FALSE
W15613,UP,Chitrakoot,Dug Well,5,19.31,1.48509258970611,18,21.7,FALSE,FALSE
W15614,UP,Deoria,Dug Well,4,5.045,0.289078997276984,4.67,5.31,FALSE,FALSE
W15615,UP,Deoria,Dug Well,5,3.9,0.286356421265527,3.51,4.25,FALSE,FALSE
W15616,UP,Kushinagar,Dug Well,5,3.62,0.380328805114732,3,4.03,FALSE,FALSE
W15617,UP,Deoria,Dug Well,5,4.042,0.360652187016799,3.62,4.59,FALSE,FALSE
W15618,UP,Deoria,Dug Well,5,5.404,0.679470381988796,4.59,6.05,FALSE,FALSE
W15619,UP,Deoria,Dug Well,5,2.974,0.629706280737297,2.29,3.98,FALSE,FALSE
W15620,UP,Deoria,Dug Well,5,4.192,0.443587646356388,3.52,4.59,FALSE,FALSE
W15623,UP,Deoria,Dug Well,5,3.096,0.483973139750544,2.55,3.75,FALSE,FALSE
W15626,UP,Etah,Dug Well,5,11.422,1.77989325522628,8.7,13.7,FALSE,FALSE
W15628,UP,Etah,Dug Well,5,7.064,3.3778143821116,1.3,9.43,TRUE,TRUE
W15630,UP,Etah,Dug Well,5,5.262,1.26432590735142,3.64,6.52,FALSE,FALSE
W15633,UP,Etah,Dug Well,3,5.11666666666667,0.202072594216369,5,5.35,FALSE,FALSE
W15638,UP,Etawah,Dug Well,4,8.765,0.947012847501729,7.5,9.78,TRUE,TRUE
W15639,UP,Etawah,Dug Well,5,24.098,1.3406975796204,22.45,25.49,FALSE,FALSE
W15641,UP,Faizabad,Dug Well,4,3.245,0.749510951665596,2.2,3.98,FALSE,FALSE
W15642,UP,Faizabad,Dug Well,5,3.962,1.26582779239516,3.15,6.19,FALSE,FALSE
W15643,UP,Faizabad,Dug Well,5,4.308,0.182674574038097,4,4.47,FALSE,FALSE
W15644,UP,Faizabad,Dug Well,4,3.85,1.10592344521068,3.14,5.5,FALSE,FALSE
W15645,UP,Faizabad,Dug Well,5,5.132,0.672510222970625,4.37,5.9,FALSE,FALSE
W15646,UP,Faizabad,Dug Well,5,4.698,0.971092168643121,3.97,6.18,FALSE,FALSE
W15648,UP,Faizabad,Dug Well,4,5.505,1.01788997440784,4.72,7,FALSE,FALSE
W15651,UP,Farrukhabad,Dug Well,3,11.2,0,11.2,11.2,FALSE,FALSE
W15652,UP,Farrukhabad,Dug Well,5,6.4,2.64147685963743,4.65,11.01,TRUE,TRUE
W15654,UP,Fatehpur,Dug Well,4,11.51,0.724200708827785,10.44,12.04,FALSE,FALSE
W15655,UP,Fatehpur,Dug Well,4,8.14,2.80217772455639,6.39,12.27,TRUE,TRUE
W15656,UP,Fatehpur,Dug Well,4,10.785,1.25362142079125,9.57,12.47,FALSE,FALSE
W15657,UP,Fatehpur,Dug Well,4,8.06,2.10073003183814,5.9,10.8,TRUE,TRUE
W15659,UP,Fatehpur,Dug Well,3,10.78,9.80157130260246,4.16,22.04,TRUE,FALSE
W15660,UP,Fatehpur,Dug Well,4,4.2325,1.24788821614758,2.98,5.45,FALSE,FALSE
W15661,UP,Fatehpur,Dug Well,4,5.395,0.953082717641374,4.24,6.54,FALSE,FALSE
W15662,UP,Fatehpur,Dug Well,5,6.092,0.975894461506981,4.82,7.4,FALSE,TRUE
W15663,UP,Fatehpur,Dug Well,5,11.758,4.79852789926244,6.05,18.52,TRUE,FALSE
W15670,UP,Ghaziabad,Dug Well,5,4.224,0.630777298259853,3.36,4.96,FALSE,FALSE
W15671,UP,Ghaziabad,Dug Well,4,5.4075,1.41013888204909,4.63,7.52,FALSE,FALSE
W15672,UP,Ghaziabad,Dug Well,5,7.36,0.684470598345904,6.55,8.29,TRUE,TRUE
W15673,UP,Ghaziabad,Dug Well,5,12.314,1.01795382999427,10.73,13.26,FALSE,FALSE
W15675,UP,Ghaziabad,Dug Well,5,6.538,0.326680271825527,6.12,6.98,FALSE,TRUE
W15690,UP,Gonda,Dug Well,5,3.25,0.630793151516406,2.62,4.2,FALSE,FALSE
W15691,UP,Gonda,Dug Well,5,3.854,0.239018827710287,3.52,4.09,FALSE,FALSE
W15692,UP,Gonda,Dug Well,5,4.734,0.617114251982564,4.25,5.5,FALSE,FALSE
W15693,UP,Gonda,Dug Well,5,5.486,0.530594006750924,5.06,6.09,FALSE,FALSE
W15694,UP,Gonda,Dug Well,5,4.414,0.595130237847146,3.9,5.2,FALSE,FALSE
W15695,UP,Gonda,Dug Well,5,4.588,0.477147775851465,4.14,5.1,FALSE,FALSE
W15696,UP,Gorakhpur,Dug Well,5,4.6,0.163554272337961,4.38,4.79,FALSE,FALSE
W15697,UP,Gorakhpur,Dug Well,4,4.56,0.213697605664328,4.4,4.87,FALSE,FALSE
W15698,UP,Gorakhpur,Dug Well,5,5.884,0.0698569967862919,5.83,6,FALSE,FALSE
W15699,UP,Gorakhpur,Dug Well,5,5.006,0.223897297884544,4.75,5.3,FALSE,FALSE
W15700,UP,Gorakhpur,Dug Well,5,2.726,0.289274955708233,2.27,3.07,FALSE,FALSE
W15701,UP,Gorakhpur,Dug Well,4,5.36,0.306920185064456,5,5.75,FALSE,FALSE
W15702,UP,Gorakhpur,Dug Well,5,4.984,0.522235579025405,4.36,5.53,FALSE,FALSE
W15703,UP,Hamirpur,Dug Well,5,19.788,1.71021051335793,16.89,21.3,FALSE,FALSE
W15704,UP,Hamirpur,Dug Well,5,3.996,0.283337254874822,3.62,4.4,FALSE,FALSE
W15705,UP,Hamirpur,Dug Well,5,7.83,1.27080683032474,6.88,10,TRUE,TRUE
W15706,UP,Hamirpur,Dug Well,5,5.462,0.778826039626308,4.35,6.3,FALSE,FALSE
W15707,UP,Hamirpur,Dug Well,4,8.435,0.695389579061023,7.97,9.47,TRUE,TRUE
W15708,UP,Hamirpur,Dug Well,5,12.048,1.56922592382359,10.12,13.81,FALSE,FALSE
W15709,UP,Hamirpur,Dug Well,4,11.77,1.32446215498971,10.52,13.61,FALSE,FALSE
W15710,UP,Hardoi,Dug Well,5,4.34,0.801217823066861,3.78,5.75,FALSE,FALSE
W15711,UP,Hardoi,Dug Well,5,3.768,0.429383278668371,3.06,4.18,FALSE,FALSE
W15712,UP,Hardoi,Dug Well,4,4.7575,0.339840648932212,4.5,5.23,FALSE,FALSE
W15714,UP,Hardoi,Dug Well,5,2.03,0.475184174820669,1.5,2.64,FALSE,FALSE
W15715,UP,Hardoi,Dug Well,5,8.982,1.80744847782724,5.77,10.12,TRUE,TRUE
W15716,UP,Hardoi,Dug Well,3,1.32333333333333,0.205020324195757,1.2,1.56,FALSE,FALSE
W15717,UP,Hardoi,Dug Well,5,5.44,1.07726505559217,3.65,6.35,FALSE,FALSE
W15718,UP,Hardoi,Dug Well,5,13.576,0.25323901753087,13.2,13.85,FALSE,FALSE
W15719,UP,Hardoi,Dug Well,5,3.728,0.617146660041193,2.7,4.21,FALSE,FALSE
W15720,UP,Hardoi,Dug Well,5,6.204,0.630777298259853,5.4,7.17,FALSE,TRUE
W15721,UP,Hardoi,Dug Well,4,4.1225,0.521687965486394,3.42,4.62,FALSE,FALSE
W15722,UP,Hardoi,Dug Well,4,4.48,0.856465605458464,3.21,5.04,FALSE,FALSE
W15723,UP,Hardoi,Dug Well,5,4.662,1.12943348631073,3.74,6.44,FALSE,FALSE
W15724,UP,Hardoi,Dug Well,4,4.56,0.992538832153853,3.67,5.9,FALSE,FALSE
W15725,UP,Hardoi,Dug Well,5,3.652,0.425699424476942,3.17,4.26,FALSE,FALSE
W15726,UP,Hardoi,Dug Well,5,3.864,0.289793029591811,3.45,4.25,FALSE,FALSE
W15727,UP,Hardoi,Dug Well,5,3.892,0.99283432656209,3.3,5.64,FALSE,FALSE
W15728,UP,Hardoi,Dug Well,4,3.3375,0.259277843249283,2.96,3.53,FALSE,FALSE
W15729,UP,Mahamaya Nagar,Dug Well,5,3.912,0.644414462904116,3.3,4.61,FALSE,FALSE
W15731,UP,Mahamaya Nagar,Dug Well,5,9.526,2.66838527952768,5.65,13.15,TRUE,TRUE
W15732,UP,Aligarh,Dug Well,3,8.89,0,8.89,8.89,FALSE,TRUE
W15733,UP,Mahamaya Nagar,Dug Well,5,10.58,1.12634364205601,8.7,11.61,FALSE,FALSE
W15734,UP,Mahamaya Nagar,Dug Well,3,13.1333333333333,0.548482755730144,12.5,13.45,FALSE,FALSE
W15737,UP,Jalaun,Dug Well,5,1.974,0.563320512674623,1.44,2.91,FALSE,FALSE
W15738,UP,Jalaun,Dug Well,5,18.058,2.2779749779135,15.72,21.14,FALSE,FALSE
W15740,UP,Jalaun,Dug Well,4,13.245,0.77556431067965,12.4,14.23,FALSE,FALSE
W15741,UP,Jalaun,Dug Well,5,14.572,0.584183190446285,13.9,15.25,FALSE,FALSE
W15742,UP,Jalaun,Dug Well,5,2.928,0.406472631304987,2.48,3.55,FALSE,FALSE
W15743,UP,Jaunpur,Dug Well,5,5.26,0.466422555200754,4.49,5.7,FALSE,FALSE
W15745,UP,Jaunpur,Dug Well,5,4.936,0.845653593382066,3.9,5.97,FALSE,FALSE
W15746,UP,Jaunpur,Dug Well,3,3.77,0.795047168412039,2.98,4.57,FALSE,FALSE
W15748,UP,Jaunpur,Dug Well,5,6.362,1.82984152319265,3.76,8.55,TRUE,TRUE
W15749,UP,Jaunpur,Dug Well,5,5.066,1.13898200161372,3.87,6.85,FALSE,FALSE
W15750,UP,Jaunpur,Dug Well,5,3.162,0.646931217363948,2.15,3.9,FALSE,FALSE
W15751,UP,Jaunpur,Dug Well,5,5.218,0.383562250488757,4.71,5.67,FALSE,FALSE
W15752,UP,Jaunpur,Dug Well,5,5.558,1.20541279236617,3.66,6.99,FALSE,FALSE
W15753,UP,Jaunpur,Dug Well,4,7.51,0.870134089283562,6.47,8.6,TRUE,TRUE
W15754,UP,Jaunpur,Dug Well,4,6.1875,0.54119466614765,5.4,6.6,FALSE,TRUE
W15755,UP,Jaunpur,Dug Well,4,6.22,1.01485631166847,5.45,7.7,FALSE,TRUE
W15756,UP,Jaunpur,Dug Well,5,8.164,1.12099509365563,6.81,9.81,TRUE,TRUE
W15758,UP,Jaunpur,Dug Well,4,4.0675,0.765914486088362,3.26,5.09,FALSE,FALSE
W15760,UP,Jaunpur,Dug Well,3,3.72333333333333,0.830321222981403,3,4.63,FALSE,FALSE
W15761,UP,Jaunpur,Dug Well,5,4.026,0.680279354383183,3.46,5.02,FALSE,FALSE
W15762,UP,Jaunpur,Dug Well,5,3.55,0.721248916810278,2.9,4.72,FALSE,FALSE
W15764,UP,Jaunpur,Dug Well,5,6.782,0.618966881181861,5.9,7.45,FALSE,TRUE
W15765,UP,Jaunpur,Dug Well,5,8,3.32192715151913,5.3,13.7,TRUE,TRUE
W15766,UP,Jaunpur,Dug Well,4,4.9625,0.989659032192401,3.95,6.02,FALSE,FALSE
W15767,UP,Jhansi,Dug Well,5,6.89,0.72711759709142,6.22,7.9,FALSE,TRUE
W15769,UP,Jhansi,Dug Well,5,8.358,0.405055551745684,7.89,9,TRUE,TRUE
W15770,UP,Jhansi,Dug Well,5,10.594,0.916149551110516,9.09,11.53,FALSE,FALSE
W15771,UP,Jhansi,Dug Well,4,10.1175,1.38437410647074,8.66,11.35,FALSE,FALSE
W15772,UP,Jhansi,Dug Well,3,7.50333333333333,1.92961999713242,6.32,9.73,TRUE,TRUE
W15773,UP,Jhansi,Dug Well,5,11.884,0.591886813504068,11.02,12.69,FALSE,FALSE
W15774,UP,Jhansi,Dug Well,5,4.858,0.376921742540809,4.37,5.35,FALSE,FALSE
W15775,UP,Jhansi,Dug Well,5,6.144,1.49834241747339,4.94,8.43,TRUE,TRUE
W15776,UP,Jhansi,Dug Well,5,5.508,0.802383947994973,4.53,6.29,FALSE,FALSE
W15777,UP,Jyotiba Phule Nagar,Dug Well,4,2.8,0.141421356237309,2.7,3,FALSE,FALSE
W15778,UP,Jyotiba Phule Nagar,Dug Well,4,3.0625,0.835877782134844,2.56,4.31,FALSE,FALSE
W15780,UP,Kannauj,Dug Well,5,9.828,0.350884596413122,9.47,10.2,FALSE,TRUE
W15781,UP,Kannauj,Dug Well,3,7.89666666666667,2.53917965755347,6.24,10.82,TRUE,TRUE
W15782,UP,Kannauj,Dug Well,5,8.022,0.582383035467209,7.35,8.59,TRUE,TRUE
W15784,UP,Kanpur Dehat,Dug Well,4,3.4875,0.675986932812561,2.59,4.13,FALSE,FALSE
W15785,UP,Kanpur Dehat,Dug Well,5,4.804,0.89770819312291,3.85,5.67,FALSE,FALSE
W15786,UP,Kanpur Dehat,Dug Well,5,21.352,1.42127407631322,19.33,23.32,FALSE,FALSE
W15787,UP,Kanpur Dehat,Dug Well,5,10.688,1.10057712133226,8.9,11.62,FALSE,FALSE
W15788,UP,Kanpur Dehat,Dug Well,5,10.832,1.12348564743836,9.17,12.17,FALSE,FALSE
W15789,UP,Kanpur Dehat,Dug Well,5,9.684,1.25729073805544,8.55,11.15,FALSE,TRUE
W15790,UP,Kanpur Dehat,Dug Well,5,15.93,2.39422221190933,13.25,19.5,FALSE,FALSE
W15791,UP,Kanpur Dehat,Dug Well,5,2.858,0.722094176683346,2.06,3.65,FALSE,FALSE
W15792,UP,Kanpur Dehat,Dug Well,5,7.55,0.462439185190875,7,8.21,TRUE,TRUE
W15793,UP,Kanpur Nagar,Dug Well,5,2.474,0.34399127895922,2.21,2.88,FALSE,FALSE
W15794,UP,Kanpur Nagar,Dug Well,5,5.228,0.732168013505097,4.27,6.22,FALSE,FALSE
W15795,UP,Kanpur Nagar,Dug Well,4,23.675,1.4895301272549,21.93,25.56,FALSE,FALSE
W15796,UP,Kanpur Nagar,Dug Well,3,3.33333333333333,0.595007002759911,2.97,4.02,FALSE,FALSE
W15797,UP,Kanpur Nagar,Dug Well,4,3.7425,2.67211994491265,2.35,7.75,FALSE,FALSE
W15799,UP,Kanpur Nagar,Dug Well,3,13.83,1.55540991381693,12.64,15.59,FALSE,FALSE
W15800,UP,Kanpur Nagar,Dug Well,5,5.556,0.746277428306659,4.9,6.53,FALSE,FALSE
W15801,UP,Kanpur Nagar,Dug Well,5,5.72,0.31344856037315,5.29,6.11,FALSE,FALSE
W15802,UP,Kanpur Nagar,Dug Well,4,4.845,0.393319208785943,4.44,5.36,FALSE,FALSE
W15803,UP,Kanpur Nagar,Dug Well,5,11.634,2.55500097847339,8.09,14.31,FALSE,FALSE
W15805,UP,Kanpur Dehat,Dug Well,5,5.212,0.583926365220821,4.66,6.09,FALSE,FALSE
W15806,UP,Kaushambi,Dug Well,5,12.802,8.99115231769544,3,20.64,TRUE,FALSE
W15807,UP,Kaushambi,Dug Well,3,14.9033333333333,0.0950438495292214,14.81,15,FALSE,FALSE
W15808,UP,Kaushambi,Dug Well,4,13.4025,1.70541050776639,11.06,14.9,FALSE,FALSE
W15810,UP,Kaushambi,Dug Well,4,7.05,1.57185665164904,5.2,8.95,TRUE,TRUE
W15811,UP,Kaushambi,Dug Well,3,15.3966666666667,0.325166623953526,15.11,15.75,FALSE,FALSE
W15812,UP,Kaushambi,Dug Well,5,15.61,1.78549712965325,12.45,16.55,FALSE,FALSE
W15813,UP,Kaushambi,Dug Well,4,7.69,1.42753867431557,6.55,9.67,TRUE,TRUE
W15814,UP,Kaushambi,Dug Well,5,26.712,7.35219151001931,13.56,30,FALSE,FALSE
W15816,UP,Kaushambi,Dug Well,4,15.8375,1.125,14.15,16.4,FALSE,FALSE
W15818,UP,Kheri,Dug Well,5,5.876,0.780756043844683,4.93,6.55,FALSE,FALSE
W15819,UP,Kheri,Dug Well,5,8.574,1.45350610593833,7.42,10.86,TRUE,TRUE
W15820,UP,Kheri,Dug Well,4,4.725,0.286414617876486,4.39,5.09,FALSE,FALSE
W15821,UP,Kheri,Dug Well,5,8.588,0.319483958908738,8.2,9.06,FALSE,TRUE
W15822,UP,Kushinagar,Dug Well,5,2.564,0.133716117203574,2.4,2.72,FALSE,FALSE
W15823,UP,Kushinagar,Dug Well,5,2.852,0.289430475244056,2.47,3.18,FALSE,FALSE
W15824,UP,Kushinagar,Dug Well,5,3.8,0.190394327646598,3.6,4,FALSE,FALSE
W15825,UP,Kushinagar,Dug Well,4,4.51,1.33932818980263,3.62,6.5,FALSE,FALSE
W15826,UP,Kushinagar,Dug Well,5,3.89,0.340734500748017,3.42,4.32,FALSE,FALSE
W15827,UP,Kushinagar,Dug Well,4,3.845,0.194336477961979,3.59,4.02,FALSE,FALSE
W15828,UP,Lalitpur,Dug Well,5,5.916,0.34158454297582,5.52,6.29,FALSE,FALSE
W15829,UP,Lalitpur,Dug Well,5,6.594,0.596221435374476,5.96,7.32,FALSE,TRUE
W15830,UP,Lalitpur,Dug Well,5,4.366,0.90745798800826,3.3,5.34,FALSE,FALSE
W15831,UP,Lalitpur,Dug Well,5,8.394,0.550299918226416,7.85,9.09,TRUE,TRUE
W15832,UP,Lalitpur,Dug Well,5,10.844,0.775519180936229,10,11.68,FALSE,FALSE
W15833,UP,Lalitpur,Dug Well,5,4.67,0.797276614482076,3.68,5.79,FALSE,FALSE
W15834,UP,Lalitpur,Dug Well,5,1.44,0.493710441453288,0.93,2.1,FALSE,FALSE
W15835,UP,Lucknow,Dug Well,5,7.476,0.787292829892411,6.54,8.25,TRUE,TRUE
W15836,UP,Lucknow,Dug Well,3,7.77666666666667,0.161658075373095,7.63,7.95,FALSE,TRUE
W15837,UP,Lucknow,Dug Well,4,9,0,9,9,FALSE,TRUE
W15838,UP,Lucknow,Dug Well,5,4.04,0.522876658496055,3.66,4.96,FALSE,FALSE
W15839,UP,Lucknow,Dug Well,5,8.474,0.766080935671943,7.55,9.26,TRUE,TRUE
W15840,UP,Lucknow,Dug Well,4,7.1,0,7.1,7.1,FALSE,TRUE
W15841,UP,Lucknow,Dug Well,5,5.626,0.600024999479189,5.05,6.3,FALSE,FALSE
W15842,UP,Lucknow,Dug Well,5,6.36,0.337712895815366,5.88,6.63,FALSE,TRUE
W15847,UP,Mahoba,Dug Well,5,7.072,1.90577280912495,4.93,9.4,TRUE,TRUE
W15848,UP,Mahoba,Dug Well,3,5.60666666666667,0.553022000767902,5.09,6.19,FALSE,FALSE
W15849,UP,Mahoba,Dug Well,5,6.61,1.59232534364055,5.21,8.94,TRUE,TRUE
W15850,UP,Mahoba,Dug Well,5,10.272,0.73839014077925,9.45,11.4,FALSE,FALSE
W15851,UP,Mahoba,Dug Well,3,5.38333333333333,1.03722385883344,4.45,6.5,FALSE,FALSE
W15852,UP,Maharajganj,Dug Well,5,1.644,0.289102058104054,1.22,2.03,FALSE,FALSE
W15853,UP,Maharajganj,Dug Well,4,4.8275,1.58483174711597,3.45,6.2,FALSE,FALSE
W15854,UP,Maharajganj,Dug Well,5,3.386,0.204890214505232,3.12,3.64,FALSE,FALSE
W15855,UP,Maharajganj,Dug Well,5,2.904,0.269499536177709,2.46,3.18,FALSE,FALSE
W15856,UP,Maharajganj,Dug Well,5,2.948,0.535135496860375,2.17,3.52,FALSE,FALSE
W15858,UP,Maharajganj,Dug Well,5,3.974,0.309725685082784,3.51,4.34,FALSE,FALSE
W15859,UP,Maharajganj,Dug Well,5,2.69,0.278118679703468,2.2,2.89,FALSE,FALSE
W15860,UP,Maharajganj,Dug Well,5,3.786,0.566418573141807,2.99,4.23,FALSE,FALSE
W15861,UP,Maharajganj,Dug Well,5,4.818,0.21487205495364,4.52,5.07,FALSE,FALSE
W15862,UP,Mainpuri,Dug Well,4,4.085,0.188591268797542,3.9,4.34,FALSE,FALSE
W15863,UP,Mainpuri,Dug Well,5,0.972,0.259846108302587,0.74,1.4,FALSE,FALSE
W15864,UP,Mainpuri,Dug Well,5,3.226,0.287715136897592,2.9,3.66,FALSE,FALSE
W15865,UP,Mainpuri,Dug Well,5,5.466,0.616668468465836,5.05,6.55,FALSE,FALSE
W15866,UP,Mainpuri,Dug Well,5,3.142,0.296765901006163,2.85,3.5,FALSE,FALSE
W15867,UP,Mainpuri,Dug Well,5,5.78,0.56938563381947,4.9,6.4,FALSE,FALSE
W15868,UP,Mathura,Dug Well,5,13.814,0.658771584086624,13.1,14.5,FALSE,FALSE
W15869,UP,Mathura,Dug Well,5,2.85,0.250399680510978,2.5,3.13,FALSE,FALSE
W15872,UP,Mathura,Dug Well,5,5.138,1.87767675599396,3,7.93,FALSE,FALSE
W15873,UP,Mathura,Dug Well,4,3.7575,0.427190433725601,3.2,4.23,FALSE,FALSE
W15874,UP,Mathura,Dug Well,3,9.39,0.216333076527839,9.15,9.57,FALSE,TRUE
W15876,UP,Mathura,Dug Well,5,9.858,3.47676861467657,4.26,12.9,TRUE,TRUE
W15877,UP,Mathura,Dug Well,5,16.542,1.43489372428762,15.2,18.97,FALSE,FALSE
W15878,UP,Mathura,Dug Well,5,6.776,1.01674972338329,5.71,8.12,TRUE,TRUE
W15879,UP,Mau,Dug Well,4,3.1425,0.515840737695916,2.55,3.8,FALSE,FALSE
W15881,UP,Mau,Dug Well,5,6.906,1.85215550103116,4.62,9.31,TRUE,TRUE
W15882,UP,Mau,Dug Well,5,4.542,0.925240509273129,3.24,5.59,FALSE,FALSE
W15883,UP,Mau,Dug Well,3,8.72333333333333,0.553202795847358,8.36,9.36,FALSE,TRUE
W15884,UP,Mau,Dug Well,4,6.2575,0.751282237245099,5.47,6.9,FALSE,TRUE
W15885,UP,Mau,Dug Well,5,5.62,0.829095893126965,4.35,6.47,FALSE,FALSE
W15886,UP,Meerut,Dug Well,5,8.688,0.556884189037541,7.83,9.34,TRUE,TRUE
W15887,UP,Meerut,Dug Well,5,14.264,0.477629563574116,13.6,14.7,FALSE,FALSE
W15888,UP,Meerut,Dug Well,4,5.485,1.79474232133752,3.7,7.03,FALSE,FALSE
W15891,UP,Mirzapur,Dug Well,5,13.008,0.18740330840196,12.78,13.22,FALSE,FALSE
W15892,UP,Mirzapur,Dug Well,5,4.556,1.27823315557061,3.39,6.53,FALSE,FALSE
W15893,UP,Mirzapur,Dug Well,5,5.802,1.29611727864418,4.02,7.03,FALSE,FALSE
W15894,UP,Mirzapur,Dug Well,5,11.334,0.828993365474055,10.18,12.45,FALSE,FALSE
W15895,UP,Mirzapur,Dug Well,5,7.854,1.28762572201708,6.18,9.3,TRUE,TRUE
W15896,UP,Mirzapur,Dug Well,5,12.372,0.989757546068733,10.65,13.05,FALSE,FALSE
W15897,UP,Mirzapur,Dug Well,5,7.926,3.57391661906094,2.02,11.3,TRUE,TRUE
W15899,UP,Moradabad,Dug Well,5,3.196,0.505499752720019,2.4,3.75,FALSE,FALSE
W15900,UP,Moradabad,Dug Well,5,3.512,0.490581287861655,2.95,4.06,FALSE,FALSE
W15901,UP,Moradabad,Dug Well,5,3.28,0.560490856303651,2.67,4.2,FALSE,FALSE
W15904,UP,Muzaffarnagar,Dug Well,3,4.29333333333333,0.189296944860009,4.16,4.51,FALSE,FALSE
W15905,UP,Muzaffarnagar,Dug Well,3,5.40333333333333,0.398036849215412,4.98,5.77,FALSE,FALSE
W15906,UP,Muzaffarnagar,Dug Well,3,12.7666666666667,0.380832421588988,12.33,13.03,FALSE,FALSE
W15908,UP,Muzaffarnagar,Dug Well,4,3.64,0.108627804912002,3.56,3.8,FALSE,FALSE
W15910,UP,Muzaffarnagar,Dug Well,4,7.8725,0.766088550147218,6.93,8.6,TRUE,TRUE
W15911,UP,Pilibhit,Dug Well,3,3.98333333333333,0.560119034967866,3.43,4.55,FALSE,FALSE
W15912,UP,Pilibhit,Dug Well,4,2.8675,0.348173807171074,2.48,3.31,FALSE,FALSE
W15913,UP,Pratapgarh,Dug Well,5,6.626,1.48065188346215,5.28,8.9,TRUE,TRUE
W15914,UP,Pratapgarh,Dug Well,4,5.295,0.540030863315545,4.97,6.1,FALSE,FALSE
W15915,UP,Pratapgarh,Dug Well,5,2.806,0.211730961363708,2.62,3.15,FALSE,FALSE
W15916,UP,Pratapgarh,Dug Well,5,5.466,0.729506682628748,4.34,6.08,FALSE,FALSE
W15917,UP,Pratapgarh,Dug Well,5,5.404,0.640491998388739,4.65,6.04,FALSE,FALSE
W15918,UP,Pratapgarh,Dug Well,5,10.834,2.54262266174122,7.53,14.04,TRUE,FALSE
W15919,UP,Pratapgarh,Dug Well,5,5.254,0.603970197940263,4.48,6.11,FALSE,FALSE
W15920,UP,Pratapgarh,Dug Well,5,6.018,0.688200552164847,5.02,6.9,FALSE,TRUE
W15921,UP,Pratapgarh,Dug Well,5,9.656,1.9341354657831,6.78,11.3,TRUE,TRUE
W15922,UP,Pratapgarh,Dug Well,5,5.796,0.531253235284266,5.03,6.39,FALSE,FALSE
W15923,UP,Pratapgarh,Dug Well,5,12.756,2.42994444380936,8.55,14.32,FALSE,FALSE
W15924,UP,Pratapgarh,Dug Well,5,4.464,0.76568923199951,3.51,5.47,FALSE,FALSE
W15925,UP,Pratapgarh,Dug Well,5,5.428,0.30285309970347,5.1,5.9,FALSE,FALSE
W15926,UP,Pratapgarh,Dug Well,5,5.5,0.43914690025093,5.22,6.24,FALSE,FALSE
W15927,UP,Pratapgarh,Dug Well,5,8.42,0.877923686888558,7.34,9.45,TRUE,TRUE
W15928,UP,Pratapgarh,Dug Well,5,9.508,0.724099440684772,8.37,10.37,FALSE,TRUE
W15929,UP,Pratapgarh,Dug Well,5,6.17,1.73160330330015,3.82,8.12,TRUE,TRUE
W15930,UP,Rae Bareli,Dug Well,4,7.68,1.84802597384344,5,9.2,TRUE,TRUE
W15931,UP,Rae Bareli,Dug Well,5,4.978,0.522417457594978,4.4,5.7,FALSE,FALSE
W15932,UP,Rae Bareli,Dug Well,5,3.894,0.37845739522435,3.33,4.33,FALSE,FALSE
W15933,UP,Rae Bareli,Dug Well,5,5.96,1.00943053252812,4.62,7.38,FALSE,FALSE
W15934,UP,Rae Bareli,Dug Well,5,3.694,1.32481319437874,2.77,5.97,FALSE,FALSE
W15935,UP,Rae Bareli,Dug Well,4,4.2125,0.722697493192461,3.4,5.15,FALSE,FALSE
W15936,UP,Rae Bareli,Dug Well,5,4.77,0.416233107765348,4.2,5.3,FALSE,FALSE
W15937,UP,Rae Bareli,Dug Well,5,6.33,0.529622507074615,5.77,7.02,FALSE,TRUE
W15938,UP,Rae Bareli,Dug Well,4,7.765,1.924309399932,6,9.43,TRUE,TRUE
W15940,UP,Rae Bareli,Dug Well,4,13.35,0.3,12.9,13.5,FALSE,FALSE
W15941,UP,Rae Bareli,Dug Well,5,8.78,1.11184531298198,7.57,10.2,TRUE,TRUE
W15942,UP,Rae Bareli,Dug Well,5,4.264,0.54747602687241,3.8,5.2,FALSE,FALSE
W15943,UP,Rae Bareli,Dug Well,5,6.48,0.61233160950583,5.81,7.33,FALSE,TRUE
W15944,UP,Rae Bareli,Dug Well,4,9.1425,6.70043966219133,5.3,19.17,TRUE,TRUE
W15945,UP,Rae Bareli,Dug Well,3,8.26333333333333,1.23621734874307,7.06,9.53,TRUE,TRUE
W15946,UP,Rae Bareli,Dug Well,5,10.36,0.764362479455919,9.65,11.2,FALSE,FALSE
W15947,UP,Rae Bareli,Dug Well,5,9.126,1.33571329258939,7.53,10.7,TRUE,TRUE
W15948,UP,Rae Bareli,Dug Well,4,8.7675,0.461762926186154,8.22,9.35,FALSE,TRUE
W15949,UP,Rae Bareli,Dug Well,3,7.07333333333333,0.178978583448784,6.97,7.28,FALSE,TRUE
W15950,UP,Rae Bareli,Dug Well,4,6.2925,1.05809183596384,5.2,7.6,FALSE,TRUE
W15951,UP,Rae Bareli,Dug Well,4,7.825,0.28360771028541,7.41,8.03,TRUE,TRUE
W15952,UP,Rae Bareli,Dug Well,5,9.772,0.610712698410635,8.9,10.35,FALSE,TRUE
W15954,UP,Rae Bareli,Dug Well,5,5.206,0.378325256888831,4.78,5.73,FALSE,FALSE
W15956,UP,Rae Bareli,Dug Well,4,3.9825,0.565884263785449,3.2,4.55,FALSE,FALSE
W15957,UP,Rae Bareli,Dug Well,4,4.5025,0.491824833316362,4.16,5.23,FALSE,FALSE
W15958,UP,Rae Bareli,Dug Well,5,4.404,0.505549206309337,3.75,5.15,FALSE,FALSE
W15959,UP,Rae Bareli,Dug Well,4,4.7325,0.480511879839268,4.08,5.2,FALSE,FALSE
W15960,UP,Rae Bareli,Dug Well,5,7.626,0.656795249678315,6.68,8.3,TRUE,TRUE
W15963,UP,Rampur,Dug Well,3,6.77,1.55884572681199,4.97,7.67,FALSE,TRUE
W15964,UP,Rampur,Dug Well,5,5.196,0.481175643606365,4.68,5.97,FALSE,FALSE
W15965,UP,Rampur,Dug Well,4,4.7925,2.71690234151567,1.88,8.45,TRUE,FALSE
W15967,UP,Rampur,Dug Well,4,4.9425,1.52279074946844,2.8,6.03,FALSE,FALSE
W15968,UP,Rampur,Dug Well,4,4.1775,1.29286181267244,2.28,5.18,FALSE,FALSE
W15970,UP,Rampur,Dug Well,5,4.19,1.02323017938292,2.59,5.23,FALSE,FALSE
W15971,UP,Saharanpur,Dug Well,5,8.024,3.15198826139946,3.65,12.2,TRUE,TRUE
W15972,UP,Saharanpur,Dug Well,5,7.51,1.09974997158445,6.55,9.34,TRUE,TRUE
W15973,UP,Saharanpur,Dug Well,5,5.8,0.945224840977003,4.73,7.2,FALSE,FALSE
W15974,UP,Saharanpur,Dug Well,5,10.886,0.292284108360342,10.57,11.36,FALSE,FALSE
W15976,UP,Saharanpur,Dug Well,4,7.2875,0.737354505422369,6.86,8.39,TRUE,TRUE
W15977,UP,Saharanpur,Dug Well,3,4.31,0.0916515138991167,4.23,4.41,FALSE,FALSE
W15978,UP,Saharanpur,Dug Well,5,34.638,1.7961820620416,32.35,36.92,FALSE,FALSE
W15979,UP,Sant Kabir Nagar,Dug Well,5,4.422,0.148222805262888,4.23,4.55,FALSE,FALSE
W15980,UP,Sant Kabir Nagar,Dug Well,5,3.76,0.152315462117278,3.55,3.98,FALSE,FALSE
W15981,UP,Sant Kabir Nagar,Dug Well,5,4.922,0.279588984046224,4.64,5.34,FALSE,FALSE
W15982,UP,Sant Kabir Nagar,Dug Well,5,5.632,0.83244819658643,4.84,6.5,FALSE,FALSE
W15983,UP,Sant Ravi Das Nagar(bhadohi),Dug Well,5,11.87,1.44918942861173,9.43,13.03,FALSE,FALSE
W15984,UP,Sant Ravi Das Nagar(bhadohi),Dug Well,5,5.614,1.18523415408096,3.52,6.35,FALSE,FALSE
W15985,UP,Sant Ravi Das Nagar(bhadohi),Dug Well,5,9.006,1.43496689857293,6.75,10.49,TRUE,TRUE
W15986,UP,Shahjahanpur,Dug Well,5,9.55,0.872525071273026,8.46,10.35,FALSE,TRUE
W15987,UP,Shahjahanpur,Dug Well,5,3.614,1.79143238778359,1.38,6.22,FALSE,FALSE
W15988,UP,Shahjahanpur,Dug Well,5,6.324,0.277722883464795,6.01,6.76,FALSE,TRUE
W15989,UP,Shahjahanpur,Dug Well,5,7.546,0.759427415886469,6.74,8.48,TRUE,TRUE
W15990,UP,Shahjahanpur,Dug Well,5,4.826,0.397152363709446,4.45,5.47,FALSE,FALSE
W15991,UP,Shahjahanpur,Dug Well,5,4.086,0.168166584076623,3.82,4.26,FALSE,FALSE
W15992,UP,Shrawasti,Dug Well,3,3.56333333333333,0.297040962382856,3.23,3.8,FALSE,FALSE
W15993,UP,Shrawasti,Dug Well,4,5.0625,1.13687803508849,3.96,6.15,FALSE,FALSE
W15994,UP,Shrawasti,Dug Well,3,5.91333333333333,0.306159000085468,5.56,6.1,FALSE,FALSE
W15995,UP,Bahraich,Dug Well,4,7.5725,1.84404220848295,6.12,10.19,TRUE,TRUE
W15996,UP,Shrawasti,Dug Well,4,3.91,0.582694888713925,3.23,4.55,FALSE,FALSE
W15997,UP,Shrawasti,Dug Well,4,4.7925,0.409257457679963,4.37,5.35,FALSE,FALSE
W15998,UP,Shrawasti,Dug Well,4,3.18,0.0898146239020499,3.08,3.27,FALSE,FALSE
W15999,UP,Shrawasti,Dug Well,3,3.28,0.410731055558257,2.82,3.61,FALSE,FALSE
W16000,UP,Shrawasti,Dug Well,4,3.395,0.321091887160046,3.15,3.84,FALSE,FALSE
W16001,UP,Shrawasti,Dug Well,4,5.0825,0.76438973479938,4.46,6.1,FALSE,FALSE
W16002,UP,Siddharth Nagar,Dug Well,4,4.34,0.074833147735479,4.26,4.44,FALSE,FALSE
W16003,UP,Siddharth Nagar,Dug Well,4,5.8225,0.408033903820095,5.35,6.33,FALSE,FALSE
W16004,UP,Sitapur,Dug Well,4,4.1875,0.318577567739266,3.85,4.61,FALSE,FALSE
W16005,UP,Sitapur,Dug Well,5,5.076,0.423060279392901,4.74,5.81,FALSE,FALSE
W16006,UP,Sitapur,Dug Well,5,8.408,0.635114162965998,7.73,9.07,TRUE,TRUE
W16007,UP,Sitapur,Dug Well,4,6.81,0.52198339692625,6.35,7.32,FALSE,TRUE
W16009,UP,Sitapur,Dug Well,4,5.7675,0.661481922151568,4.96,6.38,FALSE,FALSE
W16010,UP,Sitapur,Dug Well,5,2.642,0.1630030674558,2.45,2.89,FALSE,FALSE
W16011,UP,Sitapur,Dug Well,4,4.2875,0.386296518234374,3.93,4.83,FALSE,FALSE
W16012,UP,Sitapur,Dug Well,5,4.518,0.447794595769087,3.81,5.03,FALSE,FALSE
W16013,UP,Sitapur,Dug Well,4,6.2575,0.747724325314261,5.35,7.16,FALSE,TRUE
W16014,UP,Sitapur,Dug Well,4,2.845,0.207284024147223,2.57,3.01,FALSE,FALSE
W16015,UP,Sitapur,Dug Well,5,7.922,0.617834929410761,6.98,8.39,TRUE,TRUE
W16016,UP,Sonbhadra,Dug Well,4,7.4825,1.13155865954885,6.42,8.94,TRUE,TRUE
W16017,UP,Sonbhadra,Dug Well,5,4.268,1.28423907431599,2.58,6.15,FALSE,FALSE
W16018,UP,Sonbhadra,Dug Well,5,5.47,0.583395234810844,4.77,6.15,FALSE,FALSE
W16019,UP,Sonbhadra,Dug Well,5,17.472,3.73726771853449,11,20.25,FALSE,FALSE
W16020,UP,Sonbhadra,Dug Well,5,7.492,0.700228534122967,6.28,8.03,TRUE,TRUE
W16021,UP,Sonbhadra,Dug Well,5,5.26,0.572013985843004,4.75,5.93,FALSE,FALSE
W16022,UP,Sultanpur,Dug Well,3,5.23666666666667,0.845596436447868,4.41,6.1,FALSE,FALSE
W16023,UP,Sultanpur,Dug Well,5,6,0.437264222181509,5.27,6.38,FALSE,TRUE
W16024,UP,Sultanpur,Dug Well,5,4.744,0.528989602922402,3.88,5.2,FALSE,FALSE
W16025,UP,Sultanpur,Dug Well,5,10.578,0.858556928805539,9.43,11.7,FALSE,FALSE
W16029,UP,Sultanpur,Dug Well,4,5.125,0.175404294892305,4.9,5.32,FALSE,FALSE
W16030,UP,Sultanpur,Dug Well,4,10.2825,0.913213191611539,9.17,11.17,FALSE,FALSE
W16031,UP,Sultanpur,Dug Well,4,9.625,0.55,8.8,9.9,FALSE,TRUE
W16032,UP,Sultanpur,Dug Well,4,3.7625,0.934001249106945,2.95,4.81,FALSE,FALSE
W16034,UP,Sultanpur,Dug Well,5,5.09,0.331963853453957,4.6,5.4,FALSE,FALSE
W16035,UP,Sultanpur,Dug Well,5,5.918,1.69622227317059,4.67,8.9,TRUE,FALSE
W16036,UP,Sultanpur,Dug Well,5,6.03,1.81909318068097,4.06,8.75,TRUE,TRUE
W16037,UP,Sultanpur,Dug Well,5,4.864,0.511057726680656,4.08,5.47,FALSE,FALSE
W16038,UP,Sultanpur,Dug Well,5,6.562,0.463594650529965,6.09,7.21,FALSE,TRUE
W16039,UP,Sultanpur,Dug Well,5,5.09,0.651076032426321,4.42,6.17,FALSE,FALSE
W16040,UP,Sultanpur,Dug Well,5,5.692,0.580921681468337,4.92,6.51,FALSE,FALSE
W16041,UP,Sultanpur,Dug Well,4,5.45,0.641612551830672,5.07,6.41,FALSE,FALSE
W16042,UP,Sultanpur,Dug Well,4,3.7625,0.231282655351988,3.44,3.94,FALSE,FALSE
W16043,UP,Sultanpur,Dug Well,5,7.738,0.69506834196358,7.19,8.63,TRUE,TRUE
W16045,UP,Unnao,Dug Well,4,5.305,0.542617114854787,4.91,6.08,FALSE,FALSE
W16046,UP,Unnao,Dug Well,5,5.684,0.448475194408788,5.22,6.42,FALSE,FALSE
W16047,UP,Unnao,Dug Well,5,2.844,0.448976614090311,2.34,3.55,FALSE,FALSE
W16048,UP,Unnao,Dug Well,5,5.394,1.46762733689449,3.62,7.6,FALSE,FALSE
W16049,UP,Unnao,Dug Well,4,1.5575,0.54865745233251,0.9,2.21,FALSE,FALSE
W16050,UP,Unnao,Dug Well,5,5.388,1.03883107385176,4.2,6.61,FALSE,FALSE
W16052,UP,Unnao,Dug Well,5,5.996,0.78976578806631,5.32,6.88,FALSE,FALSE
W16053,UP,Unnao,Dug Well,5,3.778,0.42180564244685,3.3,4.15,FALSE,FALSE
W16054,UP,Unnao,Dug Well,5,3.192,0.835056884289927,2.5,4.2,FALSE,FALSE
W16055,UP,Unnao,Dug Well,4,6.8175,0.595,6.38,7.67,FALSE,TRUE
W16056,UP,Unnao,Dug Well,5,4.768,0.627869413174428,4.33,5.75,FALSE,FALSE
W16057,UP,Unnao,Dug Well,5,2.456,0.280855834904671,2.14,2.9,FALSE,FALSE
W16058,UP,Unnao,Dug Well,5,4.172,0.201419959289044,3.82,4.32,FALSE,FALSE
W16059,UP,Unnao,Dug Well,4,11.445,4.76291577362719,6.65,15.54,TRUE,FALSE
W16061,UP,Unnao,Dug Well,5,3.192,0.238579127335146,2.87,3.49,FALSE,FALSE
W16062,UP,Unnao,Dug Well,5,6.47,0.460434577328853,5.69,6.84,FALSE,TRUE
W16063,UP,Unnao,Dug Well,5,7.708,0.836403012907056,6.39,8.65,TRUE,TRUE
W16064,UP,Unnao,Dug Well,5,3.404,0.335901771355853,2.98,3.79,FALSE,FALSE
W16065,UP,Unnao,Dug Well,4,13.19,1.05185550338438,12.07,14.23,FALSE,FALSE
W16066,UP,Unnao,Dug Well,3,6.30333333333333,2.44908826572938,4.6,9.11,TRUE,TRUE
W16067,UP,Unnao,Dug Well,5,2.404,0.529367547173039,1.9,3.09,FALSE,FALSE
W16068,UP,Unnao,Dug Well,4,8.72,0.562020165711753,7.97,9.25,TRUE,TRUE
W16069,UP,Unnao,Dug Well,5,3.952,1.17135391748182,2.26,5.11,FALSE,FALSE
W16070,UP,Varanasi,Dug Well,5,6.74,1.05848948979194,4.95,7.55,FALSE,TRUE
W16072,UP,Varanasi,Dug Well,5,8.152,0.365745813373168,7.56,8.53,TRUE,TRUE
W16073,UP,Varanasi,Dug Well,5,4.002,0.90491436058889,2.4,4.56,FALSE,FALSE
W16074,UP,Varanasi,Dug Well,5,10.434,1.60788059258143,8.8,12.15,FALSE,FALSE
W16075,UP,Varanasi,Dug Well,5,6.572,0.960999479708496,5.73,7.65,FALSE,TRUE
W16076,UP,Varanasi,Dug Well,5,5.14,0.569605126381426,4.56,5.88,FALSE,FALSE
W16077,UP,Varanasi,Dug Well,3,14.7633333333333,1.07598017329937,13.53,15.51,FALSE,FALSE
