pc11_state_id,state_name,unit,age,quat,km2,share
01,jammu kashmir,LADAKH GRANITOID COMPLEX,CRETACEOUS - TERTIARY,FALSE,37400,0.175155134059244
01,jammu kashmir,KARAKORAM GRANITOID COMPLEX Gp.,CRETACEOUS - TERTIARY,FALSE,20675,0.0968270694298092
01,jammu kashmir,UNDIFF.FLUVIAL / AEOLIAN / COASTA & GLACIAL  SEDIMENTS,QUATERNARY,TRUE,17150,0.0803184638801077
01,jammu kashmir,Undiff. Palaeozoic Fms,PALAEOZOIC,FALSE,12525,0.0586582367404285
01,jammu kashmir,ACID  INTRUSIVE / GRANITE / GRANODIORITE,TERTIARY,FALSE,8350,0.0391054911602857
01,jammu kashmir,Unmapped Area,(absent),,8000,0.0374663388362019
01,jammu kashmir,LILANG / LILANG (UNDIFF) Gp.,TRIASSIC - JURASSIC,FALSE,7825,0.0366467626741599
01,jammu kashmir,GAIMBAL = SURU CRYSTALLINE Gp.,PALAEOPROTEROZOIC,FALSE,7725,0.0361784334387074
01,jammu kashmir,SALKHALA Fm.,PROTEROZOIC,FALSE,7700,0.0360613511298443
01,jammu kashmir,MURREE Gp (LOWER MURREE),EOCENE - MIOCENE,FALSE,6250,0.0292705772157827
01,jammu kashmir,Undiff.Carboniferous Fms,CARBONIFEROUS,FALSE,4850,0.0227139679194474
01,jammu kashmir,BURTSE Fm.,JURASSIC,FALSE,4300,0.0201381571244585
01,jammu kashmir,Undiff. Carboniferous-Permian fms,CARBONIFEROUS- PERMIAN,FALSE,3975,0.0186160871092378
01,jammu kashmir,Undiff. Cretaceous Fms,CRETACEOUS,FALSE,3250,0.015220700152207
01,jammu kashmir,BASIC VOLCANICS (HIMALAYA),MESOZOIC,FALSE,2925,0.0136986301369863
01,jammu kashmir,KAREWA Gp (DILPUR / HIRPUR Fm.),PLIOCENE - PLEISTOCENE,FALSE,2850,0.0133473832103969
01,jammu kashmir,SANGELUMA Gp. (NINDAM / KONGMURLA  / SHERGOL/ SHANGE Fm.),EOCENE - OLIGOCENE,FALSE,2750,0.0128790539749444
01,jammu kashmir,ACID  INTRUSIVE / GRANITE / GRANODIORITE,MESOZOIC - TERTIARY,FALSE,2750,0.0128790539749444
01,jammu kashmir,PIR PANJAL  Gp. (PANJAL VOLCANICS Fm.),PERMIAN,FALSE,2525,0.0118253131951762
01,jammu kashmir,SANGELUMA Gp. (DRAS VOLCANIC Fm.),CRETACEOUS - TERTIARY,FALSE,2325,0.0108886547242712
01,jammu kashmir,"VIHI Gp.(KHUNAMUH, ZEWAN, KHREUH, WUYAN & WUYAN (UNDIFF) Fm.)",PERMIAN - TRIASSIC,FALSE,2300,0.010771572415408
01,jammu kashmir,Undiff.Mesozoic Fms,MESOZOIC,FALSE,2175,0.0101861608710924
01,jammu kashmir,SIWALIK Gp. (MIDDLE SIWALIK),MIOCENE - PLIOCENE,FALSE,2150,0.0100690785622292
01,jammu kashmir,PIR PANJAL Gp. (PANJAL VOLCANICS & AGGLOMERATIC SLATE),LATE CARBONIFEROUS - EARLY PERMIAN,FALSE,2150,0.0100690785622292
01,jammu kashmir,POHRU = SIND Gp. (LOLAB/TRAHAGAM = ARAHAMA Fm),CAMBRIAN,FALSE,1975,0.00924950240018733
01,jammu kashmir,RUPSHU Gp.,DEVONIAN - CARBONIFEROUS,FALSE,1875,0.00878117316473481
01,jammu kashmir,PUGTHAL = HAIMANTA Gp.,NEOPROTEROZOIC,FALSE,1825,0.00854700854700855
01,jammu kashmir,ACID  INTRUSIVE / GRANITE / GRANODIORITE,MESOZOIC,FALSE,1750,0.00819576162041916
01,jammu kashmir,TSO - MORARI GNEISSIC COMPLEX Fm.,PALAEOPROTEROZOIC,FALSE,1575,0.00737618545837724
01,jammu kashmir,"INDUS Gp.( KUKSHO /KARIT , KARIT (UNDIFF) Fm.)",EOCENE - OLIGOCENE,FALSE,1475,0.00690785622292472
01,jammu kashmir,Undiff. Carboniferous-Triassic fms,CARBONIFEROUS - TRIASSIC,FALSE,1450,0.00679077391406159
01,jammu kashmir,SIWALIK Gp. (UPPER SIWALIK),PLIOCENE - PLEISTOCENE,FALSE,1350,0.00632244467860906
01,jammu kashmir,KHARDUNG VOLCANICS = KOYUL = CHUSHUL VO*,CRETACEOUS - TERTIARY,FALSE,1300,0.0060882800608828
01,jammu kashmir,KANJI Gp,EOCENE,FALSE,1200,0.00561995082543028
01,jammu kashmir,LILANG Gp.(KIOTO Fm.),TRIASSIC - JURASSIC,FALSE,1075,0.00503453928111462
01,jammu kashmir,MURREE Gp. (UPPER MURREE),EOCENE - MIOCENE,FALSE,1075,0.00503453928111462
01,jammu kashmir,KULING (UNDIFF) Gp.,PERMIAN - JURASSIC,FALSE,1000,0.00468329235452523
01,jammu kashmir,KISHTWAR WINDOW ZONE,MESOPROTEROZOIC,FALSE,1000,0.00468329235452523
01,jammu kashmir,MURGO Fm.,TRIASSIC,FALSE,1000,0.00468329235452523
01,jammu kashmir,UNCLASSIFIED GRANITE / ACID INTRUSIVE,NEOPROTEROZOIC,FALSE,950,0.00444912773679897
01,jammu kashmir,Undiff.Proterozoic fms,PROTEROZOIC,FALSE,925,0.00433204542793584
01,jammu kashmir,VAIKRITA Gp.,PROTEROZOIC,FALSE,875,0.00409788081020958
01,jammu kashmir,SIWALIK Gp. (LOWER SIWALIK),MIOCENE,FALSE,850,0.00398079850134645
01,jammu kashmir,HAPATNAR Gp. ( KARIHUL = NAOKAN Fm.),CAMBRIAN - SILURIAN,FALSE,850,0.00398079850134645
01,jammu kashmir,"RUPSHU Gp,. (PANGMURLA, TANGLANGLA Fm.)",ORDOVICIAN - DEVONIAN,FALSE,775,0.00362955157475705
01,jammu kashmir,BALIANA Gp.(BLAINI = MANJIR / INFRA KROL Fm.),NEOPROTEROZOIC,FALSE,775,0.00362955157475705
01,jammu kashmir,SALTRO Gp.,PALAEOZOIC,FALSE,750,0.00351246926589392
01,jammu kashmir,LIDAR Gp. ( FENESTELLA SHALE / SURAPHARAO Fm.),CARBONIFEROUS,FALSE,725,0.00339538695703079
01,jammu kashmir,PANGONG TSO / PANGONG TSO (UNDIFF) Gp.,PALAEOZOIC,FALSE,625,0.00292705772157827
01,jammu kashmir,"RAMBAN, BUDHAL , SINCHA  Fm",NEOPROTEROZOIC,FALSE,575,0.00269289310385201
01,jammu kashmir,PALAEOZOIC HANT GRANITE,PALAEOZOIC,FALSE,550,0.00257581079498888
01,jammu kashmir,KULING / KULING (UNDIFF) Gp.,PERMIAN,FALSE,550,0.00257581079498888
01,jammu kashmir,DOGRA = BUNIYAR Gp. (BAFLIAZ = TIRKANJAN Fm.),MESOPROTEROZOIC,FALSE,525,0.00245872848612575
01,jammu kashmir,GIMACHU GRANITOID,PALAEOZOIC,FALSE,500,0.00234164617726262
01,jammu kashmir,KAPLAS GRANITE / KAZINAG / HANT GRANITE,PALAEOZOIC,FALSE,500,0.00234164617726262
01,jammu kashmir,PANGONG TSO GRANITOID,PALAEOZOIC,FALSE,450,0.00210748155953635
01,jammu kashmir,KARAKORAM Fm.,CRETACEOUS,FALSE,425,0.00199039925067322
01,jammu kashmir,undiff.Cretaceous to Palaeogene Fms,CRETACEOUS - EOCENE,FALSE,425,0.00199039925067322
01,jammu kashmir,PHIRSEPHU Fm.,PERMIAN - TRIASSIC,FALSE,400,0.00187331694181009
01,jammu kashmir,SIRBAN / TRIKUTA Fm.,MESOPROTEROZOIC,FALSE,400,0.00187331694181009
01,jammu kashmir,Unclassified Jurassic Fm,JURASSIC,FALSE,375,0.00175623463294696
01,jammu kashmir,GAPSAN = YAPCHAN,PERMIAN,FALSE,350,0.00163915232408383
01,jammu kashmir,DOGRA = BUNIYAR Gp. (KALAMUND = CHANANWARI / DUMGALI /BARREN / NELUSAFm.),MESOPROTEROZOIC,FALSE,325,0.0015220700152207
01,jammu kashmir,SHYOK Gp.,EOCENE - MIOCENE,FALSE,325,0.0015220700152207
01,jammu kashmir,HAPATNAR Gp.,CAMBRIAN,FALSE,275,0.00128790539749444
01,jammu kashmir,HAPATNAR Gp.(MACHHAL Fm.),NEOPROTEROZOIC,FALSE,275,0.00128790539749444
01,jammu kashmir,RIMDI Fm.,CARBONIFEROUS - PERMIAN,FALSE,200,0.000936658470905046
01,jammu kashmir,KATARIGALI  / MANJIR = LANGERA Fm.,NEOPROTEROZOIC,FALSE,175,0.000819576162041916
01,jammu kashmir,GUGALDHAR Gp. ( MUTH QZT.),DEVONIAN,FALSE,175,0.000819576162041916
01,jammu kashmir,ANDARNAI Fm.,EOCENE,FALSE,175,0.000819576162041916
01,jammu kashmir,LIYAN Fm.,MIOCENE - PLIOCENE,FALSE,150,0.000702493853178785
01,jammu kashmir,PIAS GRANITE,MESOPROTEROZOIC,FALSE,150,0.000702493853178785
01,jammu kashmir,MESOZOIC ROCKS (UNDIFF),MESOZOIC,FALSE,150,0.000702493853178785
01,jammu kashmir,SANUGBA Gp. ( THANGO = THAPLE / TAKCHE Fm.),ORDOVICIAN - SILURIAN,FALSE,125,0.000585411544315654
01,jammu kashmir,RALAKUNG VOLCANICS = PHE VOLCANICS,PERMIAN,FALSE,125,0.000585411544315654
01,jammu kashmir,BIAGDONG VOLCANICS Fm.,CRETACEOUS - TERTIARY,FALSE,125,0.000585411544315654
01,jammu kashmir,Undiff.Tertiary fms,TERTIARY,FALSE,125,0.000585411544315654
01,jammu kashmir,PALAEOZOIC GRANITE,PALAEOZOIC,FALSE,100,0.000468329235452523
01,jammu kashmir,BUDHAL / PUNCH-MANDI Fm.,NEOPROTEROZOIC,FALSE,100,0.000468329235452523
01,jammu kashmir,PALAEOZOIC ROCKS,PALAEOZOIC,FALSE,100,0.000468329235452523
01,jammu kashmir,SIRMUR = DHARAMSHALA Gp. (SUBATHU Fm.),PALAEOCENE - EOCENE,FALSE,75,0.000351246926589392
01,jammu kashmir,Bafiaz Chandimar/Buniyar and Kalamund Fms (Dogra Gp),PROTEROZOIC,FALSE,75,0.000351246926589392
01,jammu kashmir,LAGUDARSI Gp (SPITI SHALE Fm),JURASSIC,FALSE,50,0.000234164617726262
01,jammu kashmir,HAIMANTA = PUGTHAL Gp. (BATAL / PHE Fm.),NEOPROTEROZOIC,FALSE,50,0.000234164617726262
01,jammu kashmir,SULTAN CHHUSHKU,PERMIAN,FALSE,50,0.000234164617726262
01,jammu kashmir,HAIMANTA Gp.  (KUNZAM LA / KARSHA Fm.),CAMBRIAN,FALSE,25,0.000117082308863131
01,jammu kashmir,SIMLA Gp.,NEOPROTEROZOIC,FALSE,25,0.000117082308863131
01,jammu kashmir,PANJAL VOLCANICS (PIR PANJAL Gp.),PERMIAN,FALSE,25,0.000117082308863131
01,jammu kashmir,WUMUH Fm.,JURASSIC,FALSE,25,0.000117082308863131
01,jammu kashmir,SASER BRANGSA Fm.,DEVONIAN - CARBONIFEROUS,FALSE,25,0.000117082308863131
02,himachal pradesh,VAIKRITA Gp.,PROTEROZOIC,FALSE,9725,0.174517720951099
02,himachal pradesh,KATARIGALI  / MANJIR = LANGERA Fm.,NEOPROTEROZOIC,FALSE,5625,0.100942126514132
02,himachal pradesh,SIWALIK Gp. (UPPER SIWALIK),PLIOCENE - PLEISTOCENE,FALSE,4325,0.0776132794975325
02,himachal pradesh,LILANG Gp.(KIOTO Fm.),TRIASSIC - JURASSIC,FALSE,3000,0.053835800807537
02,himachal pradesh,LILANG / LILANG (UNDIFF) Gp.,TRIASSIC - JURASSIC,FALSE,2725,0.0489008524001795
02,himachal pradesh,HAIMANTA = PUGTHAL Gp. (BATAL / PHE Fm.),NEOPROTEROZOIC,FALSE,2600,0.0466576940331987
02,himachal pradesh,UNDIFF.FLUVIAL / AEOLIAN / COASTA & GLACIAL  SEDIMENTS,QUATERNARY,TRUE,2150,0.0385823239120682
02,himachal pradesh,JUTOGH Gp,PROTEROZOIC,FALSE,2150,0.0385823239120682
02,himachal pradesh,HAIMANTA Gp.  (KUNZAM LA / KARSHA Fm.),CAMBRIAN,FALSE,1750,0.0314042171377299
02,himachal pradesh,KULU Gp.,PALAEOPROTEROZOIC,FALSE,1675,0.0300583221175415
02,himachal pradesh,SIWALIK Gp. (LOWER SIWALIK),MIOCENE,FALSE,1650,0.0296096904441454
02,himachal pradesh,SANUGBA Gp. ( THANGO = THAPLE / TAKCHE Fm.),ORDOVICIAN - SILURIAN,FALSE,1625,0.0291610587707492
02,himachal pradesh,GAIMBAL = SURU CRYSTALLINE Gp.,PALAEOPROTEROZOIC,FALSE,1500,0.0269179004037685
02,himachal pradesh,SIWALIK Gp. (MIDDLE SIWALIK),MIOCENE - PLIOCENE,FALSE,1450,0.0260206370569762
02,himachal pradesh,RAMPUR = NARAUL Gp.,PALAEOPROTEROZOIC,FALSE,1350,0.0242261103633917
02,himachal pradesh,MANDI / DALHOUSIE / DHAULADHAR GRANITOID,PALAEOZOIC,FALSE,1325,0.0237774786899955
02,himachal pradesh,RAKCHAM GRANITE / MANDI,PALAEOZOIC,FALSE,1225,0.0219829519964109
02,himachal pradesh,DAGSHAI = LOWER DHARAMSHALA / LOWER MUR*,EOCENE - MIOCENE,FALSE,1225,0.0219829519964109
02,himachal pradesh,SIMLA Gp.,NEOPROTEROZOIC,FALSE,1150,0.0206370569762225
02,himachal pradesh,JEORI-WANGTU BANDED GNEISSIC COMPLEX,PALAEOPROTEROZOIC,FALSE,950,0.0170480035890534
02,himachal pradesh,SHALI Gp,MESOPROTEROZOIC,FALSE,850,0.0152534768954688
02,himachal pradesh,JAUNSAR Gp,NEOPROTEROZOIC,FALSE,700,0.012561686855092
02,himachal pradesh,"BALIANA Gp. ( INFRA KROL, KAURIYALA = KROL CDE Fm.)",NEOPROTEROZOIC,FALSE,675,0.0121130551816958
02,himachal pradesh,KANAWAR Gp ( PO = PHUKTAL Fm.),CARBONIFEROUS,FALSE,600,0.0107671601615074
02,himachal pradesh,SIRMUR = DHARAMSHALA Gp.(DAGSHAI = LOWER DHARAMSHALA / LOWER MUR*),EOCENE - MIOCENE,FALSE,500,0.00897263346792284
02,himachal pradesh,"JAUNSAR (UNDIFF) Gp,",NEOPROTEROZOIC,FALSE,450,0.00807537012113055
02,himachal pradesh,DAGSHAI AND KASAULI (UNDIFF),EOCENE - MIOCENE,FALSE,400,0.00717810677433827
02,himachal pradesh,BANDAL GNEISSIC COMPLEX / JEORI-WANGTU*,PALAEOPROTEROZOIC,FALSE,375,0.00672947510094213
02,himachal pradesh,"KANAWAR Gp. (PO = PHUKTAL, LIPAK Fm.)",CARBONIFEROUS,FALSE,325,0.00583221175414984
02,himachal pradesh,JUTOGH (UNDIFF) Gp.,PROTEROZOIC,FALSE,275,0.00493494840735756
02,himachal pradesh,LAGUDARSI Gp (SPITI SHALE Fm),JURASSIC,FALSE,200,0.00358905338716913
02,himachal pradesh,DEOBAN Gp. (UNDIFF),MESOPROTEROZOIC,FALSE,175,0.00314042171377299
02,himachal pradesh,BALIANA Gp.(BLAINI = MANJIR / INFRA KROL Fm.),NEOPROTEROZOIC,FALSE,150,0.00269179004037685
02,himachal pradesh,"CHOR, PABAR, KHARSALI & KINCHWA GRANITE",PROTEROZOIC,FALSE,125,0.00224315836698071
02,himachal pradesh,SUNDER NAGAR Gp (MANDI VOLCANICS),PALAEOPROTEROZOIC,FALSE,125,0.00224315836698071
02,himachal pradesh,SIRMUR = DHARAMSHALA Gp. (KASAULI = UPPER DHARAMSHALA / UPPER MUR*Fm.),EOCENE - MIOCENE,FALSE,125,0.00224315836698071
02,himachal pradesh,TAL Gp.,CAMBRIAN,FALSE,100,0.00179452669358457
02,himachal pradesh,SIRMUR = DHARAMSHALA Gp. (SUBATHU Fm.),PALAEOCENE - EOCENE,FALSE,50,0.000897263346792284
02,himachal pradesh,LARJI Gp.,MESOPROTEROZOIC,FALSE,50,0.000897263346792284
02,himachal pradesh,NAKO GRANITE,TERTIARY,FALSE,50,0.000897263346792284
02,himachal pradesh,KULING / KULING (UNDIFF) Gp.,PERMIAN,FALSE,50,0.000897263346792284
02,himachal pradesh,HANUMAN TIBBA / JISPA GRANITE,PALAEOZOIC,FALSE,50,0.000897263346792284
02,himachal pradesh,DEOBAN Gp.,MESOPROTEROZOIC,FALSE,25,0.000448631673396142
02,himachal pradesh,NARAUL (UNDIFF) Gp,PALAEOPROTEROZOIC,FALSE,25,0.000448631673396142
02,himachal pradesh,TANDI Gp.(DILBURI Fm.),PERMIAN - JURASSIC,FALSE,25,0.000448631673396142
02,himachal pradesh,SAUNI VOLCANICS Fm.,MESOPROTEROZOIC,FALSE,25,0.000448631673396142
02,himachal pradesh,SALKHALA Fm.,PROTEROZOIC,FALSE,25,0.000448631673396142
02,himachal pradesh,PUGTHAL = HAIMANTA Gp.,NEOPROTEROZOIC,FALSE,25,0.000448631673396142
03,punjab,UNDIFF.FLUVIAL / AEOLIAN / COASTA & GLACIAL  SEDIMENTS,QUATERNARY,TRUE,48850,0.973107569721116
03,punjab,SIWALIK Gp. (UPPER SIWALIK),PLIOCENE - PLEISTOCENE,FALSE,1150,0.0229083665338645
03,punjab,SIWALIK Gp. (MIDDLE SIWALIK),MIOCENE - PLIOCENE,FALSE,150,0.00298804780876494
03,punjab,SIWALIK Gp. (LOWER SIWALIK),MIOCENE,FALSE,50,0.00099601593625498
04,chandigarh,UNDIFF.FLUVIAL / AEOLIAN / COASTA & GLACIAL  SEDIMENTS,QUATERNARY,TRUE,100,0.8
04,chandigarh,SIWALIK Gp. (UPPER SIWALIK),PLIOCENE - PLEISTOCENE,FALSE,25,0.2
05,uttarakhand,CENTRAL CRYSTALLINE,PROTEROZOIC,FALSE,8850,0.166588235294118
05,uttarakhand,UNDIFF.FLUVIAL / AEOLIAN / COASTA & GLACIAL  SEDIMENTS,QUATERNARY,TRUE,8075,0.152
05,uttarakhand,JAUNSAR Gp,NEOPROTEROZOIC,FALSE,6575,0.123764705882353
05,uttarakhand,ALMORA Gp.,PROTEROZOIC,FALSE,4275,0.0804705882352941
05,uttarakhand,GARHWAL Gp.(BERINAG = CHAMOLI = NAGNITHANK Fm.),MESOPROTEROZOIC,FALSE,4150,0.0781176470588235
05,uttarakhand,GARHWAL Gp. (PITHORAGARH = SHYALANA / LAMERI),MESOPROTEROZOIC,FALSE,3400,0.064
05,uttarakhand,SUMNA Gp. (SHIALA  (UNDIFF) Fm.),ORDOVICIAN - DEVONIAN,FALSE,2600,0.0489411764705882
05,uttarakhand,SIWALIK Gp. (LOWER SIWALIK),MIOCENE,FALSE,1750,0.0329411764705882
05,uttarakhand,MARTOLI / MARTOLI (UNDIFF) Gp.,NEOPROTEROZOIC - CAMBRIAN,FALSE,1650,0.0310588235294118
05,uttarakhand,RAKCHAM GRANITE / MANDI,PALAEOZOIC,FALSE,1250,0.0235294117647059
05,uttarakhand,BAIJNATH Fm.,PROTEROZOIC,FALSE,1125,0.0211764705882353
05,uttarakhand,BADRINATH GRANITE / TOURMALINE GRANITE,TERTIARY,FALSE,950,0.0178823529411765
05,uttarakhand,Unmapped Area,UNMAPPED,,875,0.0164705882352941
05,uttarakhand,SIWALIK Gp. (MIDDLE SIWALIK),MIOCENE - PLIOCENE,FALSE,825,0.0155294117647059
05,uttarakhand,"JAUNSAR (UNDIFF) Gp,",NEOPROTEROZOIC,FALSE,750,0.0141176470588235
05,uttarakhand,BHILANGANA Fm.,PROTEROZOIC,FALSE,575,0.0108235294117647
05,uttarakhand,DEOBAN Gp.,MESOPROTEROZOIC,FALSE,575,0.0108235294117647
05,uttarakhand,SIWALIK Gp. (UPPER SIWALIK),PLIOCENE - PLEISTOCENE,FALSE,450,0.00847058823529412
05,uttarakhand,KROL Gp.,NEOPROTEROZOIC,FALSE,450,0.00847058823529412
05,uttarakhand,RAWALI BAGAR Gp.(KIOTO Fm.),TRIASSIC - JURASSIC,FALSE,400,0.00752941176470588
05,uttarakhand,RAMGARH (UNDIFF) Gp.,PROTEROZOIC,FALSE,350,0.00658823529411765
05,uttarakhand,CHAMPAWAT GRANITE,PALAEOZOIC,FALSE,250,0.00470588235294118
05,uttarakhand,BALIANA Gp.(BLAINI = MANJIR / INFRA KROL Fm.),NEOPROTEROZOIC,FALSE,250,0.00470588235294118
05,uttarakhand,TAL Gp.,CAMBRIAN,FALSE,250,0.00470588235294118
05,uttarakhand,BASIC META-VOLCANICS (GARHWAL Gp.),MESOPROTEROZOIC,FALSE,250,0.00470588235294118
05,uttarakhand,Unmapped Area,(absent),,250,0.00470588235294118
05,uttarakhand,SUMNA Gp. (RALAM Fm.),ORDOVICIAN - DEVONIAN,FALSE,250,0.00470588235294118
05,uttarakhand,RAMGARH Gp.,PROTEROZOIC,FALSE,175,0.00329411764705882
05,uttarakhand,SANUGBA Gp. ( THANGO = THAPLE / TAKCHE Fm.),ORDOVICIAN - SILURIAN,FALSE,175,0.00329411764705882
05,uttarakhand,TOLI GRAINITE = CHIRPATYAKHAL,MESOPROTEROZOIC,FALSE,150,0.00282352941176471
05,uttarakhand,KULU Gp.,PALAEOPROTEROZOIC,FALSE,150,0.00282352941176471
05,uttarakhand,VAIKRITA Gp.,PROTEROZOIC,FALSE,150,0.00282352941176471
05,uttarakhand,BETALGHAT Fm.,MESOPROTEROZOIC,FALSE,125,0.00235294117647059
05,uttarakhand,BOULDER SLATE Fm.,PERMIAN,FALSE,125,0.00235294117647059
05,uttarakhand,"KHARSALI, CHOR, PABAR & KINCHWA GRANITE",PROTEROZOIC,FALSE,125,0.00235294117647059
05,uttarakhand,SIRMUR = DHARAMSHALA Gp. (SUBATHU Fm.),PALAEOCENE - EOCENE,FALSE,100,0.00188235294117647
05,uttarakhand,KULING / KULING (UNDIFF) Gp.,PERMIAN,FALSE,100,0.00188235294117647
05,uttarakhand,AMRITPUR GRAINITE / PORPHYRY,NEOPROTEROZOIC,FALSE,75,0.00141176470588235
05,uttarakhand,KROL (UNDIFF) Gp.,NEOPROTEROZOIC,FALSE,50,0.000941176470588235
05,uttarakhand,JUTOGH Gp,PROTEROZOIC,FALSE,50,0.000941176470588235
05,uttarakhand,JUTOGH (UNDIFF) Gp.,PROTEROZOIC,FALSE,50,0.000941176470588235
05,uttarakhand,RAWALI BAGAR Gp.,TRIASSIC,FALSE,50,0.000941176470588235
05,uttarakhand,BASIC INTRUSIVE (ALMORA Gp.),PROTEROZOIC,FALSE,25,0.000470588235294118
05,uttarakhand,SIMLA Gp.,NEOPROTEROZOIC,FALSE,25,0.000470588235294118
05,uttarakhand,DEOBAN Gp. (UNDIFF),MESOPROTEROZOIC,FALSE,25,0.000470588235294118
06,haryana,UNDIFF.FLUVIAL / AEOLIAN / COASTA & GLACIAL  SEDIMENTS,QUATERNARY,TRUE,43125,0.975127190503109
06,haryana,AJABGARH Gp.( DELHI SGp.),PALAEOPROTEROZOIC - MESOPROTEROZOIC,FALSE,425,0.00960994912379876
06,haryana,SIWALIK Gp. (UPPER SIWALIK),PLIOCENE - PLEISTOCENE,FALSE,300,0.00678349349915206
06,haryana,SIWALIK Gp. (MIDDLE SIWALIK),MIOCENE - PLIOCENE,FALSE,150,0.00339174674957603
06,haryana,ALWAR Gp. ( DELHI SGp.),PALAEOPROTEROZOIC - MESOPROTEROZOIC,FALSE,75,0.00169587337478802
06,haryana,SIWALIK Gp. (LOWER SIWALIK),MIOCENE,FALSE,75,0.00169587337478802
06,haryana,SIRMUR = DHARAMSHALA Gp.(DAGSHAI = LOWER DHARAMSHALA / LOWER MUR*),EOCENE - MIOCENE,FALSE,50,0.00113058224985868
06,haryana,DAGSHAI AND KASAULI (UNDIFF),EOCENE - MIOCENE,FALSE,25,0.000565291124929339
07,nct of delhi,UNDIFF.FLUVIAL / AEOLIAN / COASTA & GLACIAL  SEDIMENTS,QUATERNARY,TRUE,1450,0.935483870967742
07,nct of delhi,AJABGARH Gp.( DELHI SGp.),PALAEOPROTEROZOIC - MESOPROTEROZOIC,FALSE,100,0.0645161290322581
08,rajasthan,UNDIFF.FLUVIAL / AEOLIAN / COASTA & GLACIAL  SEDIMENTS,QUATERNARY,TRUE,238375,0.699303263659699
08,rajasthan,BHANDER Gp. ( VINDHYAN SGp.),NEOPROTEROZOIC,FALSE,19650,0.0576457645764577
08,rajasthan,MANGALWAR Gp. (BHILWARA SGp.),ARCHAEAN,FALSE,10925,0.0320498716538321
08,rajasthan,DECCAN TRAP,LATE CRETACEOUS - PALAEOCENE,FALSE,9400,0.0275760909424276
08,rajasthan,HINDOLI  Gp. (BHILWARA SGp.),ARCHAEAN,FALSE,6500,0.0190685735240191
08,rajasthan,KUMBHALGARH Gp.( DELHI SGp.),PALAEOPROTEROZOIC - MESOPROTEROZOIC,FALSE,4800,0.0140814081408141
08,rajasthan,UDAIPUR Gp. (ARAVALLI SGp.),PALAEOPROTEROZOIC,FALSE,4225,0.0123945727906124
08,rajasthan,SANDMATA Gp.(BHILWARA SGp.),ARCHAEAN,FALSE,3475,0.0101943527686102
08,rajasthan,SEMRI Gp. (VINDHYAN SGp.),MESOPROTEROZOIC,FALSE,2975,0.00872753942060873
08,rajasthan,GOGUNDA Gp. (DELHI SGp.),PALAEOPROTEROZOIC - MESOPROTEROZOIC,FALSE,2725,0.00799413274660799
08,rajasthan,ALWAR Gp. ( DELHI SGp.),PALAEOPROTEROZOIC - MESOPROTEROZOIC,FALSE,2725,0.00799413274660799
08,rajasthan,LUNAVADA Gp.(ARAVALLI Sgp.),PALAEOPROTEROZOIC,FALSE,2675,0.00784745141180785
08,rajasthan,JHAROL Gp. (ARAVALLI SGp.),PALAEOPROTEROZOIC,FALSE,2650,0.00777411074440777
08,rajasthan,ERINPURA GRANITE & GNEISS,NEOPROTEROZOIC,FALSE,2375,0.00696736340300697
08,rajasthan,AJABGARH Gp.( DELHI SGp.),PALAEOPROTEROZOIC - MESOPROTEROZOIC,FALSE,2325,0.00682068206820682
08,rajasthan,BERACH GRANITE,ARCHAEAN,FALSE,2175,0.00638063806380638
08,rajasthan,REWA Gp ( VINDHYAN SGp.),MESOPROTEROZOIC - NEOPROTEOZOIC,FALSE,1950,0.00572057205720572
08,rajasthan,DEBARI Gp. (ARVALLI SGp.),PALAEOPROTEROZOIC,FALSE,1650,0.00484048404840484
08,rajasthan,BILARA Gp (MARWAR SGp.),NEOPROTEROZOIC - EARLY CAMBRIAN,FALSE,1400,0.00410707737440411
08,rajasthan,GYANGARH-ASIND ACIDIC ROCKS,ARCHAEAN,FALSE,1300,0.00381371470480381
08,rajasthan,JODHPUR VOLCANICS Gp.,NEOPROTEROZOIC,FALSE,1275,0.00374037403740374
08,rajasthan,SENDRA-AMBAJI GRANITE,MESOPROTEROZOIC,FALSE,1250,0.00366703337000367
08,rajasthan,SIROHI Gp. (DELHI SGp.),PALAEOPROTEROZOIC - MESOPROTEROZOIC,FALSE,1225,0.00359369270260359
08,rajasthan,JAISALMER Fm.,EARLY - MIDDLE JURASSIC,FALSE,1050,0.00308030803080308
08,rajasthan,KAIMUR Gp. (VINDHYAN SGp),MESOPROTEROZOIC,FALSE,975,0.00286028602860286
08,rajasthan,JODHPUR Gp.,NEOPROTEROZOIC - EARLY CAMBRIAN,FALSE,775,0.00227356068940227
08,rajasthan,RAJPURA-DARIBA Gp.(BHILWARA SGp.),PALAEOPROTEROZOIC,FALSE,750,0.0022002200220022
08,rajasthan,KHUIALA Fm.,PALAEOCENE,FALSE,725,0.00212687935460213
08,rajasthan,PARIWAR Fm.,LATE JURASSIC - EARLY CRETACEOUS,FALSE,700,0.00205353868720205
08,rajasthan,BAISAKHI Fm.,MIDDLE JURASSIC,FALSE,625,0.00183351668500183
08,rajasthan,KANKROLI Gp.(ARAVALLI SGp.),PALAEOPROTEROZOIC,FALSE,550,0.00161349468280161
08,rajasthan,UNTALA GRANITE,ARCHAEAN,FALSE,525,0.00154015401540154
08,rajasthan,LATHI Fm.,EARLY JURASSIC,FALSE,525,0.00154015401540154
08,rajasthan,PHULAD OPHIOLITE SUITE,PALAEOPROTEROZOIC - MESOPROTEROZOIC,FALSE,475,0.00139347268060139
08,rajasthan,BEDESAR Fm.,MIDDLE - LATE JURASSIC,FALSE,450,0.00132013201320132
08,rajasthan,BARI LAKE Gp.,PALAEOPROTEROZOIC,FALSE,425,0.00124679134580125
08,rajasthan,DOVDA Gp. (ARAVALLI SGp.),PALAEOPROTEROZOIC,FALSE,425,0.00124679134580125
08,rajasthan,RANTHAMBHOR Gp.(BHILWARA SGp.),PALAEOPROTEROZOIC,FALSE,400,0.00117345067840117
08,rajasthan,PUNAGARH Gp.( DELHI SGp.),PALAEOPROTEROZOIC - MESOPROTEROZOIC,FALSE,375,0.0011001100110011
08,rajasthan,BANDAH Fm.,EOCENE,FALSE,350,0.00102676934360103
08,rajasthan,PUR-BANERA Gp.(BHILWARA SGp.),PALAEOPROTEROZOIC,FALSE,325,0.000953428676200953
08,rajasthan,RAIALO Gp.(DELHI SGp.),PALAEOPROTEROZOIC - MESOPROTEROZOIC,FALSE,300,0.00088008800880088
08,rajasthan,JALORE PLUTONICS Gp. (JALOR GRANITE),NEOPROTEROZOIC,FALSE,275,0.000806747341400807
08,rajasthan,JAHAZPUR Gp. (BHILWARA SGp.),PALAEOPROTEROZOIC,FALSE,225,0.00066006600660066
08,rajasthan,RAKHABDEV ULTRAMAFIC SUITE,PALAEOPROTEROZOIC,FALSE,175,0.000513384671800514
08,rajasthan,NAGAUR Gp.(MARWAR SGp.),NEOPROTEROZOIC - EARLY CAMBRIAN,FALSE,175,0.000513384671800514
08,rajasthan,GINGLA GRANITE,ARCHAEAN,FALSE,150,0.00044004400440044
08,rajasthan,BAP BOULDER BED Fm,CARBONIFEROUS - PERMIAN,FALSE,150,0.00044004400440044
08,rajasthan,SANKRA DYKES (MALANI IGNEOUS SUITE),NEOPROTEROZOIC,FALSE,125,0.000366703337000367
08,rajasthan,JALORE PLUTONICS Gp. (SIWANA GRANITE),NEOPROTEROZOIC,FALSE,100,0.000293362669600293
08,rajasthan,FATEHGARH Fm.,EARLY CRETACEOUS,FALSE,100,0.000293362669600293
08,rajasthan,ABUR Fm.,EARLY CRETACEOUS,FALSE,100,0.000293362669600293
08,rajasthan,ACID  INTRUSIVE / GRANITE / GRANODIORITE,PALAEOPROTEROZOIC,FALSE,75,0.00022002200220022
08,rajasthan,SALUMBAR GRANITE,PALAEOPROTEROZOIC,FALSE,50,0.000146681334800147
08,rajasthan,BASIC INTRUSIVE,ARCHAEAN,FALSE,50,0.000146681334800147
08,rajasthan,UDAIPUR GRANITE,PALAEOPROTEROZOIC,FALSE,50,0.000146681334800147
08,rajasthan,SINDRETH Gp.( DELHI SGp.),PALAEOPROTEROZOIC - MESOPROTEROZOIC,FALSE,50,0.000146681334800147
08,rajasthan,DARWAL GRANITE Gp. (ARAVALLI SGp.),PALAEOPROTEROZOIC,FALSE,50,0.000146681334800147
08,rajasthan,MARH Fm,PALAEOCENE,FALSE,50,0.000146681334800147
08,rajasthan,UDAISAGAR GRANITE,PALAEOPROTEROZOIC,FALSE,25,7.33406674000733e-05
08,rajasthan,JALORE PLUTONICS Gp. (MIRPUR GRANITE),NEOPROTEROZOIC,FALSE,25,7.33406674000733e-05
08,rajasthan,NATHDWARA Gp. (ARAVALLI SGp),PALAEOPROTEROZOIC,FALSE,25,7.33406674000733e-05
08,rajasthan,SAWAR Gp. (BHILWARA SGp.),PALAEOPROTEROZOIC,FALSE,25,7.33406674000733e-05
08,rajasthan,RAIPUR-JALAYAN MAFIC ROCKS,ARCHAEAN,FALSE,25,7.33406674000733e-05
08,rajasthan,MANDAI Fm.,PALAEOCENE,FALSE,25,7.33406674000733e-05
08,rajasthan,CHAPOLI GRANITE,PALAEOPROTEROZOIC - MESOPROTEROZOIC,FALSE,25,7.33406674000733e-05
09,uttar pradesh,UNDIFF.FLUVIAL / AEOLIAN / COASTA & GLACIAL  SEDIMENTS,QUATERNARY,TRUE,220875,0.919354838709677
09,uttar pradesh,BUNDELKHAND GRANITOID COMPLEX,ARCHAEAN- PALAEOPROTEROZOIC,FALSE,9300,0.0387096774193548
09,uttar pradesh,KAIMUR Gp. (VINDHYAN SGp),MESOPROTEROZOIC,FALSE,5075,0.0211238293444329
09,uttar pradesh,MAHAKOSHAL Gp.(PARSOI Fm.),PALAEOPROTEROZOIC,FALSE,1575,0.00655567117585848
09,uttar pradesh,CHHOTANAGPUR GNEISSIC COMPLEX,PROTEROZOIC,FALSE,1275,0.00530697190426639
09,uttar pradesh,REWA Gp ( VINDHYAN SGp.),MESOPROTEROZOIC - NEOPROTEOZOIC,FALSE,675,0.00280957336108221
09,uttar pradesh,SEMRI Gp. (VINDHYAN SGp.),MESOPROTEROZOIC,FALSE,450,0.00187304890738814
09,uttar pradesh,DUDHI GRANITOID,PALAEOPROTEROZOIC,FALSE,225,0.000936524453694069
09,uttar pradesh,MAHAKOSHAL Gp.(AGORI Fm.),PALAEOPROTEROZOIC,FALSE,175,0.00072840790842872
09,uttar pradesh,SIWALIK Gp. (MIDDLE SIWALIK),MIOCENE - PLIOCENE,FALSE,150,0.000624349635796046
09,uttar pradesh,BHANDER Gp. ( VINDHYAN SGp.),NEOPROTEROZOIC,FALSE,125,0.000520291363163372
09,uttar pradesh,BIJAWAR Gp.,PALAEOPROTEROZOIC - MESOPROTEROZOIC,FALSE,100,0.000416233090530697
09,uttar pradesh,GRAVELS BED,CENOZOIC,FALSE,100,0.000416233090530697
09,uttar pradesh,"LOWER GONDWANA Gp.( TALCHIR,BARAKAR,RANIGANJ, KARHARBARI Fm.)",LATE CARBONIFEROUS - PERMIAN,FALSE,50,0.000208116545265349
09,uttar pradesh,OLDER SUPRACRUSTAL,ARCHAEAN,FALSE,50,0.000208116545265349
09,uttar pradesh,SIWALIK Gp. (UPPER SIWALIK),PLIOCENE - PLEISTOCENE,FALSE,50,0.000208116545265349
10,bihar,UNDIFF.FLUVIAL / AEOLIAN / COASTA & GLACIAL  SEDIMENTS,QUATERNARY,TRUE,85425,0.910229088971763
10,bihar,CHHOTANAGPUR GNEISSIC COMPLEX,PROTEROZOIC,FALSE,3600,0.038359083644113
10,bihar,KAIMUR Gp. (VINDHYAN SGp),MESOPROTEROZOIC,FALSE,1950,0.0207778369738945
10,bihar,BIHAR MICA BELT Gp.,PALAEOPROTEROZOIC - MESOPROTEROZOIC,FALSE,1025,0.0109216835375599
10,bihar,MUNGER Gp,MESOPROTEROZOIC,FALSE,775,0.00825785828449654
10,bihar,SEMRI Gp. (VINDHYAN SGp.),MESOPROTEROZOIC,FALSE,325,0.00346297282898242
10,bihar,SIWALIK Gp. (UPPER SIWALIK),PLIOCENE - PLEISTOCENE,FALSE,300,0.00319659030367608
10,bihar,HAZARIBAG GRANITE,NEOPROTEROZOIC,FALSE,250,0.0026638252530634
10,bihar,ACID  INTRUSIVE / GRANITE / GRANODIORITE,NEOPROTEROZOIC,FALSE,75,0.00079914757591902
10,bihar,ACID  INTRUSIVE / GRANITE / GRANODIORITE,PROTEROZOIC,FALSE,75,0.00079914757591902
10,bihar,ARKASANI GRANOPHYRE,MESOPROTEROZOIC,FALSE,50,0.00053276505061268
11,sikkim,KANCHENJUNGA GNEISS (CENTRAL CRYSTALLINE GNEISSIC COMPLEX),PROTEROZOIC,FALSE,3275,0.478102189781022
11,sikkim,Unmapped Area,(absent),,1575,0.22992700729927
11,sikkim,DALING Gp. (GORUBATHAN Fm.),PROTEROZOIC,FALSE,1225,0.178832116788321
11,sikkim,CHUNGTHANG Fm. (CENTRAL CRYSTALLINE GNEISSIC COMPLEX Gp.),PROTEROZOIC,FALSE,325,0.0474452554744526
11,sikkim,LINGTSE GNEISS Gp.,MESOPROTEROZOIC,FALSE,100,0.0145985401459854
11,sikkim,LACHI Fm.,CARBONIFEROUS - PERMIAN,FALSE,100,0.0145985401459854
11,sikkim,"LOWER GONDWANA Gp. (BHARELI, DAMUDA Fm.)",PERMIAN,FALSE,75,0.0109489051094891
11,sikkim,EVEREST PELITE Fm.,PROTEROZOIC,FALSE,75,0.0109489051094891
11,sikkim,DALING Gp. (REYANG Fm.),PROTEROZOIC,FALSE,50,0.0072992700729927
11,sikkim,ACID  INTRUSIVE / GRANITE / GRANODIORITE,CENOZOIC,FALSE,25,0.00364963503649635
11,sikkim,DUBRAJPUR Fm. (UPPER GONDWANA),TRIASSIC - JURASSIC,FALSE,25,0.00364963503649635
12,arunachal pradesh,BOMDILA Gp.,PALAEOPROTEROZOIC,FALSE,19475,0.241251161350263
12,arunachal pradesh,LOHIT GRANITOID COMPLEX,LATE CRETACEOUS - PALAEOCENE,FALSE,17150,0.212449674821926
12,arunachal pradesh,UNDIFF.FLUVIAL / AEOLIAN / COASTA & GLACIAL  SEDIMENTS,QUATERNARY,TRUE,4950,0.06131929389904
12,arunachal pradesh,SIWALIK UNCLASSIFIED,MIOCENE,FALSE,4500,0.0557448126354909
12,arunachal pradesh,SELA Gp.,PALAEOPROTEROZOIC,FALSE,4100,0.0507897181790028
12,arunachal pradesh,PARI MOUNTAIN GNEISS Gp.,PALAEOPROTEROZOIC,FALSE,3875,0.0480024775472282
12,arunachal pradesh,SIANG Gp.(RUNGONG Fm.),PALAEOPROTEROZOIC - MESOPROTEROZOIC,FALSE,3750,0.0464540105295757
12,arunachal pradesh,SIANG Gp.,PALAEOPROTEROZOIC - MESOPROTEROZOIC,FALSE,2975,0.0368535150201301
12,arunachal pradesh,DIBANG Gp.(TIDDING Fm.),CRETACEOUS,FALSE,2900,0.0359244348095386
12,arunachal pradesh,BOLENG Gp.,PALAEOZOIC,FALSE,2675,0.033137194177764
12,arunachal pradesh,MIRI Gp.,PALAEOZOIC,FALSE,2150,0.0266336327036234
12,arunachal pradesh,DISANG Fm.,PALAEOCENE - EOCENE,FALSE,1875,0.0232270052647879
12,arunachal pradesh,BARAIL Gp.,EOCENE - OLIGOCENE,FALSE,1375,0.0170331371941778
12,arunachal pradesh,ROTUNG VOLCANICS Gp.,PALAEOCENE - EOCENE,FALSE,1250,0.0154846701765252
12,arunachal pradesh,DIHING Gp.,PLIOCENE - PLEISTOCENE,FALSE,1175,0.0145555899659337
12,arunachal pradesh,Unmapped Area (Permafrost Area),(absent),,1150,0.0142458965624032
12,arunachal pradesh,"LOWER GONDWANA Gp. (BHARELI, DAMUDA Fm.)",PERMIAN,FALSE,1100,0.0136265097553422
12,arunachal pradesh,TIPAM SANDSTONE Fm.,MIOCENE - PLIOCENE,FALSE,975,0.0120780427376897
12,arunachal pradesh,YINGKIONG Gp.,EOCENE,FALSE,575,0.00712294828120161
12,arunachal pradesh,PARI MOUNTAIN GNEISS,PALAEOPROTEROZOIC,FALSE,500,0.0061938680706101
12,arunachal pradesh,MAGO GRANITE (TOURMALINE BEARING BIOTITE-HORNBLENDE GRANITE),EOCENE - OLIGOCENE,FALSE,475,0.00588417466707959
12,arunachal pradesh,MAGO (Mago Granite),EOCENE - OLIGOCENE,FALSE,375,0.00464540105295757
12,arunachal pradesh,NAMDHAPA CRYSTALLINE COMPLEX,PALAEOPROTEROZOIC,FALSE,325,0.00402601424589656
12,arunachal pradesh,THINGBU Fm.,NEOPROTEROZOIC,FALSE,300,0.00371632084236606
12,arunachal pradesh,TILUNG Fm.,PALAEOPROTEROZOIC,FALSE,250,0.00309693403530505
12,arunachal pradesh,LOWER GONDWANA Gp.( BICHOM Fm.),CARBONIFEROUS - EARLY PERMIAN,FALSE,200,0.00247754722824404
12,arunachal pradesh,LUMLA Fm.,NEOPROTEROZOIC,FALSE,75,0.000929080210591514
12,arunachal pradesh,GIRUJAN CLAY Fm.,MIOCENE-PLIOCENE,FALSE,50,0.00061938680706101
12,arunachal pradesh,ETALIN,CRETACEOUS,FALSE,50,0.00061938680706101
12,arunachal pradesh,MAYUDIA COMPLEX Gp.,NEOPROTEROZOIC,FALSE,50,0.00061938680706101
12,arunachal pradesh,DIBANG Gp.,CRETACEOUS,FALSE,50,0.00061938680706101
12,arunachal pradesh,Unmapped Area,Unmapped Area,,25,0.000309693403530505
12,arunachal pradesh,TUTING VOLCANICS Gp.(BASIC INTRUSIVE),CRETACEOUS,FALSE,25,0.000309693403530505
13,nagaland,DISANG Fm.,PALAEOCENE - EOCENE,FALSE,7100,0.432267884322679
13,nagaland,BARAIL Gp.,EOCENE - OLIGOCENE,FALSE,5300,0.322678843226788
13,nagaland,TIPAM SANDSTONE Fm.,MIOCENE - PLIOCENE,FALSE,1475,0.0898021308980213
13,nagaland,SURMA Gp.,MIOCENE,FALSE,750,0.045662100456621
13,nagaland,UNDIFF.FLUVIAL / AEOLIAN / COASTA & GLACIAL  SEDIMENTS,QUATERNARY,TRUE,600,0.0365296803652968
13,nagaland,OPHIOLITE SUITE Gp. (ULTRABASIC INTRUSIVE),CRETACEOUS - PALAEOCENE,FALSE,325,0.0197869101978691
13,nagaland,NAGA METAMORPHICS,PROTEROZOIC,FALSE,275,0.0167427701674277
13,nagaland,DIHING Gp.,PLIOCENE - PLEISTOCENE,FALSE,225,0.0136986301369863
13,nagaland,POKPHUR Fm.,MIDDLE EOCENE,FALSE,200,0.0121765601217656
13,nagaland,OPHIOLITE SUITE Gp.,CRETACEOUS - PALAEOCENE,FALSE,100,0.0060882800608828
13,nagaland,NIMI Fm.,PALAEOCENE - EOCENE,FALSE,75,0.0045662100456621
14,manipur,DISANG Fm.,PALAEOCENE - EOCENE,FALSE,10725,0.482022471910112
14,manipur,BARAIL Gp.,EOCENE - OLIGOCENE,FALSE,5450,0.244943820224719
14,manipur,OCEANIC PELAGIC SEDIMENTS Gp.,LATE CRETACEOUS - PALAEOCENE,FALSE,2175,0.097752808988764
14,manipur,UNDIFF.FLUVIAL / AEOLIAN / COASTA & GLACIAL  SEDIMENTS,QUATERNARY,TRUE,1800,0.0808988764044944
14,manipur,SURMA Gp.,MIOCENE,FALSE,1300,0.0584269662921348
14,manipur,TIPAM SANDSTONE Fm.,MIOCENE - PLIOCENE,FALSE,375,0.0168539325842697
14,manipur,OPHIOLITE SUITE Gp. (ULTRABASIC INTRUSIVE),CRETACEOUS - PALAEOCENE,FALSE,300,0.0134831460674157
14,manipur,DUPITILA Fm.,PLIOCENE - PLEISTOCENE,FALSE,125,0.00561797752808989
15,mizoram,SURMA Gp.,MIOCENE,FALSE,17225,0.834140435835351
15,mizoram,BARAIL Gp.,EOCENE - OLIGOCENE,FALSE,3175,0.153753026634383
15,mizoram,TIPAM SANDSTONE Fm.,MIOCENE - PLIOCENE,FALSE,250,0.0121065375302663
16,tripura,TIPAM SANDSTONE Fm.,MIOCENE - PLIOCENE,FALSE,4775,0.465853658536585
16,tripura,SURMA Gp.,MIOCENE,FALSE,3950,0.385365853658537
16,tripura,DUPITILA Fm.,PLIOCENE - PLEISTOCENE,FALSE,1525,0.148780487804878
17,meghalaya,ASSAM - MEGHALAYA GNEISSIC COMPLEX SGp.,PROTEROZOIC,FALSE,8875,0.401129943502825
17,meghalaya,JAINTIA Gp.,PALAEOCENE - EOCENE,FALSE,3875,0.175141242937853
17,meghalaya,"KYRDEM,NONGPOH,MYLLIEM GRANITE.,S.KHASI BATHOLITHS  & EQUIVALENT GRANITES",NEOPROTEROZOIC - EARLY PALAEOZOIC,FALSE,2650,0.119774011299435
17,meghalaya,SHILLONG Gp.,PALAEOPROTEROZOIC - MESOPROTEROZOIC,FALSE,2225,0.100564971751412
17,meghalaya,GARO Gp. (BAGHMARA/CHENGAPARA  Fm).,MIOCENE - PLIOCENE,FALSE,1500,0.0677966101694915
17,meghalaya,BARAIL Gp.,EOCENE - OLIGOCENE,FALSE,675,0.0305084745762712
17,meghalaya,UNDIFF.FLUVIAL / AEOLIAN / COASTA & GLACIAL  SEDIMENTS,QUATERNARY,TRUE,500,0.0225988700564972
17,meghalaya,GARO Gp. (SIMSANG Fm.),EOCENE - OLIGOCENE,FALSE,475,0.0214689265536723
17,meghalaya,KHASI Gp. (MAHADEK Fm.),CRETACEOUS,FALSE,375,0.0169491525423729
17,meghalaya,UMSNING SCHIST BELT Gr.,PROTEROZOIC,FALSE,375,0.0169491525423729
17,meghalaya,SUPRACRUSTAL,PROTEROZOIC,FALSE,225,0.0101694915254237
17,meghalaya,Unmapped Area,(absent),,150,0.00677966101694915
17,meghalaya,SYLHET TRAPS,JURASSIC- CRETACEOUS,FALSE,100,0.00451977401129944
17,meghalaya,SUNG ALKALINE COMPLEX Gp.,LATE CRETACEOUS - PALAEOCENE,FALSE,75,0.00338983050847458
17,meghalaya,KHASI GREENSTONE Gp.,PALAEOPROTEROZOIC - MESOPROTEROZOIC,FALSE,50,0.00225988700564972
18,assam,UNDIFF.FLUVIAL / AEOLIAN / COASTA & GLACIAL  SEDIMENTS,QUATERNARY,TRUE,55825,0.711373048741637
18,assam,ASSAM - MEGHALAYA GNEISSIC COMPLEX SGp.,PROTEROZOIC,FALSE,4850,0.0618031220133801
18,assam,SURMA Gp.,MIOCENE,FALSE,4200,0.0535202293724116
18,assam,BARAIL Gp.,EOCENE - OLIGOCENE,FALSE,3500,0.0446001911436763
18,assam,TIPAM SANDSTONE Fm.,MIOCENE - PLIOCENE,FALSE,3150,0.0401401720293087
18,assam,SHILLONG Gp.,PALAEOPROTEROZOIC - MESOPROTEROZOIC,FALSE,2000,0.0254858235106722
18,assam,JAINTIA Gp.,PALAEOCENE - EOCENE,FALSE,1875,0.0238929595412552
18,assam,"KYRDEM,NONGPOH,MYLLIEM GRANITE.,S.KHASI BATHOLITHS  & EQUIVALENT GRANITES",NEOPROTEROZOIC - EARLY PALAEOZOIC,FALSE,1825,0.0232558139534884
18,assam,DUPITILA Fm.,PLIOCENE - PLEISTOCENE,FALSE,475,0.00605288308378465
18,assam,SIWALIK UNCLASSIFIED,MIOCENE,FALSE,425,0.00541573749601784
18,assam,DISANG Fm.,PALAEOCENE - EOCENE,FALSE,300,0.00382287352660083
18,assam,SAMCHAMPI ALKALI - CARBONATITE COMPLEX,LATE CRETACEOUS - PALAEOCENE,FALSE,25,0.000318572793883402
18,assam,LATERITE / BAUXITE,CENOZOIC,FALSE,25,0.000318572793883402
19,west bengal,UNDIFF.FLUVIAL / AEOLIAN / COASTA & GLACIAL  SEDIMENTS,QUATERNARY,TRUE,67575,0.82283105022831
19,west bengal,CHHOTANAGPUR GNEISSIC COMPLEX,PROTEROZOIC,FALSE,7200,0.0876712328767123
19,west bengal,SINGHBHUM Gp.,PALAEOPROTEROZOIC,FALSE,2275,0.0277016742770167
19,west bengal,KANCHENJUNGA GNEISS (CENTRAL CRYSTALLINE GNEISSIC COMPLEX),PROTEROZOIC,FALSE,1175,0.0143074581430746
19,west bengal,"LOWER GONDWANA Gp.( TALCHIR,BARAKAR,RANIGANJ, KARHARBARI Fm.)",LATE CARBONIFEROUS - PERMIAN,FALSE,1100,0.0133942161339422
19,west bengal,UNCLASSIFIED METAMORPHICS Gp.,ARCHAEAN- PALAEOPROTEROZOIC,FALSE,425,0.00517503805175038
19,west bengal,"UPPER GONDWANA Gp. (PANCHET, SUPRA  PANCHET, PARSORA, Fm.)",TRIASSIC -  EARLY JURASSIC,FALSE,400,0.00487062404870624
19,west bengal,DALING Gp. (GORUBATHAN Fm.),PROTEROZOIC,FALSE,325,0.00395738203957382
19,west bengal,DALING Gp. (REYANG Fm.),PROTEROZOIC,FALSE,225,0.00273972602739726
19,west bengal,DALMA Gp.,PALAEOPROTEROZOIC,FALSE,200,0.00243531202435312
19,west bengal,SIWALIK Gp. (UPPER SIWALIK),PLIOCENE - PLEISTOCENE,FALSE,200,0.00243531202435312
19,west bengal,CHUNGTHANG Fm. (CENTRAL CRYSTALLINE GNEISSIC COMPLEX Gp.),PROTEROZOIC,FALSE,175,0.00213089802130898
19,west bengal,DHALBHUM Fm. (GRAVEL BEDS),TERTIARY,FALSE,150,0.00182648401826484
19,west bengal,MANBHUM GRANITE,MESOPROTEROZOIC,FALSE,150,0.00182648401826484
19,west bengal,GABBRO-ANORTHOSITE COMPLEX,PROTEROZOIC,FALSE,150,0.00182648401826484
19,west bengal,RAJMAHAL TRAP Fm.,JURASSIC- CRETACEOUS,FALSE,125,0.0015220700152207
19,west bengal,DALING  Gp. ( BUXA Fm.),PROTEROZOIC,FALSE,100,0.00121765601217656
19,west bengal,LINGTSE GNEISS Gp.,MESOPROTEROZOIC,FALSE,75,0.00091324200913242
19,west bengal,KUILAPAL GRANITE,MESOPROTEROZOIC,FALSE,50,0.00060882800608828
19,west bengal,ACID  INTRUSIVE / GRANITE / GRANODIORITE,MESOPROTEROZOIC,FALSE,50,0.00060882800608828
20,jharkhand,CHHOTANAGPUR GNEISSIC COMPLEX,PROTEROZOIC,FALSE,47150,0.592522777254163
20,jharkhand,UNDIFF.FLUVIAL / AEOLIAN / COASTA & GLACIAL  SEDIMENTS,QUATERNARY,TRUE,4450,0.0559220860823123
20,jharkhand,SINGHBHUM Gp.,PALAEOPROTEROZOIC,FALSE,4400,0.0552937480364436
20,jharkhand,"LOWER GONDWANA Gp.( TALCHIR,BARAKAR,RANIGANJ, KARHARBARI Fm.)",LATE CARBONIFEROUS - PERMIAN,FALSE,3425,0.0430411561420044
20,jharkhand,RAJMAHAL TRAP Fm.,JURASSIC- CRETACEOUS,FALSE,3225,0.0405278039585297
20,jharkhand,SINGHBHUM GRANITE COMPLEX Gp.,ARCHAEAN,FALSE,2675,0.0336160854539742
20,jharkhand,UNCLASSIFIED METAMORPHICS Gp.,ARCHAEAN- PALAEOPROTEROZOIC,FALSE,2675,0.0336160854539742
20,jharkhand,UPPER BONAI Gp.,PALAEOPROTEROZOIC,FALSE,2650,0.0333019164310399
20,jharkhand,DALMA Gp.,PALAEOPROTEROZOIC,FALSE,1525,0.0191643103989947
20,jharkhand,BIHAR MICA BELT Gp.,PALAEOPROTEROZOIC - MESOPROTEROZOIC,FALSE,1450,0.0182218033301916
20,jharkhand,GANGPUR Gp.,PALAEOPROTEROZOIC,FALSE,875,0.0109959158027019
20,jharkhand,LOWER BONAI Gp.,ARCHAEAN- PALAEOPROTEROZOIC,FALSE,725,0.00911090166509582
20,jharkhand,KOLHAN Gp.,PALAEOPROTEROZOIC - MESOPROTEROZOIC,FALSE,500,0.00628338045868677
20,jharkhand,DHALBHUM Fm. (GRAVEL BEDS),TERTIARY,FALSE,500,0.00628338045868677
20,jharkhand,LATERITE / BAUXITE,CENOZOIC,FALSE,500,0.00628338045868677
20,jharkhand,DHANJORI  Gp.,PALAEOPROTEROZOIC,FALSE,450,0.0056550424128181
20,jharkhand,"UPPER GONDWANA Gp. (PANCHET, SUPRA  PANCHET, PARSORA, Fm.)",TRIASSIC -  EARLY JURASSIC,FALSE,375,0.00471253534401508
20,jharkhand,ARKASANI GRANOPHYRE,MESOPROTEROZOIC,FALSE,350,0.00439836632108074
20,jharkhand,SEMRI Gp. (VINDHYAN SGp.),MESOPROTEROZOIC,FALSE,350,0.00439836632108074
20,jharkhand,ACID  INTRUSIVE / GRANITE / GRANODIORITE,NEOPROTEROZOIC,FALSE,325,0.0040841972981464
20,jharkhand,MAHAKOSHAL Gp.(PARSOI Fm.),PALAEOPROTEROZOIC,FALSE,225,0.00282752120640905
20,jharkhand,CHAKRADHARPUR GRANITE GNEISS,ARCHAEAN,FALSE,200,0.00251335218347471
20,jharkhand,GORUMAHISANI Gp.,ARCHAEAN,FALSE,175,0.00219918316054037
20,jharkhand,DANGOAPASI / JAGANNATHPUR Gp.,PALAEOPROTEROZOIC,FALSE,125,0.00157084511467169
20,jharkhand,HAZARIBAG GRANITE,NEOPROTEROZOIC,FALSE,75,0.000942507068803016
20,jharkhand,ONGARBIRA TRAPS Gp.,PALAEOPROTEROZOIC,FALSE,50,0.000628338045868677
20,jharkhand,SODA GRANITE,MESOPROTEROZOIC,FALSE,50,0.000628338045868677
20,jharkhand,JOJOHATU ULTRAMAFICS Gp. (ULTRAMAFIC INTRUSIVE),PALAEOPROTEROZOIC,FALSE,25,0.000314169022934339
20,jharkhand,BASIC INTRUSIVE,ARCHAEAN- PALAEOPROTEROZOIC,FALSE,25,0.000314169022934339
20,jharkhand,DUBRAJPUR Fm. (UPPER GONDWANA),TRIASSIC - JURASSIC,FALSE,25,0.000314169022934339
20,jharkhand,UPPER GONDWANA Gp. (DUBRAJPUR Fm.),TRIASSIC - JURASSIC,FALSE,25,0.000314169022934339
21,odisha,MIGMATITE GNEISSIC COMPLEX (EASTERN GHAT),ARCHAEAN - PROTEROZOIC,FALSE,33075,0.213387096774194
21,odisha,UNDIFF.FLUVIAL / AEOLIAN / COASTA & GLACIAL  SEDIMENTS,QUATERNARY,TRUE,31250,0.201612903225806
21,odisha,KHONDALITE GNEISSIC COMPLEX (EASTERN GHAT),ARCHAEAN - PROTEROZOIC,FALSE,15150,0.097741935483871
21,odisha,BENGPAL GNEISS / BIJAPUR GNEISSIC COMPLEX Gp.,ARCHAEAN,FALSE,13150,0.0848387096774194
21,odisha,CHARNOCKITE GNEISSIC COMPLEX (EASTERN GHAT),ARCHAEAN - PROTEROZOIC,FALSE,12625,0.0814516129032258
21,odisha,SINGHBHUM GRANITE COMPLEX Gp.,ARCHAEAN,FALSE,9225,0.0595161290322581
21,odisha,PENINSULAR GNEISSIC COMPLEX-II  (GNEISS DOMINATED),ARCHAEAN- PALAEOPROTEROZOIC,FALSE,7925,0.0511290322580645
21,odisha,DONGARGARH GRANITE = TEL GRANITE,PALAEOPROTEROZOIC,FALSE,4750,0.0306451612903226
21,odisha,"LOWER GONDWANA Gp.( TALCHIR,BARAKAR,RANIGANJ, KARHARBARI Fm.)",LATE CARBONIFEROUS - PERMIAN,FALSE,3800,0.0245161290322581
21,odisha,LOWER BONAI Gp.,ARCHAEAN- PALAEOPROTEROZOIC,FALSE,3575,0.0230645161290323
21,odisha,GANGPUR Gp.,PALAEOPROTEROZOIC,FALSE,2475,0.0159677419354839
21,odisha,UPPER BONAI Gp.,PALAEOPROTEROZOIC,FALSE,2425,0.0156451612903226
21,odisha,GORUMAHISANI Gp.,ARCHAEAN,FALSE,2175,0.0140322580645161
21,odisha,IINDRAVATI Gp. (CHHATTISGARH S.Gp.),MESOPROTEROZOIC - NEOPROTEOZOIC,FALSE,1450,0.00935483870967742
21,odisha,LATERITE / BAUXITE,CENOZOIC,FALSE,1350,0.00870967741935484
21,odisha,BONAI GRANITE Gp.,ARCHAEAN- PALAEOPROTEROZOIC,FALSE,1100,0.00709677419354839
21,odisha,PAIRI  Gp. (CHHATTISGARH SGp.),MESOPROTEROZOIC - NEOPROTEOZOIC,FALSE,1075,0.00693548387096774
21,odisha,CHHOTANAGPUR GNEISSIC COMPLEX,PROTEROZOIC,FALSE,1075,0.00693548387096774
21,odisha,SIMLIPAL Gp.(SIMLIPAL LAVA),PALAEOPROTEROZOIC,FALSE,1025,0.00661290322580645
21,odisha,GABBRO-ANORTHOSITE COMPLEX,PROTEROZOIC,FALSE,675,0.00435483870967742
21,odisha,SINGHORA Gp. (CHHATTISGARH SGp.),MESOPROTEROZOIC - NEOPROTEOZOIC,FALSE,625,0.00403225806451613
21,odisha,BENGPAL Gp.,ARCHAEAN,FALSE,600,0.00387096774193548
21,odisha,KOLHAN Gp.,PALAEOPROTEROZOIC - MESOPROTEROZOIC,FALSE,525,0.00338709677419355
21,odisha,SIMLIPAL Gp.,PALAEOPROTEROZOIC,FALSE,500,0.0032258064516129
21,odisha,UNCLASSIFIED GRANITE / ACID INTRUSIVE,NEOPROTEROZOIC,FALSE,450,0.00290322580645161
21,odisha,ARKASANI GRANOPHYRE,MESOPROTEROZOIC,FALSE,375,0.00241935483870968
21,odisha,RAIPUR Gp.(CHHATTISGARH SGp.),MESOPROTEROZOIC - NEOPROTEOZOIC,FALSE,325,0.00209677419354839
21,odisha,CHANDARPUR Gp. (CHHATTISGARH SGp.),MESOPROTEROZOIC - NEOPROTEOZOIC,FALSE,300,0.00193548387096774
21,odisha,TAMPARKOLA Fm.(ACID  INTRUSIVE),PALAEOPROTEROZOIC,FALSE,225,0.00145161290322581
21,odisha,UPPER GONDWANA Gp. (ATHGARH Fm.),JURASSIC- CRETACEOUS,FALSE,200,0.00129032258064516
21,odisha,SABARI Gp. (CHHATTISGARH SGp.),MESOPROTEROZOIC - NEOPROTEOZOIC,FALSE,150,0.000967741935483871
21,odisha,BASIC INTRUSIVE,PROTEROZOIC,FALSE,150,0.000967741935483871
21,odisha,ACID  INTRUSIVE / GRANITE / GRANODIORITE,PROTEROZOIC,FALSE,150,0.000967741935483871
21,odisha,ACID  INTRUSIVE / GRANITE / GRANODIORITE,MESOPROTEROZOIC,FALSE,150,0.000967741935483871
21,odisha,TULSI DONGAR Gp.,PALAEOPROTEROZOIC - MESOPROTEROZOIC,FALSE,125,0.000806451612903226
21,odisha,SINGHBHUM Gp.,PALAEOPROTEROZOIC,FALSE,125,0.000806451612903226
21,odisha,BARIPADA Fm.,MIOCENE,FALSE,100,0.000645161290322581
21,odisha,BASIC INTRUSIVE,ARCHAEAN- PALAEOPROTEROZOIC,FALSE,100,0.000645161290322581
21,odisha,DANGOAPASI / JAGANNATHPUR Gp.,PALAEOPROTEROZOIC,FALSE,75,0.000483870967741936
21,odisha,BHUASHUNI GRANITE,PALAEOPROTEROZOIC,FALSE,75,0.000483870967741936
21,odisha,ACID  INTRUSIVE / GRANITE / GRANODIORITE,NEOPROTEROZOIC,FALSE,75,0.000483870967741936
21,odisha,CHARNOCKITE GNEISSIC COMPLEX (SOUTHERN GRANULITE TERRAIN),ARCHAEAN - PROTEROZOIC,FALSE,50,0.00032258064516129
21,odisha,ROMAPAHARI GRANITE,PALAEOPROTEROZOIC,FALSE,50,0.00032258064516129
21,odisha,TEL GRANITE= DONGARGARH GRANITE,PALAEOPROTEROZOIC,FALSE,25,0.000161290322580645
21,odisha,ACID  INTRUSIVE / GRANITE / GRANODIORITE,PALAEOPROTEROZOIC,FALSE,25,0.000161290322580645
21,odisha,TONIDONGAR Gp.,ARCHAEAN,FALSE,25,0.000161290322580645
21,odisha,SONAKHAN Gp.,PALAEOPROTEROZOIC,FALSE,25,0.000161290322580645
21,odisha,SIMLIPAL Gp.(SIMLIPAL ULTRAMAFIC ROCK),PALAEOPROTEROZOIC,FALSE,25,0.000161290322580645
21,odisha,GRANITE / GANGPUR GRANITE,NEOPROTEROZOIC,FALSE,25,0.000161290322580645
22,chhattisgarh,RAIPUR Gp.(CHHATTISGARH SGp.),MESOPROTEROZOIC - NEOPROTEOZOIC,FALSE,26975,0.198747467305213
22,chhattisgarh,BENGPAL GNEISS / BIJAPUR GNEISSIC COMPLEX Gp.,ARCHAEAN,FALSE,17700,0.130410757045496
22,chhattisgarh,DONGARGARH GRANITE = TEL GRANITE,PALAEOPROTEROZOIC,FALSE,15650,0.115306686314238
22,chhattisgarh,CHHOTANAGPUR GNEISSIC COMPLEX,PROTEROZOIC,FALSE,15275,0.112543746546325
22,chhattisgarh,"LOWER GONDWANA Gp.( TALCHIR,BARAKAR,RANIGANJ, KARHARBARI Fm.)",LATE CARBONIFEROUS - PERMIAN,FALSE,14475,0.106649475041444
22,chhattisgarh,SINGHORA Gp. (CHHATTISGARH SGp.),MESOPROTEROZOIC - NEOPROTEOZOIC,FALSE,6150,0.0453122121937742
22,chhattisgarh,"UPPER GONDWANA Gp. (PANCHET, SUPRA  PANCHET, PARSORA, Fm.)",TRIASSIC -  EARLY JURASSIC,FALSE,6100,0.0449438202247191
22,chhattisgarh,CHANDARPUR Gp. (CHHATTISGARH SGp.),MESOPROTEROZOIC - NEOPROTEOZOIC,FALSE,4625,0.0340762571375944
22,chhattisgarh,ABUJHMAR Gp,PALAEOPROTEROZOIC - MESOPROTEROZOIC,FALSE,4075,0.0300239454779886
22,chhattisgarh,IINDRAVATI Gp. (CHHATTISGARH S.Gp.),MESOPROTEROZOIC - NEOPROTEOZOIC,FALSE,4050,0.029839749493461
22,chhattisgarh,DONGARGARH GRANITE,PALAEOPROTEROZOIC,FALSE,2775,0.0204457542825566
22,chhattisgarh,NANDGAON Gp.(BIJLI RHYOLITE Fm.),PALAEOPROTEROZOIC,FALSE,2600,0.0191563823908639
22,chhattisgarh,LATERITE / BAUXITE,CENOZOIC,FALSE,1950,0.0143672867931479
22,chhattisgarh,BENGPAL Gp.,ARCHAEAN,FALSE,1475,0.0108675630871247
22,chhattisgarh,BILASPUR-RAIGARH-SURGUJA BELT Gp.,ARCHAEAN- PALAEOPROTEROZOIC,FALSE,1300,0.00957819119543194
22,chhattisgarh,NANDGAON Gp. (PITEPANI  INTRUSIVE),PALAEOPROTEROZOIC,FALSE,1275,0.0093939952109044
22,chhattisgarh,CHILPI Gp.,PALAEOPROTEROZOIC - MESOPROTEROZOIC,FALSE,1100,0.00810462331921164
22,chhattisgarh,BHOPALPATNAM GRANULITE Gp.,ARCHAEAN- PALAEOPROTEROZOIC,FALSE,950,0.00699944741204642
22,chhattisgarh,SONAKHAN Gp.,PALAEOPROTEROZOIC,FALSE,950,0.00699944741204642
22,chhattisgarh,DECCAN TRAP,LATE CRETACEOUS - PALAEOCENE,FALSE,850,0.00626266347393627
22,chhattisgarh,BAILADILA Gp.,ARCHAEAN- PALAEOPROTEROZOIC,FALSE,825,0.00607846748940873
22,chhattisgarh,MULUG Gp. (PAKHAL/ ALBAKA SGp.),MESOPROTEROZOIC,FALSE,775,0.00571007552035366
22,chhattisgarh,KHAIRAGARH Gp.,PALAEOPROTEROZOIC - MESOPROTEROZOIC,FALSE,725,0.00534168355129858
22,chhattisgarh,PAIRI  Gp. (CHHATTISGARH SGp.),MESOPROTEROZOIC - NEOPROTEOZOIC,FALSE,700,0.00515748756677105
22,chhattisgarh,SABARI Gp. (CHHATTISGARH SGp.),MESOPROTEROZOIC - NEOPROTEOZOIC,FALSE,550,0.00405231165960582
22,chhattisgarh,AINHUR=NANDGAON Gp.,PALAEOPROTEROZOIC,FALSE,375,0.00276293976791306
22,chhattisgarh,TULSI DONGAR Gp.,PALAEOPROTEROZOIC - MESOPROTEROZOIC,FALSE,275,0.00202615582980291
22,chhattisgarh,SULLAVAI Gp.,NEOPROTEROZOIC,FALSE,225,0.00165776386074784
22,chhattisgarh,MIGMATITE GNEISSIC COMPLEX (EASTERN GHAT),ARCHAEAN - PROTEROZOIC,FALSE,150,0.00110517590716522
22,chhattisgarh,SUKMA Gp.,ARCHAEAN,FALSE,125,0.000920979922637686
22,chhattisgarh,UNDIFF.FLUVIAL / AEOLIAN / COASTA & GLACIAL  SEDIMENTS,QUATERNARY,TRUE,125,0.000920979922637686
22,chhattisgarh,PENINSULAR GNEISSIC COMPLEX-II  (GNEISS DOMINATED),ARCHAEAN- PALAEOPROTEROZOIC,FALSE,125,0.000920979922637686
22,chhattisgarh,MALANJKHAND GRANITE,PALAEOPROTEROZOIC,FALSE,125,0.000920979922637686
22,chhattisgarh,CHARNOCKITE GNEISSIC COMPLEX (EASTERN GHAT),ARCHAEAN - PROTEROZOIC,FALSE,75,0.000552587953582612
22,chhattisgarh,TONIDONGAR Gp.,ARCHAEAN,FALSE,75,0.000552587953582612
22,chhattisgarh,GANGPUR Gp.,PALAEOPROTEROZOIC,FALSE,75,0.000552587953582612
22,chhattisgarh,"LOWER GONDWANA Gp.(BARREN MEASURE, KAMTHI, PALI Fm.)",LATE PERMIAN - EARLY TRIASSIC,FALSE,50,0.000368391969055075
22,chhattisgarh,BASIC INTRUSIVE,PALAEOPROTEROZOIC,FALSE,25,0.000184195984527537
22,chhattisgarh,LAMETA Fm.,LATE CRETACEOUS,FALSE,25,0.000184195984527537
23,madhya pradesh,DECCAN TRAP,LATE CRETACEOUS - PALAEOCENE,FALSE,139575,0.452028175856206
23,madhya pradesh,UNDIFF.FLUVIAL / AEOLIAN / COASTA & GLACIAL  SEDIMENTS,QUATERNARY,TRUE,36375,0.117804226378431
23,madhya pradesh,BHANDER Gp. ( VINDHYAN SGp.),NEOPROTEROZOIC,FALSE,28650,0.0927860092300219
23,madhya pradesh,BUNDELKHAND GRANITOID COMPLEX,ARCHAEAN- PALAEOPROTEROZOIC,FALSE,15925,0.0515747712735811
23,madhya pradesh,REWA Gp ( VINDHYAN SGp.),MESOPROTEROZOIC - NEOPROTEOZOIC,FALSE,14775,0.0478503764877338
23,madhya pradesh,KAIMUR Gp. (VINDHYAN SGp),MESOPROTEROZOIC,FALSE,10600,0.0343292041130273
23,madhya pradesh,TIRODI GNEISSIC COMPLEX Gp.,ARCHAEAN,FALSE,7900,0.0255849728766901
23,madhya pradesh,UPPER GONDWANA Gp. (PACHMARHI / DENWA /BAGRA/ JABALPUR/TIKI / BANDHOGARH  Fm.),TRIASSIC - EARLY CRETACEOUS,FALSE,7700,0.0249372520443689
23,madhya pradesh,"LOWER GONDWANA Gp.( TALCHIR,BARAKAR,RANIGANJ, KARHARBARI Fm.)",LATE CARBONIFEROUS - PERMIAN,FALSE,7075,0.0229131244433649
23,madhya pradesh,SEMRI Gp. (VINDHYAN SGp.),MESOPROTEROZOIC,FALSE,5525,0.0178932879928751
23,madhya pradesh,"LOWER GONDWANA Gp.(BARREN MEASURE, KAMTHI, PALI Fm.)",LATE PERMIAN - EARLY TRIASSIC,FALSE,5150,0.0166788114322727
23,madhya pradesh,MAHAKOSHAL Gp.(AGORI Fm.),PALAEOPROTEROZOIC,FALSE,3800,0.0123066958141041
23,madhya pradesh,"SAUSAR Gp.(MANSAR, JUNEWANI, SITASAONGI, LOHANGI , BICHUA Fm.)",PALAEOPROTEROZOIC,FALSE,2950,0.00955388227673873
23,madhya pradesh,BETUL Gp.,PALAEOPROTEROZOIC,FALSE,2500,0.00809651040401587
23,madhya pradesh,LATERITE / BAUXITE,CENOZOIC,FALSE,1800,0.00582948749089143
23,madhya pradesh,BIJAWAR Gp.,PALAEOPROTEROZOIC - MESOPROTEROZOIC,FALSE,1700,0.00550562707473079
23,madhya pradesh,JHABUA GNEISSIC COMPLEX=CHHOTA UDEPUR,ARCHAEAN,FALSE,1550,0.00501983645048984
23,madhya pradesh,LAMETA Fm.,LATE CRETACEOUS,FALSE,1425,0.00461501093028905
23,madhya pradesh,MAHAKOSHAL Gp.(PARSOI Fm.),PALAEOPROTEROZOIC,FALSE,1400,0.00453404582624889
23,madhya pradesh,AMGAON GNEISSIC COMPLEX Gp.,ARCHAEAN,FALSE,1250,0.00404825520200793
23,madhya pradesh,HARDA  PORPHYRITIC GRANITE,PALAEOPROTEROZOIC,FALSE,1175,0.00380535988988746
23,madhya pradesh,CHHOTANAGPUR GNEISSIC COMPLEX,PROTEROZOIC,FALSE,1175,0.00380535988988746
23,madhya pradesh,LUNAVADA Gp.(ARAVALLI Sgp.),PALAEOPROTEROZOIC,FALSE,1150,0.0037243947858473
23,madhya pradesh,MALANJKHAND GRANITE,PALAEOPROTEROZOIC,FALSE,1000,0.00323860416160635
23,madhya pradesh,"UPPER GONDWANA Gp. (PANCHET, SUPRA  PANCHET, PARSORA, Fm.)",TRIASSIC -  EARLY JURASSIC,FALSE,925,0.00299570884948587
23,madhya pradesh,ACID  INTRUSIVE / GRANITE / GRANODIORITE,NEOPROTEROZOIC,FALSE,825,0.00267184843332524
23,madhya pradesh,BAGH / NIMAR Fm.,LATE CRETACEOUS,FALSE,700,0.00226702291312444
23,madhya pradesh,GWALIOR Gp.,PALAEOPROTEROZOIC - MESOPROTEROZOIC,FALSE,675,0.00218605780908428
23,madhya pradesh,KHAIRAGARH Gp.,PALAEOPROTEROZOIC - MESOPROTEROZOIC,FALSE,600,0.00194316249696381
23,madhya pradesh,BETUL GNEISS Gp.,ARCHAEAN- PALAEOPROTEROZOIC,FALSE,525,0.00170026718484333
23,madhya pradesh,SIDHI GNEISS Gp.,ARCHAEAN- PALAEOPROTEROZOIC,FALSE,475,0.00153833697676302
23,madhya pradesh,SINGHORA Gp. (CHHATTISGARH SGp.),MESOPROTEROZOIC - NEOPROTEOZOIC,FALSE,450,0.00145737187272286
23,madhya pradesh,GODHRA GRANITE,NEOPROTEROZOIC,FALSE,375,0.00121447656060238
23,madhya pradesh,MADAN MAHAL GRANITE,PALAEOPROTEROZOIC,FALSE,325,0.00105254635252206
23,madhya pradesh,CHILPI Gp.,PALAEOPROTEROZOIC - MESOPROTEROZOIC,FALSE,200,0.00064772083232127
23,madhya pradesh,MEGHNAGAR = LUNAVADA Gp.(ARAVALLI Sgp.),PALAEOPROTEROZOIC,FALSE,150,0.000485790624240952
23,madhya pradesh,OLDER SUPRACRUSTAL,ARCHAEAN,FALSE,150,0.000485790624240952
23,madhya pradesh,LOWER GONDWANA Gp.(MOTUR Fm),LATE  PERMIAN,FALSE,125,0.000404825520200793
23,madhya pradesh,NANDGAON Gp.(BIJLI RHYOLITE Fm.),PALAEOPROTEROZOIC,FALSE,100,0.000323860416160635
23,madhya pradesh,NANDGAON Gp. (PITEPANI  INTRUSIVE),PALAEOPROTEROZOIC,FALSE,25,8.09651040401587e-05
23,madhya pradesh,JOBAT MAFIC ULTRAMAFIC SUITE,PALAEOPROTEROZOIC,FALSE,25,8.09651040401587e-05
24,gujarat,UNDIFF.FLUVIAL / AEOLIAN / COASTA & GLACIAL  SEDIMENTS,QUATERNARY,TRUE,93100,0.512806389424401
24,gujarat,DECCAN TRAP,LATE CRETACEOUS - PALAEOCENE,FALSE,54025,0.29757642522721
24,gujarat,LUNAVADA Gp.(ARAVALLI Sgp.),PALAEOPROTEROZOIC,FALSE,6425,0.0353896998072156
24,gujarat,RANIPAT Fm.,EARLY CRETACEOUS,FALSE,3325,0.0183145139080143
24,gujarat,BHUJ Fm.,EARLY CRETACEOUS,FALSE,3125,0.0172128890112917
24,gujarat,GAJ Fm.,MIOCENE,FALSE,2775,0.015285045442027
24,gujarat,GODHRA GRANITE,NEOPROTEROZOIC,FALSE,2450,0.0134949049848527
24,gujarat,KATROL Fm.,LATE JURASSIC - EARLY CRETACEOUS,FALSE,2150,0.0118424676397687
24,gujarat,SANDHAN Fm.,PLIOCENE,FALSE,1900,0.0104654365188653
24,gujarat,JHAROL Gp. (ARAVALLI SGp.),PALAEOPROTEROZOIC,FALSE,1350,0.00743596805287799
24,gujarat,CHARI Fm.,MIDDLE - LATE JURASSIC,FALSE,925,0.00509501514734233
24,gujarat,CHAMPANER Gp (ARAVALLI SGp.),PALAEOPROTEROZOIC,FALSE,875,0.00481960892316166
24,gujarat,SURAJDEVAL Fm.,EARLY CRETACEOUS,FALSE,875,0.00481960892316166
24,gujarat,SENDRA-AMBAJI GRANITE,MESOPROTEROZOIC,FALSE,750,0.00413109336271
24,gujarat,KUMBHALGARH Gp.( DELHI SGp.),PALAEOPROTEROZOIC - MESOPROTEROZOIC,FALSE,675,0.003717984026439
24,gujarat,DWARKA Fm.,MIOCENE - PLIOCENE,FALSE,650,0.00358028091434866
24,gujarat,KHARI NADI Fm.,OLIGOCENE - MIOCENE,FALSE,625,0.00344257780225833
24,gujarat,GOGUNDA Gp. (DELHI SGp.),PALAEOPROTEROZOIC - MESOPROTEROZOIC,FALSE,525,0.002891765353897
24,gujarat,KACHCHH Gp. (DAYAPAR VOLCANICS),LATE CRETACEOUS - PALAEOCENE,FALSE,500,0.00275406224180666
24,gujarat,CHHOTA-UDEPUR Fm.,ARCHAEAN,FALSE,475,0.00261635912971633
24,gujarat,SIROHI Gp. (DELHI SGp.),PALAEOPROTEROZOIC - MESOPROTEROZOIC,FALSE,400,0.00220324979344533
24,gujarat,JHABUA GNEISSIC COMPLEX=CHHOTA UDEPUR,ARCHAEAN,FALSE,350,0.00192784356926467
24,gujarat,FULRA  Fm,EOCENE,FALSE,350,0.00192784356926467
24,gujarat,PACHCHHAM Fm.,MIDDLE JURASSIC,FALSE,325,0.00179014045717433
24,gujarat,HIMMATNAGAR Fm.,EARLY CRETACEOUS,FALSE,300,0.001652437345084
24,gujarat,BAGH / NIMAR Fm.,LATE CRETACEOUS,FALSE,275,0.00151473423299367
24,gujarat,LAMETA Fm.,LATE CRETACEOUS,FALSE,250,0.00137703112090333
24,gujarat,MATANOMADH Fm,PALAEOCENE,FALSE,250,0.00137703112090333
24,gujarat,MANIYARA FORT Fm.,OLIGOCENE,FALSE,250,0.00137703112090333
24,gujarat,KAND Fm.,MIOCENE,FALSE,225,0.001239328008813
24,gujarat,KAKDI NADI Fm.,EOCENE,FALSE,225,0.001239328008813
24,gujarat,TARKESHWAR Fm,EOCENE - OLIGOCENE,FALSE,175,0.000963921784632333
24,gujarat,UDAIPUR Gp. (ARAVALLI SGp.),PALAEOPROTEROZOIC,FALSE,125,0.000688515560451666
24,gujarat,ERINPURA GRANITE & GNEISS,NEOPROTEROZOIC,FALSE,125,0.000688515560451666
24,gujarat,VAGADKHOL Fm,EOCENE,FALSE,100,0.000550812448361333
24,gujarat,JHAGADIA Fm,MIOCENE - PLIOCENE,FALSE,100,0.000550812448361333
24,gujarat,BABAGURU Fm,MIOCENE,FALSE,75,0.000413109336271
24,gujarat,PHULAD OPHIOLITE SUITE,PALAEOPROTEROZOIC - MESOPROTEROZOIC,FALSE,75,0.000413109336271
24,gujarat,JALORE PLUTONICS Gp.(IDAR GRANITE),NEOPROTEROZOIC,FALSE,50,0.000275406224180667
24,gujarat,JUNAGARH VOLCANICS (DECCAN TRAP),LATE CRETACEOUS - PALAEOCENE,FALSE,25,0.000137703112090333
25,daman diu,DECCAN TRAP,LATE CRETACEOUS - PALAEOCENE,FALSE,50,1
26,dadra nagar haveli,DECCAN TRAP,LATE CRETACEOUS - PALAEOCENE,FALSE,500,1
27,maharashtra,DECCAN TRAP,LATE CRETACEOUS - PALAEOCENE,FALSE,240825,0.786046511627907
27,maharashtra,UNDIFF.FLUVIAL / AEOLIAN / COASTA & GLACIAL  SEDIMENTS,QUATERNARY,TRUE,17950,0.0585883312933497
27,maharashtra,BENGPAL GNEISS / BIJAPUR GNEISSIC COMPLEX Gp.,ARCHAEAN,FALSE,10850,0.0354141166870665
27,maharashtra,DONGARGARH GRANITE,PALAEOPROTEROZOIC,FALSE,5525,0.0180334557323541
27,maharashtra,AMGAON GNEISSIC COMPLEX Gp.,ARCHAEAN,FALSE,5000,0.0163198694410445
27,maharashtra,LATERITE / BAUXITE,CENOZOIC,FALSE,4550,0.0148510811913505
27,maharashtra,PENGANGA Gp.,NEOPROTEROZOIC,FALSE,3000,0.00979192166462668
27,maharashtra,TIRODI GNEISSIC COMPLEX Gp.,ARCHAEAN,FALSE,2875,0.00938392492860057
27,maharashtra,"LOWER GONDWANA Gp.(BARREN MEASURE, KAMTHI, PALI Fm.)",LATE PERMIAN - EARLY TRIASSIC,FALSE,2725,0.00889432884536924
27,maharashtra,GOA Gp. (DHARWAR SGp.),ARCHAEAN,FALSE,1725,0.00563035495716034
27,maharashtra,SAKOLI Gp,PALAEOPROTEROZOIC,FALSE,1725,0.00563035495716034
27,maharashtra,"SAUSAR Gp.(MANSAR, JUNEWANI, SITASAONGI, LOHANGI , BICHUA Fm.)",PALAEOPROTEROZOIC,FALSE,1275,0.00416156670746634
27,maharashtra,KHAIRAGARH Gp.,PALAEOPROTEROZOIC - MESOPROTEROZOIC,FALSE,1175,0.00383516931864545
27,maharashtra,PENINSULAR GNEISSIC COMPLEX-II (GRANITE DOMINATED),ARCHAEAN- PALAEOPROTEROZOIC,FALSE,800,0.00261117911056712
27,maharashtra,NANDGAON Gp.(BIJLI RHYOLITE Fm.),PALAEOPROTEROZOIC,FALSE,800,0.00261117911056712
27,maharashtra,"LOWER GONDWANA Gp.( TALCHIR,BARAKAR,RANIGANJ, KARHARBARI Fm.)",LATE CARBONIFEROUS - PERMIAN,FALSE,775,0.00252957976336189
27,maharashtra,"UPPER GONDWANA Gp. (YERRAPALLI , TERANI , SRIPERUMPUDURF, KOTA, MALERI, Fm.Etc)",TRIASSIC - EARLY CRETACEOUS,FALSE,725,0.00236638106895145
27,maharashtra,LAMETA Fm.,LATE CRETACEOUS,FALSE,650,0.00212158302733578
27,maharashtra,BADAMI Gp. (KALADGI SGp.),NEOPROTEROZOIC,FALSE,475,0.00155038759689922
27,maharashtra,UNCLASSIFIED PAKHAL Gp. (PAKHAL SGp.),MESOPROTEROZOIC,FALSE,375,0.00122399020807834
27,maharashtra,BENGPAL Gp.,ARCHAEAN,FALSE,375,0.00122399020807834
27,maharashtra,ABUJHMAR Gp,PALAEOPROTEROZOIC - MESOPROTEROZOIC,FALSE,375,0.00122399020807834
27,maharashtra,MULUG Gp. (PAKHAL/ ALBAKA SGp.),MESOPROTEROZOIC,FALSE,325,0.00106079151366789
27,maharashtra,BAILADILA Gp.,ARCHAEAN- PALAEOPROTEROZOIC,FALSE,275,0.000897592819257446
27,maharashtra,CHITRADURGA Gp. (DHARWAR SGp.),ARCHAEAN- PALAEOPROTEROZOIC,FALSE,200,0.000652794777641779
27,maharashtra,PENINSULAR GNEISSIC COMPLEX-I,ARCHAEAN,FALSE,200,0.000652794777641779
27,maharashtra,PENINSULAR GNEISSIC COMPLEX-II  (GNEISS DOMINATED),ARCHAEAN- PALAEOPROTEROZOIC,FALSE,175,0.000571195430436557
27,maharashtra,BHOPALPATNAM GRANULITE Gp.,ARCHAEAN- PALAEOPROTEROZOIC,FALSE,150,0.000489596083231334
27,maharashtra,SULLAVAI (UNCLASFD) Gp.,NEOPROTEROZOIC,FALSE,150,0.000489596083231334
27,maharashtra,CHITRADURGA Gp. (DHARWAR SGp.),ARCHAEAN,FALSE,125,0.000407996736026112
27,maharashtra,SULLAVAI Gp.,NEOPROTEROZOIC,FALSE,75,0.000244798041615667
27,maharashtra,ACID  INTRUSIVE / GRANITE / GRANODIORITE,NEOPROTEROZOIC,FALSE,75,0.000244798041615667
27,maharashtra,USGAON ULTRAMAFIC SUITE,ARCHAEAN- PALAEOPROTEROZOIC,FALSE,25,8.15993472052224e-05
27,maharashtra,UPPER GONDWANA Gp. (PACHMARHI / DENWA /BAGRA/ JABALPUR/TIKI / BANDHOGARH  Fm.),TRIASSIC - EARLY CRETACEOUS,FALSE,25,8.15993472052224e-05
27,maharashtra,ACID  INTRUSIVE / GRANITE / GRANODIORITE,PALAEOPROTEROZOIC,FALSE,25,8.15993472052224e-05
28,andhra pradesh,PENINSULAR GNEISSIC COMPLEX-II (GRANITE DOMINATED),ARCHAEAN- PALAEOPROTEROZOIC,FALSE,84825,0.309495576028459
28,andhra pradesh,PENINSULAR GNEISSIC COMPLEX-II  (GNEISS DOMINATED),ARCHAEAN- PALAEOPROTEROZOIC,FALSE,36300,0.132445498494938
28,andhra pradesh,UNDIFF.FLUVIAL / AEOLIAN / COASTA & GLACIAL  SEDIMENTS,QUATERNARY,TRUE,22775,0.0830976922375262
28,andhra pradesh,KHONDALITE GNEISSIC COMPLEX (EASTERN GHAT),ARCHAEAN - PROTEROZOIC,FALSE,13450,0.0490741585332482
28,andhra pradesh,NALLAMALAI Gp.(CUMBUM Fm.),MESOPROTEROZOIC,FALSE,12825,0.0467937608318891
28,andhra pradesh,KURNOOL Gp.(KOILKUNTLA / NANDYAL/ NARJI /OWK/ / PANIAM Fm.),NEOPROTEROZOIC,FALSE,12625,0.0460640335674542
28,andhra pradesh,MIGMATITE GNEISSIC COMPLEX (EASTERN GHAT),ARCHAEAN - PROTEROZOIC,FALSE,12125,0.0442397154063669
28,andhra pradesh,"UPPER GONDWANA Gp. (YERRAPALLI , TERANI , SRIPERUMPUDURF, KOTA, MALERI, Fm.Etc)",TRIASSIC - EARLY CRETACEOUS,FALSE,10950,0.0399525677278117
28,andhra pradesh,DECCAN TRAP,LATE CRETACEOUS - PALAEOCENE,FALSE,8825,0.0321992155431907
28,andhra pradesh,CHARNOCKITE GNEISSIC COMPLEX (EASTERN GHAT),ARCHAEAN - PROTEROZOIC,FALSE,6775,0.0247195110827328
28,andhra pradesh,"LOWER GONDWANA Gp.(BARREN MEASURE, KAMTHI, PALI Fm.)",LATE PERMIAN - EARLY TRIASSIC,FALSE,6500,0.0237161360941348
28,andhra pradesh,CLOSEPET GRANITE,ARCHAEAN- PALAEOPROTEROZOIC,FALSE,5875,0.0214357383927757
28,andhra pradesh,NALLAMALAI Gp. (BAIRENKONDA Fm.),MESOPROTEROZOIC,FALSE,5650,0.0206147952202864
28,andhra pradesh,BENGPAL GNEISS / BIJAPUR GNEISSIC COMPLEX Gp.,ARCHAEAN,FALSE,3325,0.0121317157712305
28,andhra pradesh,CHITRAVATI Gp.(TADPATRI / PULIVENDLA Fm.),MESOPROTEROZOIC,FALSE,3300,0.0120404998631761
28,andhra pradesh,UDAIGIRI Gp.,MESOPROTEROZOIC,FALSE,3200,0.0116756362309587
28,andhra pradesh,PAPAGHNIi Gp.  (CUDDAPAH SGp.).,MESOPROTEROZOIC,FALSE,2600,0.00948645443765393
28,andhra pradesh,SRISAILAM Fm.(CUDDAPAH SGp.),MESOPROTEROZOIC,FALSE,2575,0.00939523852959956
28,andhra pradesh,MULUG Gp. (PAKHAL/ ALBAKA SGp.),MESOPROTEROZOIC,FALSE,2400,0.00875672717321901
28,andhra pradesh,PENGANGA Gp.,NEOPROTEROZOIC,FALSE,1975,0.00720605673629481
28,andhra pradesh,RAJAHMUNDRY Fm.,MIOCENE - PLIOCENE,FALSE,1825,0.00665876128796862
28,andhra pradesh,ACID  INTRUSIVE / GRANITE / GRANODIORITE,MESOPROTEROZOIC,FALSE,1625,0.0059290340235337
28,andhra pradesh,MALLAMPALLI Gp. (PAKHAL SGp.),MESOPROTEROZOIC,FALSE,1575,0.00574660220742497
28,andhra pradesh,NELLORE GP. (DHARWAR SGp..),ARCHAEAN,FALSE,1475,0.00538173857520752
28,andhra pradesh,SULLAVAI (UNCLASFD) Gp.,NEOPROTEROZOIC,FALSE,1050,0.00383106813828332
28,andhra pradesh,GADWAL Gp. (DHARWAR SGp.),ARCHAEAN,FALSE,1000,0.00364863632217459
28,andhra pradesh,CHARNOCKITE GNEISSIC COMPLEX (SOUTHERN GRANULITE TERRAIN),ARCHAEAN - PROTEROZOIC,FALSE,950,0.00346620450606586
28,andhra pradesh,LATERITE / BAUXITE,CENOZOIC,FALSE,775,0.00282769314968531
28,andhra pradesh,GANDIKOTA Fm (CHITRAVATI Gp),MESOPROTEROZOIC,FALSE,725,0.00264526133357658
28,andhra pradesh,PENINSULAR GNEISSIC COMPLEX-I,ARCHAEAN,FALSE,650,0.00237161360941348
28,andhra pradesh,CHIMAKURTHI COMPLEX Gp.,MESOPROTEROZOIC,FALSE,525,0.00191553406914166
28,andhra pradesh,RAMAGIRI - PENAKACHERLA  Gp. (DHARWAR SGp.).,ARCHAEAN,FALSE,450,0.00164188634497856
28,andhra pradesh,KADIRI Gp. (DHARWAR SGp.),ARCHAEAN,FALSE,325,0.00118580680470674
28,andhra pradesh,"LOWER GONDWANA Gp.( TALCHIR,BARAKAR,RANIGANJ, KARHARBARI Fm.)",LATE CARBONIFEROUS - PERMIAN,FALSE,300,0.00109459089665238
28,andhra pradesh,VELIGALLU Gp. (DHARWAR SGp.),ARCHAEAN,FALSE,275,0.00100337498859801
28,andhra pradesh,KARIMNAGAR GRANULITE,ARCHAEAN- PALAEOPROTEROZOIC,FALSE,250,0.000912159080543647
28,andhra pradesh,TADPATRI SILLS / FLOWS,MESOPROTEROZOIC,FALSE,225,0.000820943172489282
28,andhra pradesh,PROTEROZOIC EPIDOTE-HORNBLENDE GNEISS,PROTEROZOIC,FALSE,175,0.000638511356380553
28,andhra pradesh,KURNOOL Gp (BANGANAPALLI Fm.),NEOPROTEROZOIC,FALSE,175,0.000638511356380553
28,andhra pradesh,CHIMALPAD COMPLEX Fm.,ARCHAEAN,FALSE,125,0.000456079540271823
28,andhra pradesh,BHIMA Gp,NEOPROTEROZOIC - CAMBRIAN,FALSE,100,0.000364863632217459
28,andhra pradesh,KUNAVARAM Fm. (ALKALINE INTRUSIVE),MESOPROTEROZOIC,FALSE,100,0.000364863632217459
28,andhra pradesh,KOLAR GOLD FIELD VOLCANICS Fm.(DHARWAR SGp.),ARCHAEAN,FALSE,75,0.000273647724163094
28,andhra pradesh,PEDDAVURU Gp.(DHARWAR SGp.),ARCHAEAN,FALSE,75,0.000273647724163094
28,andhra pradesh,SULLAVAI Gp.,NEOPROTEROZOIC,FALSE,75,0.000273647724163094
28,andhra pradesh,TSUNDUPALLI Gp.(DHARWAR SGp.),ARCHAEAN,FALSE,50,0.000182431816108729
28,andhra pradesh,HUNGUND-KUSHTAGI Gp (DHARWAR SGp.),ARCHAEAN,FALSE,50,0.000182431816108729
28,andhra pradesh,JONNAGIRI Gp. (DHARWAR SGp.),ARCHAEAN,FALSE,50,0.000182431816108729
28,andhra pradesh,BENGPAL Gp.,ARCHAEAN,FALSE,50,0.000182431816108729
28,andhra pradesh,SANDUR Gp. (DHARWAR SGp.),ARCHAEAN,FALSE,25,9.12159080543647e-05
28,andhra pradesh,BASIC INTRUSIVE (VEMPALLI SILLS / FLOWS),MESOPROTEROZOIC,FALSE,25,9.12159080543647e-05
28,andhra pradesh,SUKMA Gp.,ARCHAEAN,FALSE,25,9.12159080543647e-05
28,andhra pradesh,YERRABALLI Gp.(DHARWAR SGp.),ARCHAEAN,FALSE,25,9.12159080543647e-05
29,karnataka,PENINSULAR GNEISSIC COMPLEX-I,ARCHAEAN,FALSE,66775,0.348558006002871
29,karnataka,DECCAN TRAP,LATE CRETACEOUS - PALAEOCENE,FALSE,31000,0.1618165209448
29,karnataka,CLOSEPET GRANITE,ARCHAEAN- PALAEOPROTEROZOIC,FALSE,20350,0.106224716168602
29,karnataka,SHIMOGA (= CHITRADURGA Gp.),ARCHAEAN,FALSE,19825,0.103484275088086
29,karnataka,PENINSULAR GNEISSIC COMPLEX-II  (GNEISS DOMINATED),ARCHAEAN- PALAEOPROTEROZOIC,FALSE,15600,0.0814302492496411
29,karnataka,CHITRADURGA Gp. (DHARWAR SGp.),ARCHAEAN,FALSE,4200,0.0219235286441342
29,karnataka,PENINSULAR GNEISSIC COMPLEX-II (GRANITE DOMINATED),ARCHAEAN- PALAEOPROTEROZOIC,FALSE,3975,0.0207490538953412
29,karnataka,CHARNOCKITE GNEISSIC COMPLEX (SOUTHERN GRANULITE TERRAIN),ARCHAEAN - PROTEROZOIC,FALSE,3950,0.0206185567010309
29,karnataka,BHIMA Gp,NEOPROTEROZOIC - CAMBRIAN,FALSE,3725,0.019444081952238
29,karnataka,BABABUDAN Gp.(DHARWAR SGp.),ARCHAEAN,FALSE,3275,0.0170951324546522
29,karnataka,LATERITE / BAUXITE,CENOZOIC,FALSE,3125,0.0163121492887903
29,karnataka,BAGALKOT Gp. (KALADGI SGp.),MESOPROTEROZOIC,FALSE,2725,0.0142241941798251
29,karnataka,BABABUDAN Gp. (=WESTERN GHAT),ARCHAEAN,FALSE,2550,0.0133107138196529
29,karnataka,BADAMI Gp. (KALADGI SGp.),NEOPROTEROZOIC,FALSE,2250,0.011744747487929
29,karnataka,HUNGUND-KUSHTAGI Gp (DHARWAR SGp.),ARCHAEAN,FALSE,1650,0.00861281482448127
29,karnataka,ACID  INTRUSIVE / GRANITE / GRANODIORITE,ARCHAEAN,FALSE,1600,0.00835182043586063
29,karnataka,SANDUR Gp. (DHARWAR SGp.),ARCHAEAN,FALSE,875,0.00456740180086128
29,karnataka,PENINSULAR GNEISSIC COMPLEX-I (GRANITOID),ARCHAEAN,FALSE,725,0.00378441863499935
29,karnataka,HUTTI-MUSKI Gp. (DHARWAR SGp.),ARCHAEAN,FALSE,650,0.00339292705206838
29,karnataka,GOA Gp. (DHARWAR SGp.),ARCHAEAN,FALSE,525,0.00274044108051677
29,karnataka,SARGUR Gp.,ARCHAEAN,FALSE,450,0.0023489494975858
29,karnataka,LAYERED ULTRAMAFIC COMPLEX,ARCHAEAN,FALSE,375,0.00195745791465484
29,karnataka,RAICHUR Gp. (DHARWAR SGp.),ARCHAEAN,FALSE,325,0.00169646352603419
29,karnataka,KOLAR GOLD FIELD VOLCANICS Fm.(DHARWAR SGp.),ARCHAEAN,FALSE,225,0.0011744747487929
29,karnataka,CHAMUNDI GRANITE,NEOPROTEROZOIC,FALSE,175,0.000913480360172256
29,karnataka,KHONDALITE GNEISSIC COMPLEX (SOUTHERN GRANULITE TERRAIN),ARCHAEAN - PROTEROZOIC,FALSE,150,0.000782983165861934
29,karnataka,UNDIFF.FLUVIAL / AEOLIAN / COASTA & GLACIAL  SEDIMENTS,QUATERNARY,TRUE,100,0.000521988777241289
29,karnataka,SHIMOGA (=BABABUDAN Gp.),ARCHAEAN,FALSE,100,0.000521988777241289
29,karnataka,INTERMEDIATE  INTRUSIVE,PALAEOPROTEROZOIC,FALSE,75,0.000391491582930967
29,karnataka,MANGALUR Gp. (DHARWAR SGp.),ARCHAEAN,FALSE,75,0.000391491582930967
29,karnataka,WYANAD Gp.,ARCHAEAN,FALSE,50,0.000260994388620645
29,karnataka,GADWAL Gp. (DHARWAR SGp.),ARCHAEAN,FALSE,50,0.000260994388620645
29,karnataka,GABBRO-ANORTHOSITE COMPLEX,NEOPROTEROZOIC,FALSE,25,0.000130497194310322
29,karnataka,GRANITOID (PENINSULAR GNEISSIC COMPLEX-II ),ARCHAEAN- PALAEOPROTEROZOIC,FALSE,25,0.000130497194310322
29,karnataka,GORUR GNEISS Fm.,ARCHAEAN,FALSE,25,0.000130497194310322
30,goa,GOA Gp. (DHARWAR SGp.),ARCHAEAN,FALSE,3075,0.866197183098592
30,goa,ACID  INTRUSIVE / GRANITE / GRANODIORITE,ARCHAEAN,FALSE,225,0.0633802816901408
30,goa,PENINSULAR GNEISSIC COMPLEX-I,ARCHAEAN,FALSE,200,0.0563380281690141
30,goa,SHIMOGA (= CHITRADURGA Gp.),ARCHAEAN,FALSE,25,0.00704225352112676
30,goa,DECCAN TRAP,LATE CRETACEOUS - PALAEOCENE,FALSE,25,0.00704225352112676
32,kerala,CHARNOCKITE GNEISSIC COMPLEX (SOUTHERN GRANULITE TERRAIN),ARCHAEAN - PROTEROZOIC,FALSE,16550,0.435526315789474
32,kerala,MIGMATITE GNEISSIC COMPLEX (SOUTHERN GRANULITE TERRAIN),ARCHAEAN - PROTEROZOIC,FALSE,10725,0.282236842105263
32,kerala,UNDIFF.FLUVIAL / AEOLIAN / COASTA & GLACIAL  SEDIMENTS,QUATERNARY,TRUE,3550,0.0934210526315789
32,kerala,PENINSULAR GNEISSIC COMPLEX-I,ARCHAEAN,FALSE,3150,0.0828947368421053
32,kerala,KHONDALITE GNEISSIC COMPLEX (SOUTHERN GRANULITE TERRAIN),ARCHAEAN - PROTEROZOIC,FALSE,1850,0.0486842105263158
32,kerala,WARKALI Fm.,MIOCENE - PLIOCENE,FALSE,750,0.0197368421052632
32,kerala,ACID  INTRUSIVE / GRANITE / GRANODIORITE,NEOPROTEROZOIC,FALSE,525,0.0138157894736842
32,kerala,VENGAD Fm.,ARCHAEAN- PROTEROZOIC,FALSE,200,0.00526315789473684
32,kerala,LATERITE / BAUXITE,CENOZOIC,FALSE,175,0.00460526315789474
32,kerala,WYANAD Gp.,ARCHAEAN,FALSE,125,0.00328947368421053
32,kerala,UNDIFF.  COASTAL SEDIMENTS,QUATERNARY,TRUE,100,0.00263157894736842
32,kerala,INTERMEDIATE  INTRUSIVE,NEOPROTEROZOIC,FALSE,100,0.00263157894736842
32,kerala,SATYAMANGALAM Gp.,ARCHAEAN,FALSE,75,0.00197368421052632
32,kerala,ALKALI COMPLEX Gp. (KORATTI SYENITE),NEOPROTEROZOIC,FALSE,50,0.00131578947368421
32,kerala,GABBRO-ANORTHOSITE COMPLEX,NEOPROTEROZOIC,FALSE,25,0.000657894736842105
32,kerala,SARGUR Gp.,ARCHAEAN,FALSE,25,0.000657894736842105
32,kerala,SITTAMPUNDI-METTUPALAIYAM COMPLEX,ARCHAEAN,FALSE,25,0.000657894736842105
33,tamil nadu,MIGMATITE GNEISSIC COMPLEX (SOUTHERN GRANULITE TERRAIN),ARCHAEAN - PROTEROZOIC,FALSE,42325,0.327339520494973
33,tamil nadu,CHARNOCKITE GNEISSIC COMPLEX (SOUTHERN GRANULITE TERRAIN),ARCHAEAN - PROTEROZOIC,FALSE,33575,0.259667440061872
33,tamil nadu,UNDIFF.FLUVIAL / AEOLIAN / COASTA & GLACIAL  SEDIMENTS,QUATERNARY,TRUE,21850,0.168986852281516
33,tamil nadu,PENINSULAR GNEISSIC COMPLEX-I,ARCHAEAN,FALSE,7625,0.0589713843774169
33,tamil nadu,CUDDALORE Fm,MIOCENE - PLIOCENE,FALSE,7450,0.0576179427687548
33,tamil nadu,PENINSULAR GNEISSIC COMPLEX-II  (GNEISS DOMINATED),ARCHAEAN- PALAEOPROTEROZOIC,FALSE,5975,0.0462103634957463
33,tamil nadu,PROTEROZOIC EPIDOTE-HORNBLENDE GNEISS,PROTEROZOIC,FALSE,2775,0.021461716937355
33,tamil nadu,KHONDALITE GNEISSIC COMPLEX (SOUTHERN GRANULITE TERRAIN),ARCHAEAN - PROTEROZOIC,FALSE,2300,0.0177880897138438
33,tamil nadu,"UPPER GONDWANA Gp. (YERRAPALLI , TERANI , SRIPERUMPUDURF, KOTA, MALERI, Fm.Etc)",TRIASSIC - EARLY CRETACEOUS,FALSE,1700,0.0131477184841454
33,tamil nadu,ACID  INTRUSIVE / GRANITE / GRANODIORITE,NEOPROTEROZOIC,FALSE,1050,0.00812064965197216
33,tamil nadu,ARIYALUR Gp.,LATE CRETACEOUS,FALSE,425,0.00328692962103635
33,tamil nadu,LATERITE / BAUXITE,CENOZOIC,FALSE,375,0.00290023201856148
33,tamil nadu,"LOWER GONDWANA Gp.( TALCHIR,BARAKAR,RANIGANJ, KARHARBARI Fm.)",LATE CARBONIFEROUS - PERMIAN,FALSE,325,0.00251353441608662
33,tamil nadu,TRICHINOPOLY Gp.,LATE CRETACEOUS,FALSE,225,0.00174013921113689
33,tamil nadu,VRIDDHACHALAM Gp.,LATE CRETACEOUS - PALAEOCENE,FALSE,200,0.00154679040989946
33,tamil nadu,CALCRETE / LATERITE,CENOZOIC,FALSE,150,0.00116009280742459
33,tamil nadu,SATYAMANGALAM Gp.,ARCHAEAN,FALSE,150,0.00116009280742459
33,tamil nadu,UTTATTUR Gp. (KARAI Fm.),LATE CRETACEOUS,FALSE,125,0.000966744006187162
33,tamil nadu,JALKALI COMPLEX Gp. (ALAKANTAPURAM SYENITE),NEOPROTEROZOIC,FALSE,125,0.000966744006187162
33,tamil nadu,PONDICHERRY Gp.,LATE CRETACEOUS,FALSE,125,0.000966744006187162
33,tamil nadu,WARKALI Fm.,MIOCENE - PLIOCENE,FALSE,75,0.000580046403712297
33,tamil nadu,ALKALI COMPLEX Gp. (ELAGIRI SYENITE),NEOPROTEROZOIC,FALSE,75,0.000580046403712297
33,tamil nadu,KADAVUR-ODDANCHATTRAM COMPLEX (BASIC INTRUSIVE),NEOPROTEROZOIC,FALSE,50,0.000386697602474865
33,tamil nadu,SITTAMPUNDI-METTUPALAIYAM COMPLEX,ARCHAEAN,FALSE,50,0.000386697602474865
33,tamil nadu,PANAMPARAI Fm.,MIOCENE - PLIOCENE,FALSE,50,0.000386697602474865
33,tamil nadu,ALKALI COMPLEX Gp. (KORATTI SYENITE),NEOPROTEROZOIC,FALSE,50,0.000386697602474865
33,tamil nadu,KOLAR GOLD FIELD VOLCANICS Fm.(DHARWAR SGp.),ARCHAEAN,FALSE,50,0.000386697602474865
33,tamil nadu,ALKALI COMPLEX Gp. (PIKKILI SYENITE COMPLEX),PALAEOPROTEROZOIC,FALSE,25,0.000193348801237432
33,tamil nadu,ALKALI COMPLEX Gp. (SAMALPATTI SYENITE),NEOPROTEROZOIC,FALSE,25,0.000193348801237432
34,puducherry,UNDIFF.FLUVIAL / AEOLIAN / COASTA & GLACIAL  SEDIMENTS,QUATERNARY,TRUE,400,0.842105263157895
34,puducherry,CUDDALORE Fm,MIOCENE - PLIOCENE,FALSE,50,0.105263157894737
34,puducherry,PONDICHERRY Gp.,LATE CRETACEOUS,FALSE,25,0.0526315789473684
35,andaman nicobar islands,ANDAMAN  FLYSCH Gp.,OLIGOCENE,FALSE,2700,0.486486486486487
35,andaman nicobar islands,ARCHIPELAGO Gp.,MIOCENE - PLIOCENE,FALSE,1225,0.220720720720721
35,andaman nicobar islands,MITHAKHARI  Gp,PALAEOCENE - EOCENE,FALSE,1125,0.202702702702703
35,andaman nicobar islands,Unmapped Area,(absent),,250,0.0450450450450451
35,andaman nicobar islands,OPHIOLITE SUITE Fm.,JURASSIC- CRETACEOUS,FALSE,175,0.0315315315315315
35,andaman nicobar islands,UNDIFFERENTIATED MITHAKARI,PALAEOCENE - EOCENE,FALSE,50,0.00900900900900901
35,andaman nicobar islands,UNDIFF.FLUVIAL / AEOLIAN / COASTA & GLACIAL  SEDIMENTS,QUATERNARY,TRUE,25,0.00450450450450451
