pc11_state_id,pc11_district_id,area_km2,n_units,gs_unit,share_quat,mixed_q
35,638,1350,3,0.472565157750343,0,FALSE
33,629,1575,4,0.600151171579743,0,FALSE
33,628,6625,5,0.55940192239231,0.0113207547169811,FALSE
32,601,2150,6,0.526771227690644,0.0581395348837209,FALSE
33,627,4675,5,0.425176584975264,0.262032085561497,TRUE
32,600,2325,5,0.693490576945312,0.0645161290322581,FALSE
32,599,2550,4,0.31276432141484,0.0196078431372549,FALSE
33,626,3900,3,0.0743754109138725,0.961538461538461,FALSE
32,598,1350,5,0.264746227709191,0.851851851851852,TRUE
33,625,4300,6,0.481206057328286,0.0697674418604651,FALSE
32,596,4350,3,0.498348526885982,0,FALSE
32,597,2250,4,0.317283950617284,0.155555555555556,TRUE
33,622,4350,6,0.717465979653851,0.35632183908046,TRUE
33,624,2825,4,0.55947999060224,0.15929203539823,TRUE
33,623,3550,4,0.571414401904384,0.0352112676056338,FALSE
32,595,2950,3,0.571100258546395,0.152542372881356,TRUE
33,621,4650,5,0.68811423285929,0.252688172043011,TRUE
33,612,6150,4,0.549573666468372,0,FALSE
33,620,3425,3,0.553252703926688,0.474452554744526,TRUE
32,594,2975,3,0.62114257467693,0.218487394957983,TRUE
33,632,4750,7,0.647756232686981,0.0631578947368421,FALSE
33,633,5300,5,0.35559807760769,0.0283018867924528,FALSE
33,619,2225,2,0.280267642974372,0.831460674157303,TRUE
33,618,2300,1,0,1,FALSE
33,614,4500,8,0.483086419753087,0.0777777777777778,FALSE
32,593,4500,7,0.579074074074074,0.00555555555555556,FALSE
33,613,2850,5,0.224530624807633,0.0701754385964912,FALSE
32,592,3400,4,0.489078719723184,0.0588235294117647,FALSE
34,637,175,1,0,1,FALSE
33,616,2025,5,0.616369455875629,0.185185185185185,TRUE
33,609,3425,6,0.660237625872449,0.0145985401459854,FALSE
35,640,1750,6,0.603265306122449,0.0142857142857143,FALSE
33,610,5725,5,0.623901146049847,0,FALSE
33,615,1775,7,0.578853402102757,0.0140845070422535,FALSE
33,617,3725,5,0.656366830322958,0.503355704697987,TRUE
32,591,2250,3,0.524444444444445,0.0666666666666667,FALSE
33,611,2475,3,0.436282012039588,0,FALSE
33,608,5250,6,0.609070294784581,0,FALSE
32,590,2125,7,0.536193771626298,0,FALSE
33,607,7075,7,0.620384821885652,0.134275618374558,TRUE
29,578,5450,2,0.499957916000337,0,FALSE
32,589,2875,11,0.757958412098299,0.0782608695652174,FALSE
29,577,6425,8,0.175778588623598,0,FALSE
33,630,4500,6,0.536543209876543,0,FALSE
34,635,300,3,0.402777777777778,0.75,TRUE
29,576,4075,5,0.386390153938801,0,FALSE
33,606,6325,5,0.408598790795045,0.00790513833992095,FALSE
33,631,5050,7,0.568963827075777,0,FALSE
32,588,1950,6,0.639710716633794,0.0641025641025641,FALSE
29,573,5000,4,0.13195,0,FALSE
33,604,4375,6,0.649795918367347,0.2,TRUE
29,584,3450,5,0.640411678218862,0,FALSE
33,605,5975,8,0.738957651301623,0.0543933054393306,FALSE
29,575,4850,4,0.173929216707408,0,FALSE
29,574,6775,5,0.166827793739192,0,FALSE
28,554,15050,11,0.190246244522687,0.00996677740863787,FALSE
35,639,2450,5,0.659933361099542,0,FALSE
29,572,2250,3,0.145925925925926,0,FALSE
29,571,10650,8,0.657001476779299,0,FALSE
29,581,3850,4,0.403862371394839,0,FALSE
29,583,2325,3,0.197479477396231,0,FALSE
33,602,3500,6,0.667857142857143,0.5,TRUE
33,603,150,1,0,1,FALSE
29,570,7300,7,0.567226496528429,0,FALSE
29,569,3525,4,0.32734771892762,0.0141843971631206,FALSE
29,582,4275,4,0.521938374200609,0,FALSE
28,550,13250,10,0.695820576717693,0.256603773584906,TRUE
29,568,8325,7,0.657323990657324,0,FALSE
29,566,8475,9,0.592772426275442,0,FALSE
28,553,19125,13,0.622912555000213,0,FALSE
28,551,15425,10,0.80374794123287,0,FALSE
29,567,5925,6,0.581922412718759,0,FALSE
29,563,10075,8,0.697436718408463,0,FALSE
29,564,4900,1,0,0,FALSE
29,565,8425,10,0.768484357527142,0,FALSE
28,552,17325,15,0.781869405246029,0,FALSE
28,549,17725,13,0.869040206413212,0.0944992947813822,FALSE
30,586,1850,4,0.324689554419284,0,FALSE
29,561,4600,5,0.474243856332703,0,FALSE
29,562,4200,2,0.459183673469388,0,FALSE
29,560,5675,6,0.666886607541384,0,FALSE
30,585,1700,3,0.137975778546713,0,FALSE
29,555,13300,9,0.646128950195037,0.0037593984962406,FALSE
29,559,8500,7,0.535570934256056,0,FALSE
28,547,8475,8,0.655076095752735,0.533923303834808,TRUE
27,529,4925,8,0.756731685949136,0,FALSE
28,548,11250,10,0.780750617283951,0.308888888888889,TRUE
27,530,7750,4,0.0995837669094693,0,FALSE
29,556,6525,7,0.782313823930946,0,FALSE
28,538,18450,8,0.403841775545127,0,FALSE
29,557,10600,7,0.195576717693129,0,FALSE
29,580,5350,6,0.540396541182636,0,FALSE
28,546,7850,10,0.702280011359487,0.461783439490446,TRUE
28,545,10700,7,0.721307537776225,0.364485981308411,TRUE
28,539,14225,5,0.160692609671949,0,FALSE
27,528,7975,2,0.470868014268728,0,FALSE
29,579,11075,5,0.454229066135369,0,FALSE
27,531,8575,2,0.00581390407058291,0,FALSE
28,541,15775,16,0.837404969346571,0,FALSE
28,537,7600,5,0.443472991689751,0,FALSE
27,527,10625,2,0.0323986159169551,0,FALSE
27,526,14875,1,0,0,FALSE
28,544,11575,6,0.664788285619656,0.0475161987041037,FALSE
28,536,200,1,0,0,FALSE
28,540,12775,6,0.570471160879439,0,FALSE
28,535,9525,3,0.368845626580142,0,FALSE
29,558,5425,2,0.317781222790885,0,FALSE
27,525,7600,1,0,0,FALSE
22,416,8725,12,0.5775814648484,0.00286532951289398,FALSE
21,399,5850,9,0.66841989918913,0,FALSE
28,543,6050,5,0.458404480568267,0.0413223140495868,FALSE
27,524,7100,1,0,0,FALSE
27,520,6775,3,0.158113315450498,0.0627306273062731,FALSE
27,521,15650,1,0,0,FALSE
28,534,11975,10,0.397182717997219,0.00417536534446764,FALSE
28,533,8025,3,0.164905231897982,0,FALSE
22,417,8250,10,0.502460973370064,0,FALSE
28,542,5575,5,0.60314906794828,0.210762331838565,TRUE
27,511,10500,3,0.158185941043084,0,FALSE
21,398,8550,8,0.733712937314046,0,FALSE
27,522,17000,1,0,0,FALSE
27,523,10650,1,0,0,FALSE
22,414,10725,9,0.674621415880157,0.00699300699300699,FALSE
28,532,16150,9,0.791165447766201,0,FALSE
27,508,14350,15,0.684274423630249,0.00174216027874564,FALSE
27,513,6275,1,0,0,FALSE
21,389,4175,5,0.338054430062032,0.0119760479041916,FALSE
21,396,7425,4,0.695121812966931,0.0942760942760943,FALSE
21,388,8475,4,0.551961782441851,0.351032448377581,TRUE
27,519,75,1,0,1,FALSE
22,415,4725,5,0.405419781081157,0,FALSE
27,517,9400,2,0.185929719330014,0.103723404255319,TRUE
21,397,5325,5,0.613855275628733,0,FALSE
27,518,375,2,0.48,0.6,TRUE
21,395,7875,5,0.735943562610229,0,FALSE
27,512,4775,1,0,0,FALSE
27,514,7725,1,0,0,FALSE
27,515,10150,1,0,0,FALSE
27,510,13625,7,0.237407625620739,0.0311926605504587,FALSE
27,509,11300,9,0.780483984650325,0.0530973451327434,FALSE
21,387,3500,1,0,1,FALSE
21,390,7850,5,0.565154773013104,0.0159235668789809,FALSE
27,516,15450,1,0,0,FALSE
22,413,7075,11,0.721846945273383,0,FALSE
21,386,2850,6,0.196522006771314,0.894736842105263,TRUE
22,410,12400,8,0.660314776274714,0,FALSE
27,500,9650,2,0.30991436011705,0.191709844559585,TRUE
27,502,5100,1,0,0,FALSE
21,385,3900,5,0.552925706771861,0.262820512820513,TRUE
21,394,3925,6,0.699176437177979,0,FALSE
22,412,4275,4,0.659006189938785,0,FALSE
22,408,8175,12,0.833618569331051,0.00305810397553517,FALSE
21,380,1725,1,0,1,FALSE
21,393,6450,5,0.663631993269635,0,FALSE
21,381,3750,5,0.274133333333333,0.846666666666667,TRUE
26,496,500,1,0,0,FALSE
24,491,2975,2,0.125414871831085,0.0672268907563025,FALSE
27,501,5450,2,0.499957916000337,0.504587155963303,TRUE
27,504,6275,2,0.210472849637307,0.119521912350598,TRUE
27,499,11850,2,0.344896651177696,0.221518987341772,TRUE
22,409,8475,8,0.379512882762942,0,FALSE
21,391,3100,3,0.53707075962539,0,FALSE
21,379,2250,1,0,1,FALSE
25,495,50,1,0,0,FALSE
27,503,12200,2,0.439322426766998,0.325819672131148,TRUE
27,505,9925,10,0.701102094423542,0.00251889168765743,FALSE
21,392,2350,4,0.178361249434133,0,FALSE
21,383,4475,11,0.748665771979651,0.435754189944134,TRUE
21,384,6325,8,0.803824462185005,0,FALSE
24,489,1775,1,0,0,FALSE
27,506,4075,8,0.77594188716173,0.0858895705521472,FALSE
27,507,5200,6,0.717363165680473,0,FALSE
24,490,2025,2,0.472488949855205,0.382716049382716,TRUE
27,498,7225,2,0.32494821661618,0.204152249134948,TRUE
21,382,2850,4,0.466759002770083,0.710526315789474,TRUE
21,370,5825,11,0.614783842030614,0,FALSE
22,411,4750,9,0.747146814404432,0,FALSE
21,378,2500,1,0,1,FALSE
24,493,3125,2,0.4032,0.28,TRUE
24,479,8800,5,0.486941503099174,0.303977272727273,TRUE
24,492,4300,7,0.496619794483505,0.651162790697675,TRUE
21,372,6525,8,0.766547760602457,0,FALSE
24,480,7450,3,0.304513310211252,0.174496644295302,TRUE
27,497,5925,2,0.360910822695793,0.236286919831224,TRUE
23,467,3275,2,0.440999941728338,0.32824427480916,TRUE
21,375,8375,9,0.663185564713745,0.0567164179104478,FALSE
24,481,7825,3,0.27661811389317,0.12779552715655,TRUE
21,373,3000,7,0.645277777777778,0,FALSE
21,377,3475,3,0.148853579007298,0.920863309352518,FALSE
23,457,9375,11,0.803569777777778,0,FALSE
23,447,10025,7,0.569921828844348,0,FALSE
22,403,6975,9,0.714353618273147,0,FALSE
21,376,10525,15,0.746621831291857,0.270783847980998,TRUE
23,441,5175,2,0.0919508039860906,0.0483091787439614,FALSE
23,440,8250,4,0.0821854912764004,0,FALSE
23,455,11800,10,0.600070022981902,0,FALSE
24,487,2800,3,0.425542091836735,0.276785714285714,TRUE
24,478,2225,3,0.523671253629592,0.573033707865169,TRUE
23,466,7375,3,0.208721631715024,0,FALSE
24,488,4400,7,0.294550619834711,0.835227272727273,TRUE
23,456,8675,5,0.467440141517661,0,FALSE
21,371,2150,5,0.484045429962142,0,FALSE
21,374,9650,12,0.84988858761309,0.0181347150259067,FALSE
22,407,4200,9,0.754039115646259,0,FALSE
22,406,8350,7,0.605794399225501,0,FALSE
22,405,3800,4,0.271208448753463,0,FALSE
19,345,4050,1,0,1,FALSE
24,476,10925,4,0.301651053312318,0.118993135011442,TRUE
23,448,3350,4,0.591222989529962,0.223880597014925,TRUE
19,344,9350,5,0.132217106580114,0.93048128342246,FALSE
24,486,7650,9,0.569460463924132,0.630718954248366,TRUE
24,477,10225,4,0.320586318828797,0.058679706601467,FALSE
23,465,3275,7,0.772332614649496,0,FALSE
19,343,5200,1,0,1,FALSE
22,404,6525,5,0.537690286402137,0,FALSE
23,438,8325,4,0.152891630369108,0,FALSE
20,368,7150,11,0.786444324905863,0,FALSE
24,474,7850,2,0.102417947989776,0.945859872611465,FALSE
23,454,7650,5,0.422487077619719,0.0163398692810458,FALSE
23,449,6700,7,0.585152595232791,0.574626865671642,TRUE
23,437,7125,6,0.507651585103109,0.0701754385964912,FALSE
22,402,5800,4,0.196826694411415,0,FALSE
20,357,3450,10,0.769481201428271,0.0289855072463768,FALSE
24,475,10575,4,0.664554096876415,0.446808510638298,TRUE
24,482,2875,1,0,1,FALSE
23,439,3675,1,0,0,FALSE
20,367,3850,3,0.361190757294653,0,FALSE
19,337,3900,1,0,1,FALSE
24,484,5275,8,0.679499562004447,0.0995260663507109,FALSE
19,341,1250,1,0,1,FALSE
23,453,5625,4,0.0937481481481481,0,FALSE
15,287,2375,1,0,0,FALSE
15,288,1350,1,0,0,FALSE
23,445,6600,5,0.350436179981635,0.143939393939394,TRUE
24,485,3550,5,0.476790319381075,0,FALSE
23,464,3525,4,0.430863638649967,0,FALSE
23,452,5150,6,0.618342916391743,0.572815533980583,TRUE
20,369,2500,7,0.6784,0,FALSE
24,483,3950,3,0.131469315814773,0.930379746835443,FALSE
22,401,16025,7,0.64682474974506,0,FALSE
23,461,3825,6,0.627707292067154,0,FALSE
20,365,2625,3,0.388571428571429,0,FALSE
19,342,175,1,0,1,FALSE
23,446,8425,5,0.676857240972448,0.347181008902077,TRUE
20,366,5275,4,0.240021562857977,0.0758293838862559,FALSE
19,339,6900,7,0.600897920604915,0.547101449275362,TRUE
19,338,3225,1,0,1,FALSE
23,451,5000,9,0.73625,0.34,TRUE
19,340,6325,9,0.499023574809792,0.0118577075098814,FALSE
23,435,6250,2,0.023712,0.012,FALSE
22,400,6475,5,0.528912806905085,0,FALSE
20,364,5150,5,0.324111603355642,0,FALSE
23,460,5800,9,0.780878418549346,0,FALSE
15,286,4450,2,0.0858477464966545,0,FALSE
23,444,2725,3,0.457873916337009,0.146788990825688,TRUE
19,336,3750,1,0,1,FALSE
24,468,40550,15,0.533415384334695,0.672626387176326,TRUE
24,473,2025,1,0,1,FALSE
08,125,4550,5,0.714285714285714,0,FALSE
23,434,4600,1,0,0,FALSE
23,436,6200,1,0,0,FALSE
23,427,10475,9,0.580960463884348,0.0167064439140811,FALSE
23,428,7375,5,0.453639758690032,0.152542372881356,TRUE
19,335,7100,4,0.315388811743702,0.816901408450704,TRUE
24,472,7750,11,0.750218522372529,0.432258064516129,TRUE
23,431,4675,9,0.711601704366725,0,FALSE
24,471,4425,2,0.0112355964122697,0.994350282485876,FALSE
23,450,5150,9,0.846356866811198,0.131067961165049,TRUE
20,356,1575,4,0.530612244897959,0.349206349206349,TRUE
23,443,7175,4,0.439534290813291,0.306620209059233,TRUE
20,359,4150,6,0.344752503991871,0.0180722891566265,FALSE
16,290,2975,3,0.629334086575807,0,FALSE
08,124,3825,7,0.691614336366355,0,FALSE
23,442,6150,2,0.0161279661577105,0.00813008130081301,FALSE
20,355,2900,4,0.287901307966706,0,FALSE
20,361,1275,3,0.449058054594387,0,FALSE
15,285,1325,2,0.281950872196511,0,FALSE
15,284,3500,2,0.414183673469388,0,FALSE
24,470,5600,5,0.0353156887755103,0.982142857142857,FALSE
08,131,4450,8,0.697260446913269,0,FALSE
20,346,4125,8,0.526354453627181,0.133333333333333,TRUE
20,347,3950,5,0.310286813010735,0.0316455696202532,FALSE
20,360,4325,5,0.479869023355274,0.0173410404624277,FALSE
19,334,4475,4,0.341812053306701,0.793296089385475,TRUE
16,289,2875,3,0.591909262759924,0,FALSE
23,463,5900,10,0.844836253950014,0.0211864406779661,FALSE
20,354,2050,2,0.342653182629387,0,FALSE
15,281,2900,2,0.0503864447086801,0,FALSE
23,433,5425,4,0.312939327656141,0.0184331797235023,FALSE
08,129,6425,4,0.403003830489485,0,FALSE
23,426,6775,6,0.575700221946869,0.044280442804428,FALSE
23,462,4575,9,0.815670817283287,0,FALSE
15,283,3175,2,0.158224316448633,0,FALSE
20,358,4375,4,0.387134693877551,0.0685714285714286,FALSE
16,291,2225,2,0.431258679459664,0,FALSE
23,458,6450,3,0.408599242833964,0.0116279069767442,FALSE
09,200,6725,8,0.803471483257556,0.24907063197026,TRUE
08,130,11700,16,0.845797720797721,0,FALSE
23,429,7600,8,0.585677804709141,0.0197368421052632,FALSE
20,363,1850,3,0.10336011687363,0,FALSE
19,333,5325,2,0.00934558839736366,0.995305164319249,FALSE
20,349,4975,7,0.5462488321002,0.0150753768844221,FALSE
24,469,10625,6,0.237010380622837,0.870588235294118,TRUE
23,425,8675,8,0.542052504380902,0.069164265129683,FALSE
20,362,3825,6,0.287496262121406,0.0065359477124183,FALSE
09,167,4925,4,0.19614007060218,0,FALSE
20,350,2450,3,0.097667638483965,0,FALSE
16,292,2175,3,0.564143215748448,0,FALSE
23,459,4850,5,0.435699861834414,0,FALSE
08,126,7700,12,0.857880755608028,0.0162337662337662,FALSE
23,432,4400,6,0.756198347107438,0.0284090909090909,FALSE
23,430,6400,4,0.583709716796875,0.0078125,FALSE
10,236,4800,4,0.351019965277778,0.786458333333333,TRUE
15,282,1575,2,0.197530864197531,0,FALSE
20,348,1675,5,0.694141234127868,0.0149253731343284,FALSE
20,353,1925,4,0.274919885309496,0.103896103896104,TRUE
08,128,6825,3,0.275382736921198,0,FALSE
23,424,5100,2,0.0570934256055364,0,FALSE
08,117,5125,10,0.793813206424747,0.307317073170732,TRUE
10,238,3075,5,0.706589992729196,0.398373983739837,TRUE
14,280,3150,4,0.438271604938272,0,FALSE
10,234,3900,3,0.41017422748192,0.743589743589744,TRUE
10,235,3375,3,0.138930041152263,0.925925925925926,FALSE
14,274,4775,4,0.602450590718456,0,FALSE
08,127,5000,5,0.27825,0,FALSE
09,199,4475,4,0.512031459692269,0.620111731843575,TRUE
10,233,3275,2,0.475496765922732,0.610687022900763,TRUE
10,237,2475,4,0.345066829915315,0.797979797979798,TRUE
18,318,1375,4,0.676363636363636,0.345454545454545,TRUE
10,225,3150,4,0.572436381960191,0.468253968253968,TRUE
20,351,2200,6,0.654442148760331,0.397727272727273,TRUE
18,317,1725,4,0.704893929846671,0.289855072463768,TRUE
09,196,2550,2,0.406958861976163,0.715686274509804,TRUE
08,116,10625,6,0.0914048442906575,0.952941176470588,FALSE
09,175,5400,3,0.195430384087792,0.893518518518519,TRUE
08,123,4450,15,0.889218533013508,0.0337078651685393,FALSE
23,423,10025,7,0.768714124912159,0.1571072319202,TRUE
19,332,3625,1,0,1,FALSE
14,276,750,2,0.231111111111111,0.866666666666667,TRUE
08,118,12550,10,0.46403231694735,0.717131474103586,TRUE
09,171,3225,3,0.493239588967009,0.651162790697675,TRUE
20,352,1950,3,0.516436554898093,0.551282051282051,TRUE
18,316,3775,5,0.714003771764396,0.264900662251656,TRUE
14,275,450,2,0.104938271604938,0.944444444444444,FALSE
08,115,28150,6,0.0673409702526114,0.965364120781528,FALSE
09,170,4350,2,0.0114281939490026,0.994252873563218,FALSE
08,121,5875,3,0.477827071072884,0,FALSE
23,422,2875,3,0.43054820415879,0.704347826086957,TRUE
09,169,3150,2,0.487402368354749,0.420634920634921,TRUE
10,239,1000,1,0,1,FALSE
10,229,2300,2,0.0425330812854443,0.978260869565217,FALSE
08,122,10400,15,0.814152644230769,0.262019230769231,TRUE
10,228,675,1,0,1,FALSE
10,227,1300,2,0.232988165680473,0.865384615384615,TRUE
10,226,1375,3,0.368925619834711,0.763636363636364,TRUE
14,273,4150,5,0.660110320801277,0,FALSE
09,166,4975,3,0.48200803010025,0.376884422110553,TRUE
10,240,600,1,0,1,FALSE
14,278,475,5,0.731301939058172,0.421052631578947,TRUE
14,277,475,2,0.188365650969529,0.894736842105263,TRUE
14,279,4375,4,0.588865306122449,0,FALSE
09,198,1000,1,0,1,FALSE
09,197,1600,1,0,1,FALSE
10,231,2350,1,0,1,FALSE
10,224,2575,1,0,1,FALSE
14,272,3650,3,0.512760367798837,0.0273972602739726,FALSE
09,174,1800,1,0,1,FALSE
10,230,3300,1,0,1,FALSE
23,418,6750,4,0.437229080932785,0.0703703703703704,FALSE
10,232,1725,1,0,1,FALSE
09,195,3350,1,0,1,FALSE
09,194,3975,1,0,1,FALSE
10,222,1875,1,0,1,FALSE
10,223,1475,1,0,1,FALSE
10,212,3100,1,0,1,FALSE
19,331,2125,1,0,1,FALSE
09,168,4100,1,0,1,FALSE
09,172,4200,1,0,1,FALSE
19,330,3050,1,0,1,FALSE
17,295,1975,4,0.730331677615767,0,FALSE
17,293,3525,8,0.729138373321262,0.111111111111111,TRUE
17,299,3675,7,0.710074505992873,0,FALSE
18,315,4950,8,0.645852464034282,0.0151515151515152,FALSE
09,173,3750,1,0,1,FALSE
09,193,2900,1,0,1,FALSE
10,220,2025,1,0,1,FALSE
10,221,2675,1,0,1,FALSE
10,211,3250,1,0,1,FALSE
17,296,5025,8,0.52157124823643,0,FALSE
17,298,2800,9,0.633769132653061,0,FALSE
10,213,1750,1,0,1,FALSE
09,191,4225,1,0,1,FALSE
10,219,2625,1,0,1,FALSE
23,421,4475,4,0.588246309416061,0.558659217877095,TRUE
10,214,1675,1,0,1,FALSE
08,119,8500,12,0.809930795847751,0.270588235294118,TRUE
08,120,7125,6,0.513142505386273,0.656140350877193,TRUE
08,108,5175,8,0.480664659618661,0.70048309178744,TRUE
09,165,4625,1,0,1,FALSE
18,301,2250,2,0.0219753086419752,0.988888888888889,FALSE
17,294,2725,5,0.47218247622254,0.0458715596330275,FALSE
10,215,2475,1,0,1,FALSE
13,271,1600,5,0.5478515625,0,FALSE
09,158,4625,1,0,1,FALSE
09,192,1700,1,0,1,FALSE
23,419,5125,4,0.400333135038667,0.760975609756098,TRUE
23,420,4600,1,0,1,FALSE
09,164,2875,1,0,1,FALSE
10,218,2275,1,0,1,FALSE
09,179,4375,1,0,1,FALSE
10,216,3175,1,0,1,FALSE
08,113,22600,6,0.166876321560028,0.911504424778761,FALSE
08,107,4925,7,0.536473498415316,0.573604060913706,TRUE
09,163,3250,1,0,1,FALSE
17,297,2400,4,0.658637152777778,0,FALSE
18,314,10525,10,0.818704475826699,0.152019002375297,TRUE
09,156,4500,1,0,1,FALSE
10,208,2400,1,0,1,FALSE
10,209,2725,1,0,1,FALSE
18,321,3150,3,0.422398589065256,0.73015873015873,TRUE
13,266,1825,5,0.446988177894539,0,FALSE
09,178,2350,1,0,1,FALSE
09,190,2525,1,0,1,FALSE
10,207,3475,1,0,1,FALSE
10,210,1875,1,0,1,FALSE
13,270,1425,4,0.510310864881502,0,FALSE
08,114,38125,13,0.224623488309594,0.879344262295082,TRUE
09,188,3225,1,0,1,FALSE
10,217,2000,1,0,1,FALSE
19,329,2950,1,0,1,FALSE
18,302,1950,2,0.0973044049967127,0.948717948717949,FALSE
13,265,900,5,0.748456790123457,0.388888888888889,TRUE
18,305,3875,5,0.287700312174818,0.838709677419355,TRUE
13,269,1175,7,0.735174287007696,0,FALSE
10,204,4050,1,0,1,FALSE
10,206,2100,1,0,1,FALSE
08,106,2925,2,0.432464022207612,0.683760683760684,TRUE
09,162,2000,1,0,1,FALSE
09,177,2675,1,0,1,FALSE
13,263,1475,2,0.234415397874174,0,FALSE
08,109,3475,2,0.0826044200610734,0.956834532374101,FALSE
09,161,2375,1,0,1,FALSE
09,186,1700,1,0,1,FALSE
10,205,450,1,0,1,FALSE
18,300,2975,2,0.0330485135230565,0.983193277310924,FALSE
18,303,2350,1,0,1,FALSE
18,322,1025,3,0.522308149910767,0.463414634146342,TRUE
18,313,3275,2,0.030068177845114,0.984732824427481,FALSE
08,110,11350,6,0.18062644336199,0.903083700440529,FALSE
09,157,2550,1,0,1,FALSE
08,112,17425,9,0.118219300177642,0.938307030129125,FALSE
09,176,3975,1,0,1,FALSE
19,328,6200,3,0.0396396982310093,0.979838709677419,FALSE
18,319,1000,2,0.255,0.85,TRUE
18,304,1525,2,0.122547702230583,0.934426229508197,FALSE
09,185,2850,1,0,1,FALSE
18,323,1000,1,0,1,FALSE
09,189,2900,1,0,1,FALSE
10,203,5150,2,0.109718163823169,0.941747572815534,FALSE
18,325,1575,1,0,1,FALSE
13,264,1525,5,0.769148078473529,0.114754098360656,TRUE
13,267,2175,4,0.569692165411547,0,FALSE
19,327,3150,7,0.737591332829428,0.317460317460317,TRUE
08,105,5025,5,0.252716516917898,0.860696517412935,TRUE
09,146,4025,2,0.0601828633154584,0.968944099378882,FALSE
09,160,2050,1,0,1,FALSE
09,183,4025,1,0,1,FALSE
18,320,1975,1,0,1,FALSE
18,324,2475,1,0,1,FALSE
09,147,2400,1,0,1,FALSE
13,262,1600,4,0.626953125,0,FALSE
09,148,2675,1,0,1,FALSE
09,155,5925,1,0,1,FALSE
09,187,2925,1,0,1,FALSE
18,326,1975,2,0.0493510655343696,0.974683544303798,FALSE
18,306,5300,2,0.0550017799928799,0.971698113207547,FALSE
18,312,3150,2,0.159360040312421,0.912698412698413,FALSE
13,261,2100,5,0.581916099773243,0.0238095238095238,FALSE
09,180,4825,1,0,1,FALSE
09,182,3250,1,0,1,FALSE
09,184,2950,1,0,1,FALSE
13,268,625,4,0.5664,0.04,FALSE
08,104,8300,4,0.342030773697198,0.798192771084337,TRUE
09,154,5700,1,0,1,FALSE
09,159,2275,1,0,1,FALSE
08,111,7525,3,0.144060220085871,0.92358803986711,FALSE
09,145,3275,1,0,1,FALSE
09,144,1775,1,0,1,FALSE
11,243,800,4,0.408203125,0,FALSE
08,101,30750,2,0.00324674466256858,0.998373983739837,FALSE
09,201,2550,1,0,1,FALSE
11,242,1075,6,0.458626284478096,0,FALSE
12,246,4875,8,0.736568047337278,0,FALSE
11,244,900,4,0.572530864197531,0,FALSE
18,311,2625,2,0.090702947845805,0.952380952380952,FALSE
09,181,1950,1,0,1,FALSE
12,247,6550,7,0.598129479634054,0.00840336134453782,FALSE
18,307,2850,2,0.0838719606032625,0.956140350877193,FALSE
12,254,2000,4,0.5359375,0.0125,FALSE
09,152,4300,1,0,1,FALSE
08,102,13725,1,0,1,FALSE
12,248,3375,4,0.505898491083676,0.0148148148148148,FALSE
09,143,3750,1,0,1,FALSE
09,202,1875,1,0,1,FALSE
11,241,4075,8,0.637133501449057,0,FALSE
06,087,1475,2,0.155127836828498,0.915254237288136,FALSE
09,149,5150,1,0,1,FALSE
09,153,7700,1,0,1,FALSE
08,103,5950,4,0.177388602499823,0.903361344537815,FALSE
12,253,4775,9,0.85118280748883,0.104712041884817,TRUE
18,310,3475,2,0.0826044200610734,0.956834532374101,FALSE
06,084,1850,3,0.128195763330898,0.932432432432432,FALSE
06,089,1450,1,0,1,FALSE
12,245,2175,6,0.572334522393975,0,FALSE
12,255,2700,5,0.443587105624143,0,FALSE
06,085,1525,1,0,1,FALSE
18,308,2500,2,0.0768,0.96,FALSE
09,150,4150,1,0,1,FALSE
18,309,3850,3,0.222887502108281,0.876623376623377,TRUE
09,142,3650,1,0,1,FALSE
09,141,1225,1,0,1,FALSE
09,151,3725,1,0,1,FALSE
12,256,6525,6,0.656684429177493,0,FALSE
06,086,1275,2,0.207612456747405,0.882352941176471,TRUE
06,088,675,2,0.197530864197531,0.888888888888889,TRUE
12,250,8075,10,0.801062024940333,0,FALSE
09,135,3575,1,0,1,FALSE
12,259,4175,7,0.684499264943168,0.502994011976048,TRUE
06,083,1800,1,0,1,FALSE
06,081,4675,2,0.01063799365152,0.994652406417112,FALSE
07,098,275,2,0.396694214876033,0.727272727272727,TRUE
09,137,2225,1,0,1,FALSE
09,136,2450,1,0,1,FALSE
12,249,6400,7,0.74920654296875,0,FALSE
12,251,3850,8,0.799628942486085,0.274509803921569,TRUE
07,097,475,1,0,1,FALSE
09,140,1950,1,0,1,FALSE
12,260,5900,3,0.0817293881068659,0,FALSE
07,094,50,2,0.5,0.5,TRUE
07,093,75,1,0,1,FALSE
07,096,75,1,0,1,FALSE
07,091,75,1,0,1,FALSE
07,090,450,1,0,1,FALSE
07,092,75,1,0,1,FALSE
12,258,3725,10,0.792576910949957,0.315436241610738,TRUE
06,082,1725,1,0,1,FALSE
05,067,2775,1,0,1,FALSE
09,139,1300,1,0,1,FALSE
09,138,2525,1,0,1,FALSE
06,076,2125,1,0,1,FALSE
08,099,10275,1,0,1,FALSE
08,100,10050,1,0,1,FALSE
12,252,6500,10,0.813698224852071,0,FALSE
06,080,4225,1,0,1,FALSE
05,066,3950,10,0.775516744111521,0.39873417721519,TRUE
05,065,1700,9,0.762975778546713,0.0588235294117647,FALSE
09,134,4650,1,0,1,FALSE
06,077,2775,1,0,1,FALSE
12,257,9125,5,0.30788515668981,0,FALSE
06,075,1275,1,0,1,FALSE
09,133,4125,1,0,1,FALSE
06,079,4300,1,0,1,FALSE
06,078,2500,1,0,1,FALSE
05,061,5350,10,0.684775962966198,0.0420560747663551,FALSE
05,064,3050,6,0.398817522171459,0,FALSE
05,062,6975,10,0.800837604861192,0,FALSE
06,074,2450,1,0,1,FALSE
06,073,2250,1,0,1,FALSE
03,047,2250,1,0,1,FALSE
09,132,3600,3,0.106095679012346,0.944444444444444,FALSE
05,068,2250,3,0.220493827160494,0.877777777777778,TRUE
05,063,2375,6,0.712465373961219,0,FALSE
03,053,3725,1,0,1,FALSE
03,046,3350,1,0,1,FALSE
03,048,3300,1,0,1,FALSE
06,072,1675,1,0,1,FALSE
06,071,1825,2,0.150872583974479,0.917808219178082,FALSE
05,057,7725,13,0.746640692912726,0,FALSE
03,044,2525,1,0,1,FALSE
05,060,3175,11,0.735321470642941,0.433070866141732,TRUE
03,043,5275,1,0,1,FALSE
05,059,3925,11,0.773094243174165,0.00657894736842105,FALSE
06,070,1475,1,0,1,FALSE
03,054,1325,1,0,1,FALSE
05,058,1900,7,0.668282548476454,0,FALSE
03,052,1200,2,0.186631944444444,0.895833333333333,TRUE
02,032,2800,14,0.89030612244898,0.0892857142857143,FALSE
03,045,1500,1,0,1,FALSE
03,040,1050,1,0,1,FALSE
06,069,900,5,0.628086419753086,0.5,TRUE
05,056,7975,20,0.891304134196794,0.00357142857142857,FALSE
03,042,2150,1,0,1,FALSE
03,041,3750,1,0,1,FALSE
04,055,125,2,0.32,0.8,TRUE
03,051,1400,3,0.322066326530612,0.803571428571429,TRUE
02,031,1925,10,0.842637881598921,0.168831168831169,TRUE
02,033,5175,13,0.826296996429322,0,FALSE
03,039,1275,2,0.176855055747789,0.901960784313725,FALSE
03,037,2675,1,0,1,FALSE
02,034,6575,12,0.853995286905984,0,FALSE
03,050,2275,1,0,1,FALSE
03,038,3350,2,0.274448652261083,0.835820895522388,TRUE
03,036,1525,1,0,1,FALSE
02,030,1175,7,0.810321412403803,0.0851063829787234,FALSE
02,027,3925,12,0.840683192015903,0,FALSE
02,029,1650,4,0.615702479338843,0.409090909090909,TRUE
02,026,5450,12,0.692155542462756,0,FALSE
02,028,1075,3,0.465116279069768,0,FALSE
03,049,2600,1,0,1,FALSE
03,035,3700,4,0.141070124178232,0.925675675675676,FALSE
02,024,5725,10,0.802730687820598,0.135371179039301,TRUE
02,025,13900,16,0.871784586719114,0.00179856115107914,FALSE
02,023,6350,12,0.646475292950586,0,FALSE
01,007,2475,10,0.870115294357719,0.202020202020202,TRUE
01,003,49650,36,0.843993554072871,0.054380664652568,FALSE
01,022,750,3,0.58,0.5,TRUE
01,021,2125,4,0.634186851211073,0.505882352941176,TRUE
01,019,2425,9,0.803911148899989,0,FALSE
01,016,2325,10,0.758931668400971,0,FALSE
01,004,13850,22,0.827464192156812,0,FALSE
01,020,2150,11,0.797458085451595,0,FALSE
01,018,8000,15,0.74791015625,0,FALSE
01,006,2800,8,0.578922193877551,0,FALSE
01,017,1200,7,0.795138888888889,0,FALSE
01,014,2750,8,0.839338842975207,0.127272727272727,TRUE
01,005,1825,7,0.66654156502158,0,FALSE
01,015,1075,3,0.584099513250406,0.27906976744186,TRUE
01,013,600,3,0.291666666666667,0.0833333333333333,FALSE
01,002,1275,3,0.559784698193003,0.392156862745098,TRUE
01,012,900,4,0.70679012345679,0.361111111111111,TRUE
01,000,108325,27,0.900862316682671,0.0936954896586095,FALSE
01,008,2125,9,0.85757785467128,0.223529411764706,TRUE
01,010,500,5,0.74,0.35,TRUE
01,009,2550,8,0.817185697808535,0.166666666666667,TRUE
01,011,1275,7,0.754325259515571,0.117647058823529,TRUE
01,001,2575,6,0.779903855217268,0.135922330097087,TRUE
