pc11_state_id,state_name,unit,age,quat,N,share
01,jammu kashmir,UNDIFF.FLUVIAL / AEOLIAN / COASTA & GLACIAL  SEDIMENTS,QUATERNARY,TRUE,148,0.611570247933884
01,jammu kashmir,SIWALIK Gp. (MIDDLE SIWALIK),MIOCENE - PLIOCENE,FALSE,27,0.111570247933884
01,jammu kashmir,SIWALIK Gp. (UPPER SIWALIK),PLIOCENE - PLEISTOCENE,FALSE,26,0.107438016528926
01,jammu kashmir,MURREE Gp (LOWER MURREE),EOCENE - MIOCENE,FALSE,18,0.0743801652892562
01,jammu kashmir,SIWALIK Gp. (LOWER SIWALIK),MIOCENE,FALSE,13,0.0537190082644628
01,jammu kashmir,KAREWA Gp (DILPUR / HIRPUR Fm.),PLIOCENE - PLEISTOCENE,FALSE,7,0.0289256198347107
01,jammu kashmir,MURREE Gp. (UPPER MURREE),EOCENE - MIOCENE,FALSE,3,0.012396694214876
02,himachal pradesh,UNDIFF.FLUVIAL / AEOLIAN / COASTA & GLACIAL  SEDIMENTS,QUATERNARY,TRUE,68,0.566666666666667
02,himachal pradesh,SIWALIK Gp. (UPPER SIWALIK),PLIOCENE - PLEISTOCENE,FALSE,21,0.175
02,himachal pradesh,SIWALIK Gp. (MIDDLE SIWALIK),MIOCENE - PLIOCENE,FALSE,9,0.075
02,himachal pradesh,SHALI Gp,MESOPROTEROZOIC,FALSE,6,0.05
02,himachal pradesh,SIWALIK Gp. (LOWER SIWALIK),MIOCENE,FALSE,5,0.0416666666666667
02,himachal pradesh,KULU Gp.,PALAEOPROTEROZOIC,FALSE,5,0.0416666666666667
02,himachal pradesh,DAGSHAI = LOWER DHARAMSHALA / LOWER MUR*,EOCENE - MIOCENE,FALSE,4,0.0333333333333333
02,himachal pradesh,KATARIGALI  / MANJIR = LANGERA Fm.,NEOPROTEROZOIC,FALSE,1,0.00833333333333333
02,himachal pradesh,MANDI / DALHOUSIE / DHAULADHAR GRANITOID,PALAEOZOIC,FALSE,1,0.00833333333333333
03,punjab,UNDIFF.FLUVIAL / AEOLIAN / COASTA & GLACIAL  SEDIMENTS,QUATERNARY,TRUE,1156,0.993127147766323
03,punjab,SIWALIK Gp. (UPPER SIWALIK),PLIOCENE - PLEISTOCENE,FALSE,5,0.00429553264604811
03,punjab,SIWALIK Gp. (LOWER SIWALIK),MIOCENE,FALSE,2,0.00171821305841924
03,punjab,SIWALIK Gp. (MIDDLE SIWALIK),MIOCENE - PLIOCENE,FALSE,1,0.000859106529209622
05,uttarakhand,UNDIFF.FLUVIAL / AEOLIAN / COASTA & GLACIAL  SEDIMENTS,QUATERNARY,TRUE,1,1
06,haryana,UNDIFF.FLUVIAL / AEOLIAN / COASTA & GLACIAL  SEDIMENTS,QUATERNARY,TRUE,1050,0.993377483443709
06,haryana,AJABGARH Gp.( DELHI SGp.),PALAEOPROTEROZOIC - MESOPROTEROZOIC,FALSE,4,0.00378429517502365
06,haryana,SIWALIK Gp. (UPPER SIWALIK),PLIOCENE - PLEISTOCENE,FALSE,2,0.00189214758751183
06,haryana,SIWALIK Gp. (LOWER SIWALIK),MIOCENE,FALSE,1,0.000946073793755913
07,nct of delhi,UNDIFF.FLUVIAL / AEOLIAN / COASTA & GLACIAL  SEDIMENTS,QUATERNARY,TRUE,4,1
08,rajasthan,UNDIFF.FLUVIAL / AEOLIAN / COASTA & GLACIAL  SEDIMENTS,QUATERNARY,TRUE,1157,0.6850207223209
08,rajasthan,BHANDER Gp. ( VINDHYAN SGp.),NEOPROTEROZOIC,FALSE,80,0.0473653049141504
08,rajasthan,MANGALWAR Gp. (BHILWARA SGp.),ARCHAEAN,FALSE,65,0.0384843102427472
08,rajasthan,DECCAN TRAP,LATE CRETACEOUS - PALAEOCENE,FALSE,54,0.0319715808170515
08,rajasthan,UDAIPUR Gp. (ARAVALLI SGp.),PALAEOPROTEROZOIC,FALSE,43,0.0254588513913558
08,rajasthan,LUNAVADA Gp.(ARAVALLI Sgp.),PALAEOPROTEROZOIC,FALSE,29,0.0171699230313795
08,rajasthan,GOGUNDA Gp. (DELHI SGp.),PALAEOPROTEROZOIC - MESOPROTEROZOIC,FALSE,26,0.0153937240970989
08,rajasthan,SANDMATA Gp.(BHILWARA SGp.),ARCHAEAN,FALSE,21,0.0124333925399645
08,rajasthan,KUMBHALGARH Gp.( DELHI SGp.),PALAEOPROTEROZOIC - MESOPROTEROZOIC,FALSE,19,0.0112492599171107
08,rajasthan,HINDOLI  Gp. (BHILWARA SGp.),ARCHAEAN,FALSE,19,0.0112492599171107
08,rajasthan,JHAROL Gp. (ARAVALLI SGp.),PALAEOPROTEROZOIC,FALSE,15,0.0088809946714032
08,rajasthan,BERACH GRANITE,ARCHAEAN,FALSE,12,0.00710479573712256
08,rajasthan,AJABGARH Gp.( DELHI SGp.),PALAEOPROTEROZOIC - MESOPROTEROZOIC,FALSE,11,0.00651272942569568
08,rajasthan,ERINPURA GRANITE & GNEISS,NEOPROTEROZOIC,FALSE,11,0.00651272942569568
08,rajasthan,SIROHI Gp. (DELHI SGp.),PALAEOPROTEROZOIC - MESOPROTEROZOIC,FALSE,10,0.0059206631142688
08,rajasthan,DEBARI Gp. (ARVALLI SGp.),PALAEOPROTEROZOIC,FALSE,10,0.0059206631142688
08,rajasthan,ALWAR Gp. ( DELHI SGp.),PALAEOPROTEROZOIC - MESOPROTEROZOIC,FALSE,8,0.00473653049141504
08,rajasthan,RAJPURA-DARIBA Gp.(BHILWARA SGp.),PALAEOPROTEROZOIC,FALSE,8,0.00473653049141504
08,rajasthan,SEMRI Gp. (VINDHYAN SGp.),MESOPROTEROZOIC,FALSE,8,0.00473653049141504
08,rajasthan,JODHPUR VOLCANICS Gp.,NEOPROTEROZOIC,FALSE,7,0.00414446417998816
08,rajasthan,JAISALMER Fm.,EARLY - MIDDLE JURASSIC,FALSE,7,0.00414446417998816
08,rajasthan,JODHPUR Gp.,NEOPROTEROZOIC - EARLY CAMBRIAN,FALSE,7,0.00414446417998816
08,rajasthan,SENDRA-AMBAJI GRANITE,MESOPROTEROZOIC,FALSE,7,0.00414446417998816
08,rajasthan,BILARA Gp (MARWAR SGp.),NEOPROTEROZOIC - EARLY CAMBRIAN,FALSE,6,0.00355239786856128
08,rajasthan,BAISAKHI Fm.,MIDDLE JURASSIC,FALSE,4,0.00236826524570752
08,rajasthan,KHUIALA Fm.,PALAEOCENE,FALSE,4,0.00236826524570752
08,rajasthan,KANKROLI Gp.(ARAVALLI SGp.),PALAEOPROTEROZOIC,FALSE,4,0.00236826524570752
08,rajasthan,BARI LAKE Gp.,PALAEOPROTEROZOIC,FALSE,4,0.00236826524570752
08,rajasthan,GYANGARH-ASIND ACIDIC ROCKS,ARCHAEAN,FALSE,4,0.00236826524570752
08,rajasthan,PARIWAR Fm.,LATE JURASSIC - EARLY CRETACEOUS,FALSE,3,0.00177619893428064
08,rajasthan,PUNAGARH Gp.( DELHI SGp.),PALAEOPROTEROZOIC - MESOPROTEROZOIC,FALSE,3,0.00177619893428064
08,rajasthan,REWA Gp ( VINDHYAN SGp.),MESOPROTEROZOIC - NEOPROTEOZOIC,FALSE,3,0.00177619893428064
08,rajasthan,JAHAZPUR Gp. (BHILWARA SGp.),PALAEOPROTEROZOIC,FALSE,2,0.00118413262285376
08,rajasthan,JALORE PLUTONICS Gp. (JALOR GRANITE),NEOPROTEROZOIC,FALSE,2,0.00118413262285376
08,rajasthan,RAKHABDEV ULTRAMAFIC SUITE,PALAEOPROTEROZOIC,FALSE,2,0.00118413262285376
08,rajasthan,UNTALA GRANITE,ARCHAEAN,FALSE,2,0.00118413262285376
08,rajasthan,KAIMUR Gp. (VINDHYAN SGp),MESOPROTEROZOIC,FALSE,2,0.00118413262285376
08,rajasthan,FATEHGARH Fm.,EARLY CRETACEOUS,FALSE,1,0.00059206631142688
08,rajasthan,MANDAI Fm.,PALAEOCENE,FALSE,1,0.00059206631142688
08,rajasthan,BEDESAR Fm.,MIDDLE - LATE JURASSIC,FALSE,1,0.00059206631142688
08,rajasthan,ABUR Fm.,EARLY CRETACEOUS,FALSE,1,0.00059206631142688
08,rajasthan,NAGAUR Gp.(MARWAR SGp.),NEOPROTEROZOIC - EARLY CAMBRIAN,FALSE,1,0.00059206631142688
08,rajasthan,RANTHAMBHOR Gp.(BHILWARA SGp.),PALAEOPROTEROZOIC,FALSE,1,0.00059206631142688
08,rajasthan,GINGLA GRANITE,ARCHAEAN,FALSE,1,0.00059206631142688
08,rajasthan,PUR-BANERA Gp.(BHILWARA SGp.),PALAEOPROTEROZOIC,FALSE,1,0.00059206631142688
08,rajasthan,BANDAH Fm.,EOCENE,FALSE,1,0.00059206631142688
08,rajasthan,DOVDA Gp. (ARAVALLI SGp.),PALAEOPROTEROZOIC,FALSE,1,0.00059206631142688
09,uttar pradesh,UNDIFF.FLUVIAL / AEOLIAN / COASTA & GLACIAL  SEDIMENTS,QUATERNARY,TRUE,1587,0.949730700179533
09,uttar pradesh,BUNDELKHAND GRANITOID COMPLEX,ARCHAEAN- PALAEOPROTEROZOIC,FALSE,49,0.0293237582286056
09,uttar pradesh,KAIMUR Gp. (VINDHYAN SGp),MESOPROTEROZOIC,FALSE,10,0.00598444045481748
09,uttar pradesh,CHHOTANAGPUR GNEISSIC COMPLEX,PROTEROZOIC,FALSE,8,0.00478755236385398
09,uttar pradesh,MAHAKOSHAL Gp.(PARSOI Fm.),PALAEOPROTEROZOIC,FALSE,4,0.00239377618192699
09,uttar pradesh,DUDHI GRANITOID,PALAEOPROTEROZOIC,FALSE,3,0.00179533213644524
09,uttar pradesh,BHANDER Gp. ( VINDHYAN SGp.),NEOPROTEROZOIC,FALSE,2,0.0011968880909635
09,uttar pradesh,REWA Gp ( VINDHYAN SGp.),MESOPROTEROZOIC - NEOPROTEOZOIC,FALSE,2,0.0011968880909635
09,uttar pradesh,GRAVELS BED,CENOZOIC,FALSE,2,0.0011968880909635
09,uttar pradesh,SIWALIK Gp. (MIDDLE SIWALIK),MIOCENE - PLIOCENE,FALSE,2,0.0011968880909635
09,uttar pradesh,"LOWER GONDWANA Gp.( TALCHIR,BARAKAR,RANIGANJ, KARHARBARI Fm.)",LATE CARBONIFEROUS - PERMIAN,FALSE,1,0.000598444045481748
09,uttar pradesh,SEMRI Gp. (VINDHYAN SGp.),MESOPROTEROZOIC,FALSE,1,0.000598444045481748
10,bihar,UNDIFF.FLUVIAL / AEOLIAN / COASTA & GLACIAL  SEDIMENTS,QUATERNARY,TRUE,955,0.979487179487179
10,bihar,CHHOTANAGPUR GNEISSIC COMPLEX,PROTEROZOIC,FALSE,6,0.00615384615384615
10,bihar,SEMRI Gp. (VINDHYAN SGp.),MESOPROTEROZOIC,FALSE,3,0.00307692307692308
10,bihar,HAZARIBAG GRANITE,NEOPROTEROZOIC,FALSE,3,0.00307692307692308
10,bihar,BIHAR MICA BELT Gp.,PALAEOPROTEROZOIC - MESOPROTEROZOIC,FALSE,3,0.00307692307692308
10,bihar,KAIMUR Gp. (VINDHYAN SGp),MESOPROTEROZOIC,FALSE,2,0.00205128205128205
10,bihar,MUNGER Gp,MESOPROTEROZOIC,FALSE,2,0.00205128205128205
10,bihar,ARKASANI GRANOPHYRE,MESOPROTEROZOIC,FALSE,1,0.00102564102564103
12,arunachal pradesh,UNDIFF.FLUVIAL / AEOLIAN / COASTA & GLACIAL  SEDIMENTS,QUATERNARY,TRUE,9,0.5
12,arunachal pradesh,SIWALIK UNCLASSIFIED,MIOCENE,FALSE,4,0.222222222222222
12,arunachal pradesh,DISANG Fm.,PALAEOCENE - EOCENE,FALSE,3,0.166666666666667
12,arunachal pradesh,BARAIL Gp.,EOCENE - OLIGOCENE,FALSE,1,0.0555555555555556
12,arunachal pradesh,MIRI Gp.,PALAEOZOIC,FALSE,1,0.0555555555555556
13,nagaland,UNDIFF.FLUVIAL / AEOLIAN / COASTA & GLACIAL  SEDIMENTS,QUATERNARY,TRUE,8,0.470588235294118
13,nagaland,DISANG Fm.,PALAEOCENE - EOCENE,FALSE,4,0.235294117647059
13,nagaland,SURMA Gp.,MIOCENE,FALSE,2,0.117647058823529
13,nagaland,BARAIL Gp.,EOCENE - OLIGOCENE,FALSE,2,0.117647058823529
13,nagaland,TIPAM SANDSTONE Fm.,MIOCENE - PLIOCENE,FALSE,1,0.0588235294117647
14,manipur,UNDIFF.FLUVIAL / AEOLIAN / COASTA & GLACIAL  SEDIMENTS,QUATERNARY,TRUE,2,1
16,tripura,TIPAM SANDSTONE Fm.,MIOCENE - PLIOCENE,FALSE,35,0.648148148148148
16,tripura,DUPITILA Fm.,PLIOCENE - PLEISTOCENE,FALSE,13,0.240740740740741
16,tripura,SURMA Gp.,MIOCENE,FALSE,6,0.111111111111111
17,meghalaya,ASSAM - MEGHALAYA GNEISSIC COMPLEX SGp.,PROTEROZOIC,FALSE,10,0.303030303030303
17,meghalaya,UNDIFF.FLUVIAL / AEOLIAN / COASTA & GLACIAL  SEDIMENTS,QUATERNARY,TRUE,5,0.151515151515152
17,meghalaya,"KYRDEM,NONGPOH,MYLLIEM GRANITE.,S.KHASI BATHOLITHS  & EQUIVALENT GRANITES",NEOPROTEROZOIC - EARLY PALAEOZOIC,FALSE,4,0.121212121212121
17,meghalaya,SHILLONG Gp.,PALAEOPROTEROZOIC - MESOPROTEROZOIC,FALSE,4,0.121212121212121
17,meghalaya,Unmapped Area,(absent),,4,0.121212121212121
17,meghalaya,GARO Gp. (BAGHMARA/CHENGAPARA  Fm).,MIOCENE - PLIOCENE,FALSE,3,0.0909090909090909
17,meghalaya,SYLHET TRAPS,JURASSIC- CRETACEOUS,FALSE,1,0.0303030303030303
17,meghalaya,JAINTIA Gp.,PALAEOCENE - EOCENE,FALSE,1,0.0303030303030303
17,meghalaya,GARO Gp. (SIMSANG Fm.),EOCENE - OLIGOCENE,FALSE,1,0.0303030303030303
18,assam,UNDIFF.FLUVIAL / AEOLIAN / COASTA & GLACIAL  SEDIMENTS,QUATERNARY,TRUE,1,1
19,west bengal,UNDIFF.FLUVIAL / AEOLIAN / COASTA & GLACIAL  SEDIMENTS,QUATERNARY,TRUE,1742,0.874059207225289
19,west bengal,CHHOTANAGPUR GNEISSIC COMPLEX,PROTEROZOIC,FALSE,152,0.0762669342699448
19,west bengal,"LOWER GONDWANA Gp.( TALCHIR,BARAKAR,RANIGANJ, KARHARBARI Fm.)",LATE CARBONIFEROUS - PERMIAN,FALSE,36,0.0180632212744606
19,west bengal,SINGHBHUM Gp.,PALAEOPROTEROZOIC,FALSE,24,0.0120421475163071
19,west bengal,RAJMAHAL TRAP Fm.,JURASSIC- CRETACEOUS,FALSE,12,0.00602107375815354
19,west bengal,"UPPER GONDWANA Gp. (PANCHET, SUPRA  PANCHET, PARSORA, Fm.)",TRIASSIC -  EARLY JURASSIC,FALSE,11,0.00551931761164074
19,west bengal,MANBHUM GRANITE,MESOPROTEROZOIC,FALSE,7,0.00351229302558956
19,west bengal,UNCLASSIFIED METAMORPHICS Gp.,ARCHAEAN- PALAEOPROTEROZOIC,FALSE,5,0.00250878073256397
19,west bengal,DHALBHUM Fm. (GRAVEL BEDS),TERTIARY,FALSE,1,0.000501756146512795
19,west bengal,"LOWER GONDWANA Gp. (BHARELI, DAMUDA Fm.)",PERMIAN,FALSE,1,0.000501756146512795
19,west bengal,SIWALIK Gp. (UPPER SIWALIK),PLIOCENE - PLEISTOCENE,FALSE,1,0.000501756146512795
19,west bengal,KUILAPAL GRANITE,MESOPROTEROZOIC,FALSE,1,0.000501756146512795
20,jharkhand,CHHOTANAGPUR GNEISSIC COMPLEX,PROTEROZOIC,FALSE,221,0.615598885793872
20,jharkhand,UNDIFF.FLUVIAL / AEOLIAN / COASTA & GLACIAL  SEDIMENTS,QUATERNARY,TRUE,35,0.0974930362116992
20,jharkhand,"LOWER GONDWANA Gp.( TALCHIR,BARAKAR,RANIGANJ, KARHARBARI Fm.)",LATE CARBONIFEROUS - PERMIAN,FALSE,28,0.0779944289693593
20,jharkhand,UNCLASSIFIED METAMORPHICS Gp.,ARCHAEAN- PALAEOPROTEROZOIC,FALSE,18,0.0501392757660167
20,jharkhand,SINGHBHUM Gp.,PALAEOPROTEROZOIC,FALSE,15,0.0417827298050139
20,jharkhand,RAJMAHAL TRAP Fm.,JURASSIC- CRETACEOUS,FALSE,9,0.0250696378830084
20,jharkhand,SINGHBHUM GRANITE COMPLEX Gp.,ARCHAEAN,FALSE,8,0.0222841225626741
20,jharkhand,DHALBHUM Fm. (GRAVEL BEDS),TERTIARY,FALSE,7,0.0194986072423398
20,jharkhand,UPPER BONAI Gp.,PALAEOPROTEROZOIC,FALSE,6,0.0167130919220056
20,jharkhand,BIHAR MICA BELT Gp.,PALAEOPROTEROZOIC - MESOPROTEROZOIC,FALSE,4,0.011142061281337
20,jharkhand,LOWER BONAI Gp.,ARCHAEAN- PALAEOPROTEROZOIC,FALSE,2,0.00557103064066852
20,jharkhand,"UPPER GONDWANA Gp. (PANCHET, SUPRA  PANCHET, PARSORA, Fm.)",TRIASSIC -  EARLY JURASSIC,FALSE,2,0.00557103064066852
20,jharkhand,ARKASANI GRANOPHYRE,MESOPROTEROZOIC,FALSE,1,0.00278551532033426
20,jharkhand,LATERITE / BAUXITE,CENOZOIC,FALSE,1,0.00278551532033426
20,jharkhand,KOLHAN Gp.,PALAEOPROTEROZOIC - MESOPROTEROZOIC,FALSE,1,0.00278551532033426
20,jharkhand,ACID  INTRUSIVE / GRANITE / GRANODIORITE,NEOPROTEROZOIC,FALSE,1,0.00278551532033426
21,odisha,UNDIFF.FLUVIAL / AEOLIAN / COASTA & GLACIAL  SEDIMENTS,QUATERNARY,TRUE,692,0.357253484770263
21,odisha,MIGMATITE GNEISSIC COMPLEX (EASTERN GHAT),ARCHAEAN - PROTEROZOIC,FALSE,444,0.229220443985545
21,odisha,BENGPAL GNEISS / BIJAPUR GNEISSIC COMPLEX Gp.,ARCHAEAN,FALSE,160,0.0826019617965927
21,odisha,SINGHBHUM GRANITE COMPLEX Gp.,ARCHAEAN,FALSE,135,0.0696954052658751
21,odisha,KHONDALITE GNEISSIC COMPLEX (EASTERN GHAT),ARCHAEAN - PROTEROZOIC,FALSE,83,0.0428497676819825
21,odisha,PENINSULAR GNEISSIC COMPLEX-II  (GNEISS DOMINATED),ARCHAEAN- PALAEOPROTEROZOIC,FALSE,70,0.0361383582860093
21,odisha,CHARNOCKITE GNEISSIC COMPLEX (EASTERN GHAT),ARCHAEAN - PROTEROZOIC,FALSE,64,0.0330407847186371
21,odisha,"LOWER GONDWANA Gp.( TALCHIR,BARAKAR,RANIGANJ, KARHARBARI Fm.)",LATE CARBONIFEROUS - PERMIAN,FALSE,40,0.0206504904491482
21,odisha,GANGPUR Gp.,PALAEOPROTEROZOIC,FALSE,38,0.0196179659266908
21,odisha,DONGARGARH GRANITE = TEL GRANITE,PALAEOPROTEROZOIC,FALSE,34,0.0175529168817759
21,odisha,UPPER BONAI Gp.,PALAEOPROTEROZOIC,FALSE,27,0.013939081053175
21,odisha,LATERITE / BAUXITE,CENOZOIC,FALSE,25,0.0129065565307176
21,odisha,LOWER BONAI Gp.,ARCHAEAN- PALAEOPROTEROZOIC,FALSE,21,0.0108415074858028
21,odisha,GABBRO-ANORTHOSITE COMPLEX,PROTEROZOIC,FALSE,20,0.0103252452245741
21,odisha,IINDRAVATI Gp. (CHHATTISGARH S.Gp.),MESOPROTEROZOIC - NEOPROTEOZOIC,FALSE,20,0.0103252452245741
21,odisha,GORUMAHISANI Gp.,ARCHAEAN,FALSE,14,0.00722767165720186
21,odisha,CHHOTANAGPUR GNEISSIC COMPLEX,PROTEROZOIC,FALSE,10,0.00516262261228704
21,odisha,UNCLASSIFIED GRANITE / ACID INTRUSIVE,NEOPROTEROZOIC,FALSE,9,0.00464636035105834
21,odisha,CHARNOCKITE GNEISSIC COMPLEX (SOUTHERN GRANULITE TERRAIN),ARCHAEAN - PROTEROZOIC,FALSE,5,0.00258131130614352
21,odisha,BONAI GRANITE Gp.,ARCHAEAN- PALAEOPROTEROZOIC,FALSE,5,0.00258131130614352
21,odisha,RAIPUR Gp.(CHHATTISGARH SGp.),MESOPROTEROZOIC - NEOPROTEOZOIC,FALSE,3,0.00154878678368611
21,odisha,SIMLIPAL Gp.(SIMLIPAL LAVA),PALAEOPROTEROZOIC,FALSE,2,0.00103252452245741
21,odisha,SINGHBHUM Gp.,PALAEOPROTEROZOIC,FALSE,2,0.00103252452245741
21,odisha,ACID  INTRUSIVE / GRANITE / GRANODIORITE,NEOPROTEROZOIC,FALSE,2,0.00103252452245741
21,odisha,TAMPARKOLA Fm.(ACID  INTRUSIVE),PALAEOPROTEROZOIC,FALSE,2,0.00103252452245741
21,odisha,GRANITE / GANGPUR GRANITE,NEOPROTEROZOIC,FALSE,2,0.00103252452245741
21,odisha,CHANDARPUR Gp. (CHHATTISGARH SGp.),MESOPROTEROZOIC - NEOPROTEOZOIC,FALSE,1,0.000516262261228704
21,odisha,SINGHORA Gp. (CHHATTISGARH SGp.),MESOPROTEROZOIC - NEOPROTEOZOIC,FALSE,1,0.000516262261228704
21,odisha,BENGPAL Gp.,ARCHAEAN,FALSE,1,0.000516262261228704
21,odisha,ROMAPAHARI GRANITE,PALAEOPROTEROZOIC,FALSE,1,0.000516262261228704
21,odisha,BARIPADA Fm.,MIOCENE,FALSE,1,0.000516262261228704
21,odisha,SIMLIPAL Gp.,PALAEOPROTEROZOIC,FALSE,1,0.000516262261228704
21,odisha,UPPER GONDWANA Gp. (ATHGARH Fm.),JURASSIC- CRETACEOUS,FALSE,1,0.000516262261228704
21,odisha,KOLHAN Gp.,PALAEOPROTEROZOIC - MESOPROTEROZOIC,FALSE,1,0.000516262261228704
22,chhattisgarh,RAIPUR Gp.(CHHATTISGARH SGp.),MESOPROTEROZOIC - NEOPROTEOZOIC,FALSE,529,0.385849744711889
22,chhattisgarh,"LOWER GONDWANA Gp.( TALCHIR,BARAKAR,RANIGANJ, KARHARBARI Fm.)",LATE CARBONIFEROUS - PERMIAN,FALSE,195,0.142231947483589
22,chhattisgarh,CHHOTANAGPUR GNEISSIC COMPLEX,PROTEROZOIC,FALSE,165,0.12035010940919
22,chhattisgarh,DONGARGARH GRANITE = TEL GRANITE,PALAEOPROTEROZOIC,FALSE,122,0.0889861415025529
22,chhattisgarh,BENGPAL GNEISS / BIJAPUR GNEISSIC COMPLEX Gp.,ARCHAEAN,FALSE,93,0.0678336980306346
22,chhattisgarh,CHANDARPUR Gp. (CHHATTISGARH SGp.),MESOPROTEROZOIC - NEOPROTEOZOIC,FALSE,58,0.0423048869438366
22,chhattisgarh,SINGHORA Gp. (CHHATTISGARH SGp.),MESOPROTEROZOIC - NEOPROTEOZOIC,FALSE,53,0.0386579139314369
22,chhattisgarh,IINDRAVATI Gp. (CHHATTISGARH S.Gp.),MESOPROTEROZOIC - NEOPROTEOZOIC,FALSE,39,0.0284463894967177
22,chhattisgarh,BILASPUR-RAIGARH-SURGUJA BELT Gp.,ARCHAEAN- PALAEOPROTEROZOIC,FALSE,25,0.0182348650619985
22,chhattisgarh,NANDGAON Gp.(BIJLI RHYOLITE Fm.),PALAEOPROTEROZOIC,FALSE,20,0.0145878920495988
22,chhattisgarh,DONGARGARH GRANITE,PALAEOPROTEROZOIC,FALSE,19,0.0138584974471189
22,chhattisgarh,"UPPER GONDWANA Gp. (PANCHET, SUPRA  PANCHET, PARSORA, Fm.)",TRIASSIC -  EARLY JURASSIC,FALSE,14,0.0102115244347192
22,chhattisgarh,NANDGAON Gp. (PITEPANI  INTRUSIVE),PALAEOPROTEROZOIC,FALSE,10,0.00729394602479942
22,chhattisgarh,LATERITE / BAUXITE,CENOZOIC,FALSE,8,0.00583515681983953
22,chhattisgarh,BAILADILA Gp.,ARCHAEAN- PALAEOPROTEROZOIC,FALSE,4,0.00291757840991977
22,chhattisgarh,DECCAN TRAP,LATE CRETACEOUS - PALAEOCENE,FALSE,3,0.00218818380743982
22,chhattisgarh,SABARI Gp. (CHHATTISGARH SGp.),MESOPROTEROZOIC - NEOPROTEOZOIC,FALSE,2,0.00145878920495988
22,chhattisgarh,AINHUR=NANDGAON Gp.,PALAEOPROTEROZOIC,FALSE,2,0.00145878920495988
22,chhattisgarh,KHAIRAGARH Gp.,PALAEOPROTEROZOIC - MESOPROTEROZOIC,FALSE,2,0.00145878920495988
22,chhattisgarh,CHILPI Gp.,PALAEOPROTEROZOIC - MESOPROTEROZOIC,FALSE,2,0.00145878920495988
22,chhattisgarh,ABUJHMAR Gp,PALAEOPROTEROZOIC - MESOPROTEROZOIC,FALSE,1,0.000729394602479942
22,chhattisgarh,BENGPAL Gp.,ARCHAEAN,FALSE,1,0.000729394602479942
22,chhattisgarh,UNDIFF.FLUVIAL / AEOLIAN / COASTA & GLACIAL  SEDIMENTS,QUATERNARY,TRUE,1,0.000729394602479942
22,chhattisgarh,SONAKHAN Gp.,PALAEOPROTEROZOIC,FALSE,1,0.000729394602479942
22,chhattisgarh,CHARNOCKITE GNEISSIC COMPLEX (EASTERN GHAT),ARCHAEAN - PROTEROZOIC,FALSE,1,0.000729394602479942
22,chhattisgarh,MIGMATITE GNEISSIC COMPLEX (EASTERN GHAT),ARCHAEAN - PROTEROZOIC,FALSE,1,0.000729394602479942
23,madhya pradesh,DECCAN TRAP,LATE CRETACEOUS - PALAEOCENE,FALSE,864,0.488135593220339
23,madhya pradesh,UNDIFF.FLUVIAL / AEOLIAN / COASTA & GLACIAL  SEDIMENTS,QUATERNARY,TRUE,235,0.132768361581921
23,madhya pradesh,BHANDER Gp. ( VINDHYAN SGp.),NEOPROTEROZOIC,FALSE,148,0.0836158192090396
23,madhya pradesh,BUNDELKHAND GRANITOID COMPLEX,ARCHAEAN- PALAEOPROTEROZOIC,FALSE,89,0.0502824858757062
23,madhya pradesh,REWA Gp ( VINDHYAN SGp.),MESOPROTEROZOIC - NEOPROTEOZOIC,FALSE,50,0.0282485875706215
23,madhya pradesh,KAIMUR Gp. (VINDHYAN SGp),MESOPROTEROZOIC,FALSE,41,0.0231638418079096
23,madhya pradesh,TIRODI GNEISSIC COMPLEX Gp.,ARCHAEAN,FALSE,39,0.0220338983050847
23,madhya pradesh,SEMRI Gp. (VINDHYAN SGp.),MESOPROTEROZOIC,FALSE,38,0.0214689265536723
23,madhya pradesh,"LOWER GONDWANA Gp.( TALCHIR,BARAKAR,RANIGANJ, KARHARBARI Fm.)",LATE CARBONIFEROUS - PERMIAN,FALSE,37,0.0209039548022599
23,madhya pradesh,UPPER GONDWANA Gp. (PACHMARHI / DENWA /BAGRA/ JABALPUR/TIKI / BANDHOGARH  Fm.),TRIASSIC - EARLY CRETACEOUS,FALSE,35,0.019774011299435
23,madhya pradesh,"LOWER GONDWANA Gp.(BARREN MEASURE, KAMTHI, PALI Fm.)",LATE PERMIAN - EARLY TRIASSIC,FALSE,32,0.0180790960451977
23,madhya pradesh,"SAUSAR Gp.(MANSAR, JUNEWANI, SITASAONGI, LOHANGI , BICHUA Fm.)",PALAEOPROTEROZOIC,FALSE,18,0.0101694915254237
23,madhya pradesh,JHABUA GNEISSIC COMPLEX=CHHOTA UDEPUR,ARCHAEAN,FALSE,15,0.00847457627118644
23,madhya pradesh,LATERITE / BAUXITE,CENOZOIC,FALSE,15,0.00847457627118644
23,madhya pradesh,MAHAKOSHAL Gp.(AGORI Fm.),PALAEOPROTEROZOIC,FALSE,14,0.00790960451977401
23,madhya pradesh,LAMETA Fm.,LATE CRETACEOUS,FALSE,11,0.00621468926553672
23,madhya pradesh,ACID  INTRUSIVE / GRANITE / GRANODIORITE,NEOPROTEROZOIC,FALSE,10,0.00564971751412429
23,madhya pradesh,CHHOTANAGPUR GNEISSIC COMPLEX,PROTEROZOIC,FALSE,10,0.00564971751412429
23,madhya pradesh,BIJAWAR Gp.,PALAEOPROTEROZOIC - MESOPROTEROZOIC,FALSE,9,0.00508474576271186
23,madhya pradesh,AMGAON GNEISSIC COMPLEX Gp.,ARCHAEAN,FALSE,7,0.00395480225988701
23,madhya pradesh,MADAN MAHAL GRANITE,PALAEOPROTEROZOIC,FALSE,7,0.00395480225988701
23,madhya pradesh,MALANJKHAND GRANITE,PALAEOPROTEROZOIC,FALSE,6,0.00338983050847458
23,madhya pradesh,SIDHI GNEISS Gp.,ARCHAEAN- PALAEOPROTEROZOIC,FALSE,6,0.00338983050847458
23,madhya pradesh,HARDA  PORPHYRITIC GRANITE,PALAEOPROTEROZOIC,FALSE,5,0.00282485875706215
23,madhya pradesh,BETUL Gp.,PALAEOPROTEROZOIC,FALSE,4,0.00225988700564972
23,madhya pradesh,MEGHNAGAR = LUNAVADA Gp.(ARAVALLI Sgp.),PALAEOPROTEROZOIC,FALSE,4,0.00225988700564972
23,madhya pradesh,GWALIOR Gp.,PALAEOPROTEROZOIC - MESOPROTEROZOIC,FALSE,4,0.00225988700564972
23,madhya pradesh,LUNAVADA Gp.(ARAVALLI Sgp.),PALAEOPROTEROZOIC,FALSE,4,0.00225988700564972
23,madhya pradesh,LOWER GONDWANA Gp.(MOTUR Fm),LATE  PERMIAN,FALSE,3,0.00169491525423729
23,madhya pradesh,GODHRA GRANITE,NEOPROTEROZOIC,FALSE,3,0.00169491525423729
23,madhya pradesh,MAHAKOSHAL Gp.(PARSOI Fm.),PALAEOPROTEROZOIC,FALSE,3,0.00169491525423729
23,madhya pradesh,BAGH / NIMAR Fm.,LATE CRETACEOUS,FALSE,2,0.00112994350282486
23,madhya pradesh,KHAIRAGARH Gp.,PALAEOPROTEROZOIC - MESOPROTEROZOIC,FALSE,1,0.000564971751412429
23,madhya pradesh,SINGHORA Gp. (CHHATTISGARH SGp.),MESOPROTEROZOIC - NEOPROTEOZOIC,FALSE,1,0.000564971751412429
24,gujarat,UNDIFF.FLUVIAL / AEOLIAN / COASTA & GLACIAL  SEDIMENTS,QUATERNARY,TRUE,831,0.527619047619048
24,gujarat,DECCAN TRAP,LATE CRETACEOUS - PALAEOCENE,FALSE,431,0.273650793650794
24,gujarat,LUNAVADA Gp.(ARAVALLI Sgp.),PALAEOPROTEROZOIC,FALSE,54,0.0342857142857143
24,gujarat,BHUJ Fm.,EARLY CRETACEOUS,FALSE,50,0.0317460317460317
24,gujarat,RANIPAT Fm.,EARLY CRETACEOUS,FALSE,29,0.0184126984126984
24,gujarat,GODHRA GRANITE,NEOPROTEROZOIC,FALSE,28,0.0177777777777778
24,gujarat,GAJ Fm.,MIOCENE,FALSE,24,0.0152380952380952
24,gujarat,JHAROL Gp. (ARAVALLI SGp.),PALAEOPROTEROZOIC,FALSE,16,0.0101587301587302
24,gujarat,DWARKA Fm.,MIOCENE - PLIOCENE,FALSE,15,0.00952380952380953
24,gujarat,SIROHI Gp. (DELHI SGp.),PALAEOPROTEROZOIC - MESOPROTEROZOIC,FALSE,10,0.00634920634920635
24,gujarat,KAND Fm.,MIOCENE,FALSE,9,0.00571428571428571
24,gujarat,SANDHAN Fm.,PLIOCENE,FALSE,9,0.00571428571428571
24,gujarat,KUMBHALGARH Gp.( DELHI SGp.),PALAEOPROTEROZOIC - MESOPROTEROZOIC,FALSE,8,0.00507936507936508
24,gujarat,KATROL Fm.,LATE JURASSIC - EARLY CRETACEOUS,FALSE,7,0.00444444444444444
24,gujarat,SURAJDEVAL Fm.,EARLY CRETACEOUS,FALSE,7,0.00444444444444444
24,gujarat,CHAMPANER Gp (ARAVALLI SGp.),PALAEOPROTEROZOIC,FALSE,6,0.00380952380952381
24,gujarat,HIMMATNAGAR Fm.,EARLY CRETACEOUS,FALSE,5,0.00317460317460317
24,gujarat,GOGUNDA Gp. (DELHI SGp.),PALAEOPROTEROZOIC - MESOPROTEROZOIC,FALSE,5,0.00317460317460317
24,gujarat,CHHOTA-UDEPUR Fm.,ARCHAEAN,FALSE,5,0.00317460317460317
24,gujarat,FULRA  Fm,EOCENE,FALSE,5,0.00317460317460317
24,gujarat,CHARI Fm.,MIDDLE - LATE JURASSIC,FALSE,4,0.00253968253968254
24,gujarat,JHABUA GNEISSIC COMPLEX=CHHOTA UDEPUR,ARCHAEAN,FALSE,3,0.0019047619047619
24,gujarat,SENDRA-AMBAJI GRANITE,MESOPROTEROZOIC,FALSE,2,0.00126984126984127
24,gujarat,MATANOMADH Fm,PALAEOCENE,FALSE,2,0.00126984126984127
24,gujarat,KAKDI NADI Fm.,EOCENE,FALSE,2,0.00126984126984127
24,gujarat,BABAGURU Fm,MIOCENE,FALSE,2,0.00126984126984127
24,gujarat,PACHCHHAM Fm.,MIDDLE JURASSIC,FALSE,1,0.000634920634920635
24,gujarat,KACHCHH Gp. (DAYAPAR VOLCANICS),LATE CRETACEOUS - PALAEOCENE,FALSE,1,0.000634920634920635
24,gujarat,JHAGADIA Fm,MIOCENE - PLIOCENE,FALSE,1,0.000634920634920635
24,gujarat,KHARI NADI Fm.,OLIGOCENE - MIOCENE,FALSE,1,0.000634920634920635
24,gujarat,BAGH / NIMAR Fm.,LATE CRETACEOUS,FALSE,1,0.000634920634920635
24,gujarat,UDAIPUR Gp. (ARAVALLI SGp.),PALAEOPROTEROZOIC,FALSE,1,0.000634920634920635
27,maharashtra,DECCAN TRAP,LATE CRETACEOUS - PALAEOCENE,FALSE,1627,0.747358750574185
27,maharashtra,UNDIFF.FLUVIAL / AEOLIAN / COASTA & GLACIAL  SEDIMENTS,QUATERNARY,TRUE,186,0.0854386770785485
27,maharashtra,BENGPAL GNEISS / BIJAPUR GNEISSIC COMPLEX Gp.,ARCHAEAN,FALSE,66,0.0303169499310978
27,maharashtra,AMGAON GNEISSIC COMPLEX Gp.,ARCHAEAN,FALSE,47,0.0215893431327515
27,maharashtra,LATERITE / BAUXITE,CENOZOIC,FALSE,43,0.0197519522278365
27,maharashtra,TIRODI GNEISSIC COMPLEX Gp.,ARCHAEAN,FALSE,33,0.0151584749655489
27,maharashtra,"LOWER GONDWANA Gp.(BARREN MEASURE, KAMTHI, PALI Fm.)",LATE PERMIAN - EARLY TRIASSIC,FALSE,31,0.0142397795130914
27,maharashtra,DONGARGARH GRANITE,PALAEOPROTEROZOIC,FALSE,26,0.0119430408819476
27,maharashtra,SAKOLI Gp,PALAEOPROTEROZOIC,FALSE,21,0.00964630225080386
27,maharashtra,GOA Gp. (DHARWAR SGp.),ARCHAEAN,FALSE,21,0.00964630225080386
27,maharashtra,PENGANGA Gp.,NEOPROTEROZOIC,FALSE,15,0.00689021589343133
27,maharashtra,"LOWER GONDWANA Gp.( TALCHIR,BARAKAR,RANIGANJ, KARHARBARI Fm.)",LATE CARBONIFEROUS - PERMIAN,FALSE,11,0.00505282498851631
27,maharashtra,"SAUSAR Gp.(MANSAR, JUNEWANI, SITASAONGI, LOHANGI , BICHUA Fm.)",PALAEOPROTEROZOIC,FALSE,7,0.00321543408360129
27,maharashtra,PENINSULAR GNEISSIC COMPLEX-II (GRANITE DOMINATED),ARCHAEAN- PALAEOPROTEROZOIC,FALSE,7,0.00321543408360129
27,maharashtra,BADAMI Gp. (KALADGI SGp.),NEOPROTEROZOIC,FALSE,6,0.00275608635737253
27,maharashtra,CHITRADURGA Gp. (DHARWAR SGp.),ARCHAEAN- PALAEOPROTEROZOIC,FALSE,5,0.00229673863114378
27,maharashtra,"UPPER GONDWANA Gp. (YERRAPALLI , TERANI , SRIPERUMPUDURF, KOTA, MALERI, Fm.Etc)",TRIASSIC - EARLY CRETACEOUS,FALSE,4,0.00183739090491502
27,maharashtra,KHAIRAGARH Gp.,PALAEOPROTEROZOIC - MESOPROTEROZOIC,FALSE,4,0.00183739090491502
27,maharashtra,PENINSULAR GNEISSIC COMPLEX-I,ARCHAEAN,FALSE,4,0.00183739090491502
27,maharashtra,NANDGAON Gp.(BIJLI RHYOLITE Fm.),PALAEOPROTEROZOIC,FALSE,4,0.00183739090491502
27,maharashtra,BENGPAL Gp.,ARCHAEAN,FALSE,3,0.00137804317868627
27,maharashtra,LAMETA Fm.,LATE CRETACEOUS,FALSE,2,0.00091869545245751
27,maharashtra,SULLAVAI Gp.,NEOPROTEROZOIC,FALSE,1,0.000459347726228755
27,maharashtra,ABUJHMAR Gp,PALAEOPROTEROZOIC - MESOPROTEROZOIC,FALSE,1,0.000459347726228755
27,maharashtra,UNCLASSIFIED PAKHAL Gp. (PAKHAL SGp.),MESOPROTEROZOIC,FALSE,1,0.000459347726228755
27,maharashtra,PENINSULAR GNEISSIC COMPLEX-II  (GNEISS DOMINATED),ARCHAEAN- PALAEOPROTEROZOIC,FALSE,1,0.000459347726228755
28,andhra pradesh,PENINSULAR GNEISSIC COMPLEX-II (GRANITE DOMINATED),ARCHAEAN- PALAEOPROTEROZOIC,FALSE,1127,0.380357745528181
28,andhra pradesh,UNDIFF.FLUVIAL / AEOLIAN / COASTA & GLACIAL  SEDIMENTS,QUATERNARY,TRUE,359,0.121160985487681
28,andhra pradesh,PENINSULAR GNEISSIC COMPLEX-II  (GNEISS DOMINATED),ARCHAEAN- PALAEOPROTEROZOIC,FALSE,336,0.113398582517719
28,andhra pradesh,MIGMATITE GNEISSIC COMPLEX (EASTERN GHAT),ARCHAEAN - PROTEROZOIC,FALSE,147,0.0496118798515019
28,andhra pradesh,KURNOOL Gp.(KOILKUNTLA / NANDYAL/ NARJI /OWK/ / PANIAM Fm.),NEOPROTEROZOIC,FALSE,144,0.0485993925075937
28,andhra pradesh,KHONDALITE GNEISSIC COMPLEX (EASTERN GHAT),ARCHAEAN - PROTEROZOIC,FALSE,120,0.040499493756328
28,andhra pradesh,"UPPER GONDWANA Gp. (YERRAPALLI , TERANI , SRIPERUMPUDURF, KOTA, MALERI, Fm.Etc)",TRIASSIC - EARLY CRETACEOUS,FALSE,110,0.0371245359433007
28,andhra pradesh,DECCAN TRAP,LATE CRETACEOUS - PALAEOCENE,FALSE,105,0.035437057036787
28,andhra pradesh,CLOSEPET GRANITE,ARCHAEAN- PALAEOPROTEROZOIC,FALSE,71,0.0239622004724941
28,andhra pradesh,NALLAMALAI Gp.(CUMBUM Fm.),MESOPROTEROZOIC,FALSE,59,0.0199122510968613
28,andhra pradesh,"LOWER GONDWANA Gp.(BARREN MEASURE, KAMTHI, PALI Fm.)",LATE PERMIAN - EARLY TRIASSIC,FALSE,56,0.0188997637529531
28,andhra pradesh,CHARNOCKITE GNEISSIC COMPLEX (EASTERN GHAT),ARCHAEAN - PROTEROZOIC,FALSE,45,0.015187310158623
28,andhra pradesh,RAJAHMUNDRY Fm.,MIOCENE - PLIOCENE,FALSE,44,0.0148498143773203
28,andhra pradesh,CHITRAVATI Gp.(TADPATRI / PULIVENDLA Fm.),MESOPROTEROZOIC,FALSE,38,0.0128248396895039
28,andhra pradesh,UDAIGIRI Gp.,MESOPROTEROZOIC,FALSE,19,0.00641241984475194
28,andhra pradesh,LATERITE / BAUXITE,CENOZOIC,FALSE,17,0.00573742828214647
28,andhra pradesh,BENGPAL GNEISS / BIJAPUR GNEISSIC COMPLEX Gp.,ARCHAEAN,FALSE,16,0.00539993250084374
28,andhra pradesh,ACID  INTRUSIVE / GRANITE / GRANODIORITE,MESOPROTEROZOIC,FALSE,16,0.00539993250084374
28,andhra pradesh,PENGANGA Gp.,NEOPROTEROZOIC,FALSE,12,0.0040499493756328
28,andhra pradesh,NELLORE GP. (DHARWAR SGp..),ARCHAEAN,FALSE,12,0.0040499493756328
28,andhra pradesh,CHARNOCKITE GNEISSIC COMPLEX (SOUTHERN GRANULITE TERRAIN),ARCHAEAN - PROTEROZOIC,FALSE,12,0.0040499493756328
28,andhra pradesh,GADWAL Gp. (DHARWAR SGp.),ARCHAEAN,FALSE,10,0.00337495781302734
28,andhra pradesh,SULLAVAI (UNCLASFD) Gp.,NEOPROTEROZOIC,FALSE,10,0.00337495781302734
28,andhra pradesh,PAPAGHNIi Gp.  (CUDDAPAH SGp.).,MESOPROTEROZOIC,FALSE,10,0.00337495781302734
28,andhra pradesh,SRISAILAM Fm.(CUDDAPAH SGp.),MESOPROTEROZOIC,FALSE,10,0.00337495781302734
28,andhra pradesh,"LOWER GONDWANA Gp.( TALCHIR,BARAKAR,RANIGANJ, KARHARBARI Fm.)",LATE CARBONIFEROUS - PERMIAN,FALSE,9,0.0030374620317246
28,andhra pradesh,NALLAMALAI Gp. (BAIRENKONDA Fm.),MESOPROTEROZOIC,FALSE,9,0.0030374620317246
28,andhra pradesh,PENINSULAR GNEISSIC COMPLEX-I,ARCHAEAN,FALSE,7,0.00236247046911914
28,andhra pradesh,MULUG Gp. (PAKHAL/ ALBAKA SGp.),MESOPROTEROZOIC,FALSE,5,0.00168747890651367
28,andhra pradesh,MALLAMPALLI Gp. (PAKHAL SGp.),MESOPROTEROZOIC,FALSE,4,0.00134998312521094
28,andhra pradesh,CHIMAKURTHI COMPLEX Gp.,MESOPROTEROZOIC,FALSE,4,0.00134998312521094
28,andhra pradesh,KADIRI Gp. (DHARWAR SGp.),ARCHAEAN,FALSE,3,0.0010124873439082
28,andhra pradesh,BHIMA Gp,NEOPROTEROZOIC - CAMBRIAN,FALSE,2,0.000674991562605467
28,andhra pradesh,VELIGALLU Gp. (DHARWAR SGp.),ARCHAEAN,FALSE,2,0.000674991562605467
28,andhra pradesh,GANDIKOTA Fm (CHITRAVATI Gp),MESOPROTEROZOIC,FALSE,2,0.000674991562605467
28,andhra pradesh,CHIMALPAD COMPLEX Fm.,ARCHAEAN,FALSE,2,0.000674991562605467
28,andhra pradesh,RAMAGIRI - PENAKACHERLA  Gp. (DHARWAR SGp.).,ARCHAEAN,FALSE,2,0.000674991562605467
28,andhra pradesh,KARIMNAGAR GRANULITE,ARCHAEAN- PALAEOPROTEROZOIC,FALSE,2,0.000674991562605467
28,andhra pradesh,PROTEROZOIC EPIDOTE-HORNBLENDE GNEISS,PROTEROZOIC,FALSE,1,0.000337495781302734
28,andhra pradesh,VEMPALLI SILLS / FLOWS,MESOPROTEROZOIC,FALSE,1,0.000337495781302734
28,andhra pradesh,KUNAVARAM Fm. (ALKALINE INTRUSIVE),MESOPROTEROZOIC,FALSE,1,0.000337495781302734
28,andhra pradesh,TADPATRI SILLS / FLOWS,MESOPROTEROZOIC,FALSE,1,0.000337495781302734
28,andhra pradesh,SULLAVAI Gp.,NEOPROTEROZOIC,FALSE,1,0.000337495781302734
29,karnataka,PENINSULAR GNEISSIC COMPLEX-I,ARCHAEAN,FALSE,1029,0.428036605657238
29,karnataka,DECCAN TRAP,LATE CRETACEOUS - PALAEOCENE,FALSE,360,0.149750415973378
29,karnataka,CLOSEPET GRANITE,ARCHAEAN- PALAEOPROTEROZOIC,FALSE,270,0.112312811980033
29,karnataka,PENINSULAR GNEISSIC COMPLEX-II  (GNEISS DOMINATED),ARCHAEAN- PALAEOPROTEROZOIC,FALSE,208,0.086522462562396
29,karnataka,SHIMOGA (= CHITRADURGA Gp.),ARCHAEAN,FALSE,185,0.076955074875208
29,karnataka,PENINSULAR GNEISSIC COMPLEX-II (GRANITE DOMINATED),ARCHAEAN- PALAEOPROTEROZOIC,FALSE,50,0.0207986688851913
29,karnataka,LATERITE / BAUXITE,CENOZOIC,FALSE,47,0.0195507487520799
29,karnataka,BHIMA Gp,NEOPROTEROZOIC - CAMBRIAN,FALSE,39,0.0162229617304493
29,karnataka,HUNGUND-KUSHTAGI Gp (DHARWAR SGp.),ARCHAEAN,FALSE,29,0.012063227953411
29,karnataka,CHARNOCKITE GNEISSIC COMPLEX (SOUTHERN GRANULITE TERRAIN),ARCHAEAN - PROTEROZOIC,FALSE,27,0.0112312811980033
29,karnataka,BADAMI Gp. (KALADGI SGp.),NEOPROTEROZOIC,FALSE,25,0.0103993344425957
29,karnataka,BAGALKOT Gp. (KALADGI SGp.),MESOPROTEROZOIC,FALSE,22,0.00915141430948419
29,karnataka,BABABUDAN Gp.(DHARWAR SGp.),ARCHAEAN,FALSE,22,0.00915141430948419
29,karnataka,ACID  INTRUSIVE / GRANITE / GRANODIORITE,ARCHAEAN,FALSE,18,0.00748752079866889
29,karnataka,CHITRADURGA Gp. (DHARWAR SGp.),ARCHAEAN,FALSE,17,0.00707154742096506
29,karnataka,UNDIFF.FLUVIAL / AEOLIAN / COASTA & GLACIAL  SEDIMENTS,QUATERNARY,TRUE,9,0.00374376039933444
29,karnataka,RAICHUR Gp. (DHARWAR SGp.),ARCHAEAN,FALSE,7,0.00291181364392679
29,karnataka,PENINSULAR GNEISSIC COMPLEX-I (GRANITOID),ARCHAEAN,FALSE,7,0.00291181364392679
29,karnataka,BABABUDAN Gp. (=WESTERN GHAT),ARCHAEAN,FALSE,7,0.00291181364392679
29,karnataka,SANDUR Gp. (DHARWAR SGp.),ARCHAEAN,FALSE,5,0.00207986688851913
29,karnataka,HUTTI-MUSKI Gp. (DHARWAR SGp.),ARCHAEAN,FALSE,5,0.00207986688851913
29,karnataka,KOLAR GOLD FIELD VOLCANICS Fm.(DHARWAR SGp.),ARCHAEAN,FALSE,5,0.00207986688851913
29,karnataka,SARGUR Gp.,ARCHAEAN,FALSE,4,0.00166389351081531
29,karnataka,CHAMUNDI GRANITE,NEOPROTEROZOIC,FALSE,2,0.000831946755407654
29,karnataka,GORUR GNEISS Fm.,ARCHAEAN,FALSE,2,0.000831946755407654
29,karnataka,INTERMEDIATE  INTRUSIVE,PALAEOPROTEROZOIC,FALSE,1,0.000415973377703827
29,karnataka,SHIMOGA (=BABABUDAN Gp.),ARCHAEAN,FALSE,1,0.000415973377703827
29,karnataka,LAYERED ULTRAMAFIC COMPLEX,ARCHAEAN,FALSE,1,0.000415973377703827
32,kerala,CHARNOCKITE GNEISSIC COMPLEX (SOUTHERN GRANULITE TERRAIN),ARCHAEAN - PROTEROZOIC,FALSE,664,0.373453318335208
32,kerala,MIGMATITE GNEISSIC COMPLEX (SOUTHERN GRANULITE TERRAIN),ARCHAEAN - PROTEROZOIC,FALSE,400,0.224971878515186
32,kerala,UNDIFF.FLUVIAL / AEOLIAN / COASTA & GLACIAL  SEDIMENTS,QUATERNARY,TRUE,298,0.167604049493813
32,kerala,PENINSULAR GNEISSIC COMPLEX-I,ARCHAEAN,FALSE,157,0.0883014623172103
32,kerala,KHONDALITE GNEISSIC COMPLEX (SOUTHERN GRANULITE TERRAIN),ARCHAEAN - PROTEROZOIC,FALSE,114,0.0641169853768279
32,kerala,WARKALI Fm.,MIOCENE - PLIOCENE,FALSE,67,0.0376827896512936
32,kerala,VENGAD Fm.,ARCHAEAN- PROTEROZOIC,FALSE,19,0.0106861642294713
32,kerala,LATERITE / BAUXITE,CENOZOIC,FALSE,17,0.00956130483689539
32,kerala,ACID  INTRUSIVE / GRANITE / GRANODIORITE,NEOPROTEROZOIC,FALSE,13,0.00731158605174353
32,kerala,UNDIFF.  COASTAL SEDIMENTS,QUATERNARY,TRUE,10,0.00562429696287964
32,kerala,WYANAD Gp.,ARCHAEAN,FALSE,5,0.00281214848143982
32,kerala,SATYAMANGALAM Gp.,ARCHAEAN,FALSE,5,0.00281214848143982
32,kerala,INTERMEDIATE  INTRUSIVE,NEOPROTEROZOIC,FALSE,5,0.00281214848143982
32,kerala,ALKALI COMPLEX Gp. (KORATTI SYENITE),NEOPROTEROZOIC,FALSE,2,0.00112485939257593
32,kerala,GABBRO-ANORTHOSITE COMPLEX,NEOPROTEROZOIC,FALSE,2,0.00112485939257593
33,tamil nadu,MIGMATITE GNEISSIC COMPLEX (SOUTHERN GRANULITE TERRAIN),ARCHAEAN - PROTEROZOIC,FALSE,422,0.315396113602392
33,tamil nadu,CHARNOCKITE GNEISSIC COMPLEX (SOUTHERN GRANULITE TERRAIN),ARCHAEAN - PROTEROZOIC,FALSE,276,0.20627802690583
33,tamil nadu,UNDIFF.FLUVIAL / AEOLIAN / COASTA & GLACIAL  SEDIMENTS,QUATERNARY,TRUE,247,0.184603886397608
33,tamil nadu,PENINSULAR GNEISSIC COMPLEX-I,ARCHAEAN,FALSE,143,0.106875934230194
33,tamil nadu,CUDDALORE Fm,MIOCENE - PLIOCENE,FALSE,73,0.054559043348281
33,tamil nadu,PENINSULAR GNEISSIC COMPLEX-II  (GNEISS DOMINATED),ARCHAEAN- PALAEOPROTEROZOIC,FALSE,71,0.0530642750373692
33,tamil nadu,PROTEROZOIC EPIDOTE-HORNBLENDE GNEISS,PROTEROZOIC,FALSE,47,0.0351270553064275
33,tamil nadu,KHONDALITE GNEISSIC COMPLEX (SOUTHERN GRANULITE TERRAIN),ARCHAEAN - PROTEROZOIC,FALSE,16,0.0119581464872945
33,tamil nadu,ACID  INTRUSIVE / GRANITE / GRANODIORITE,NEOPROTEROZOIC,FALSE,9,0.00672645739910314
33,tamil nadu,"UPPER GONDWANA Gp. (YERRAPALLI , TERANI , SRIPERUMPUDURF, KOTA, MALERI, Fm.Etc)",TRIASSIC - EARLY CRETACEOUS,FALSE,9,0.00672645739910314
33,tamil nadu,LATERITE / BAUXITE,CENOZOIC,FALSE,5,0.00373692077727952
33,tamil nadu,ARIYALUR Gp.,LATE CRETACEOUS,FALSE,5,0.00373692077727952
33,tamil nadu,VRIDDHACHALAM Gp.,LATE CRETACEOUS - PALAEOCENE,FALSE,3,0.00224215246636771
33,tamil nadu,KADAVUR-ODDANCHATTRAM COMPLEX (BASIC INTRUSIVE),NEOPROTEROZOIC,FALSE,2,0.00149476831091181
33,tamil nadu,"LOWER GONDWANA Gp.( TALCHIR,BARAKAR,RANIGANJ, KARHARBARI Fm.)",LATE CARBONIFEROUS - PERMIAN,FALSE,2,0.00149476831091181
33,tamil nadu,SATYAMANGALAM Gp.,ARCHAEAN,FALSE,1,0.000747384155455904
33,tamil nadu,ALKALI COMPLEX Gp. (PIKKILI SYENITE COMPLEX),PALAEOPROTEROZOIC,FALSE,1,0.000747384155455904
33,tamil nadu,ALKALI COMPLEX Gp. (SAMALPATTI SYENITE),NEOPROTEROZOIC,FALSE,1,0.000747384155455904
33,tamil nadu,WARKALI Fm.,MIOCENE - PLIOCENE,FALSE,1,0.000747384155455904
33,tamil nadu,TRICHINOPOLY Gp.,LATE CRETACEOUS,FALSE,1,0.000747384155455904
33,tamil nadu,CALCRETE / LATERITE,CENOZOIC,FALSE,1,0.000747384155455904
33,tamil nadu,PONDICHERRY Gp.,LATE CRETACEOUS,FALSE,1,0.000747384155455904
33,tamil nadu,SITTAMPUNDI-METTUPALAIYAM COMPLEX,ARCHAEAN,FALSE,1,0.000747384155455904
