terme,coef,se,t,p,variable,libelle,moyenne_ref,n,wald_F,wald_p,r2_within_classes
clsBasalt,-0.209836372417934,0.0889954996686653,-2.35783127460563,0.0281581956273949,log_pop,log population,7.31644916578055,19627,10.7194054802766,4.76243383066767e-06,0.022218478166728
clsCharnockite,-0.841853525046957,0.378269360748855,-2.22553982003816,0.0371318542540394,log_pop,log population,7.31644916578055,19627,10.7194054802766,4.76243383066767e-06,0.022218478166728
clsGneiss,-0.478119900674209,0.32159146766086,-1.4867306777505,0.151946781468964,log_pop,log population,7.31644916578055,19627,10.7194054802766,4.76243383066767e-06,0.022218478166728
clsIntrusive,-0.74156121176259,0.221813233372025,-3.34317840504513,0.00308245065751257,log_pop,log population,7.31644916578055,19627,10.7194054802766,4.76243383066767e-06,0.022218478166728
clsLimestone,-0.323243497908451,0.154554171745511,-2.09145760517357,0.0488223265968809,log_pop,log population,7.31644916578055,19627,10.7194054802766,4.76243383066767e-06,0.022218478166728
clsQuartzite,-0.808038958240909,0.300636712557839,-2.68775876161649,0.0137785515885269,log_pop,log population,7.31644916578055,19627,10.7194054802766,4.76243383066767e-06,0.022218478166728
clsSandstone,-0.189039447304529,0.16428189733268,-1.15070163160895,0.262789741050643,log_pop,log population,7.31644916578055,19627,10.7194054802766,4.76243383066767e-06,0.022218478166728
clsSchist,-0.518610940567075,0.284254491245053,-1.82445996999212,0.0823444154186113,log_pop,log population,7.31644916578055,19627,10.7194054802766,4.76243383066767e-06,0.022218478166728
clsShale,-0.695638851815165,0.167545659810016,-4.15193597138814,0.000451834074858528,log_pop,log population,7.31644916578055,19627,10.7194054802766,4.76243383066767e-06,0.022218478166728
clsBasalt,-0.0169184430117677,0.00959562112034494,-1.76314204151899,0.0924239529787836,lit_rate,taux d'alphabetisation (7 ans et +),0.26720773079743,19627,5.25144985656884,0.000840720316348063,0.0142530982468868
clsCharnockite,-0.0756806260670715,0.0386451680230595,-1.95834641013627,0.0636053779802949,lit_rate,taux d'alphabetisation (7 ans et +),0.26720773079743,19627,5.25144985656884,0.000840720316348063,0.0142530982468868
clsGneiss,-0.0336897590325804,0.0363811052362794,-0.926023517256556,0.364954242975375,lit_rate,taux d'alphabetisation (7 ans et +),0.26720773079743,19627,5.25144985656884,0.000840720316348063,0.0142530982468868
clsIntrusive,-0.0722816069324234,0.0351491315038572,-2.05642654142084,0.0523797684612761,lit_rate,taux d'alphabetisation (7 ans et +),0.26720773079743,19627,5.25144985656884,0.000840720316348063,0.0142530982468868
clsLimestone,0.0123050780478444,0.0355720308627409,0.345920031817273,0.732844321679151,lit_rate,taux d'alphabetisation (7 ans et +),0.26720773079743,19627,5.25144985656884,0.000840720316348063,0.0142530982468868
clsQuartzite,-0.0576592072772878,0.035338460478485,-1.63162759488043,0.11766473129861,lit_rate,taux d'alphabetisation (7 ans et +),0.26720773079743,19627,5.25144985656884,0.000840720316348063,0.0142530982468868
clsSandstone,-0.0273848051295741,0.0203976742547016,-1.34254546805806,0.193752917182154,lit_rate,taux d'alphabetisation (7 ans et +),0.26720773079743,19627,5.25144985656884,0.000840720316348063,0.0142530982468868
clsSchist,-0.0281871011530006,0.0336491110141768,-0.837677439416601,0.411644635383671,lit_rate,taux d'alphabetisation (7 ans et +),0.26720773079743,19627,5.25144985656884,0.000840720316348063,0.0142530982468868
clsShale,-0.0298115378640852,0.0340160988725324,-0.876394967447536,0.390730597414509,lit_rate,taux d'alphabetisation (7 ans et +),0.26720773079743,19627,5.25144985656884,0.000840720316348063,0.0142530982468868
clsBasalt,0.117733855621948,0.100840347218031,1.16752727325889,0.256083412880703,st_share,part ST (proxy Scheduled Areas),0.0936756405376303,19627,2.72885325194899,0.0278714817126508,0.0529758417280877
clsCharnockite,0.329011843818494,0.108847577772937,3.02268411066377,0.00647686511056197,st_share,part ST (proxy Scheduled Areas),0.0936756405376303,19627,2.72885325194899,0.0278714817126508,0.0529758417280877
clsGneiss,0.171648723589298,0.107597003529414,1.59529278659117,0.125587062373627,st_share,part ST (proxy Scheduled Areas),0.0936756405376303,19627,2.72885325194899,0.0278714817126508,0.0529758417280877
clsIntrusive,0.198622870512584,0.106957529710831,1.85702559744581,0.0773901363692612,st_share,part ST (proxy Scheduled Areas),0.0936756405376303,19627,2.72885325194899,0.0278714817126508,0.0529758417280877
clsLimestone,0.116074407292975,0.0544507828157236,2.13173073536522,0.0450023749971725,st_share,part ST (proxy Scheduled Areas),0.0936756405376303,19627,2.72885325194899,0.0278714817126508,0.0529758417280877
clsQuartzite,0.199728584629606,0.0880712536307415,2.26780676322621,0.0340140375545939,st_share,part ST (proxy Scheduled Areas),0.0936756405376303,19627,2.72885325194899,0.0278714817126508,0.0529758417280877
clsSandstone,0.0859942238668489,0.062474853691004,1.37646138864398,0.183179282956825,st_share,part ST (proxy Scheduled Areas),0.0936756405376303,19627,2.72885325194899,0.0278714817126508,0.0529758417280877
clsSchist,0.144180844167458,0.0859111014909867,1.67825626333733,0.108118133882068,st_share,part ST (proxy Scheduled Areas),0.0936756405376303,19627,2.72885325194899,0.0278714817126508,0.0529758417280877
clsShale,0.199242432982798,0.0834443530892696,2.38772817580174,0.0264293076339078,st_share,part ST (proxy Scheduled Areas),0.0936756405376303,19627,2.72885325194899,0.0278714817126508,0.0529758417280877
clsBasalt,0.00825117300108135,0.0469261033725994,0.175833329598368,0.862193014955523,canal_sh,part irriguee par canal,0.0745846866715545,17153,2.06449727648157,0.0849544319903566,0.00121899891816102
clsCharnockite,1.1421430562757,1.18644656795662,0.962658654104229,0.34721455161622,canal_sh,part irriguee par canal,0.0745846866715545,17153,2.06449727648157,0.0849544319903566,0.00121899891816102
clsGneiss,0.399714268489295,0.368001640344683,1.08617523583566,0.290320023023447,canal_sh,part irriguee par canal,0.0745846866715545,17153,2.06449727648157,0.0849544319903566,0.00121899891816102
clsIntrusive,0.151962171028936,0.212445371585973,0.715299984624236,0.482691325847439,canal_sh,part irriguee par canal,0.0745846866715545,17153,2.06449727648157,0.0849544319903566,0.00121899891816102
clsLimestone,0.104354166039316,0.094079259930337,1.10921542236395,0.280497352777269,canal_sh,part irriguee par canal,0.0745846866715545,17153,2.06449727648157,0.0849544319903566,0.00121899891816102
clsQuartzite,0.244596380308076,0.284126838314814,0.860870383659644,0.399512619595318,canal_sh,part irriguee par canal,0.0745846866715545,17153,2.06449727648157,0.0849544319903566,0.00121899891816102
clsSandstone,0.0113961128678621,0.0318257973028383,0.358077843562642,0.724036599851469,canal_sh,part irriguee par canal,0.0745846866715545,17153,2.06449727648157,0.0849544319903566,0.00121899891816102
clsSchist,0.252885101218287,0.236740764398296,1.06819415684926,0.298157223360791,canal_sh,part irriguee par canal,0.0745846866715545,17153,2.06449727648157,0.0849544319903566,0.00121899891816102
clsShale,0.133668213865731,0.181002025106094,0.738490156601184,0.468794834370179,canal_sh,part irriguee par canal,0.0745846866715545,17153,2.06449727648157,0.0849544319903566,0.00121899891816102
clsBasalt,5.9917606256839,3.73564221757784,1.60394392093815,0.123661406701543,dist_town,distance a la ville (km),24.3405452726363,19614,6.05730491990736,0.000330853714047336,0.0423152812520972
clsCharnockite,17.0035431375429,7.23868358624002,2.3489827860227,0.0286895855959799,dist_town,distance a la ville (km),24.3405452726363,19614,6.05730491990736,0.000330853714047336,0.0423152812520972
clsGneiss,3.2382298155008,3.98861781306553,0.811867661246789,0.42597503295557,dist_town,distance a la ville (km),24.3405452726363,19614,6.05730491990736,0.000330853714047336,0.0423152812520972
clsIntrusive,12.3719656753917,3.8780183567311,3.19028032807466,0.00440164146798436,dist_town,distance a la ville (km),24.3405452726363,19614,6.05730491990736,0.000330853714047336,0.0423152812520972
clsLimestone,2.6464220875889,2.62376907221073,1.00863376873296,0.324631591195456,dist_town,distance a la ville (km),24.3405452726363,19614,6.05730491990736,0.000330853714047336,0.0423152812520972
clsQuartzite,19.2415883441178,9.97704930149189,1.92858507186494,0.0674101360610153,dist_town,distance a la ville (km),24.3405452726363,19614,6.05730491990736,0.000330853714047336,0.0423152812520972
clsSandstone,8.85057544715328,9.3906769328177,0.94248535121287,0.356661331285197,dist_town,distance a la ville (km),24.3405452726363,19614,6.05730491990736,0.000330853714047336,0.0423152812520972
clsSchist,8.10761192849603,4.45879507316354,1.81834145670741,0.0833054147846678,dist_town,distance a la ville (km),24.3405452726363,19614,6.05730491990736,0.000330853714047336,0.0423152812520972
clsShale,7.81422259034649,2.42400276862238,3.22368550543674,0.00407321531759666,dist_town,distance a la ville (km),24.3405452726363,19614,6.05730491990736,0.000330853714047336,0.0423152812520972
