vague,variable,niveau,N
ihds1,URBAN,(0) Rural,26734
ihds1,URBAN,(1) Urban,14820
ihds1,WA1,(01) Piped,19114
ihds1,WA1,(02) Tube well,4293
ihds1,WA1,(03) Hand pump,11226
ihds1,WA1,(04) Open well,4893
ihds1,WA1,(05) Covered well,824
ihds1,WA1,(06) River,323
ihds1,WA1,(07) Pond,155
ihds1,WA1,(08) Truck,371
ihds1,WA1,(09) Rainwater,28
ihds1,WA1,(10) Bottled,42
ihds1,WA1,(11) Other,223
ihds1,WA4,(0) No,2458
ihds1,WA4,(1) Yes,39034
ihds1,WA5,(01) Piped,152
ihds1,WA5,(02) Tube well,220
ihds1,WA5,(03) Hand pump,571
ihds1,WA5,(04) Open well,732
ihds1,WA5,(05) Covered well,96
ihds1,WA5,(06) River,219
ihds1,WA5,(07) Pond,47
ihds1,WA5,(08) Truck,181
ihds1,WA5,(09) Rainwater,125
ihds1,WA5,(10) Bottled,4
ihds1,WA5,(11) Other,112
ihds1,WA7,(0) No,3072
ihds1,WA7,(1) Yes,37244
ihds1,WA8,(0) No,6291
ihds1,WA8,(1) Yes,34631
ihds1,WA10,(0) Rarely/Never,26768
ihds1,WA10,(1) Sometimes,5190
ihds1,WA10,(2) Usually,5301
ihds1,WA10,(3) Always,3898
ihds2,DISTRICT,(0102) Baramula,154
ihds2,DISTRICT,(0103) Srinagar,113
ihds2,DISTRICT,(0105) Pulwama,109
ihds2,DISTRICT,(0112) Rajauri,95
ihds2,DISTRICT,(0113) Jammu,249
ihds2,DISTRICT,(0201) Chamba,116
ihds2,DISTRICT,(0202) Kangra,282
ihds2,DISTRICT,(0204) Kullu,139
ihds2,DISTRICT,(0205) Mandi,290
ihds2,DISTRICT,(0206) Hamirpur,150
ihds2,DISTRICT,(0208) Bilaspur,163
ihds2,DISTRICT,(0209) Solan,39
ihds2,DISTRICT,(0210) Sirmaur,129
ihds2,DISTRICT,(0211) Shimla,168
ihds2,DISTRICT,(0301) Gurdaspur,223
ihds2,DISTRICT,(0302) Amritsar,134
ihds2,DISTRICT,(0303) Kapurthala,115
ihds2,DISTRICT,(0304) Jalandhar,113
ihds2,DISTRICT,(0305) Hoshiarpur,98
ihds2,DISTRICT,(0306) Nawanshahr,8
ihds2,DISTRICT,(0307) Rupnagar,137
ihds2,DISTRICT,(0308) Fatehgarh,9
ihds2,DISTRICT,(0309) Ludhiana,188
ihds2,DISTRICT,(0310) Moga,50
ihds2,DISTRICT,(0311) Firozpur,399
ihds2,DISTRICT,(0316) Sangrur,187
ihds2,DISTRICT,(0317) Patiala,41
ihds2,DISTRICT,(0400) Chandigarh,85
ihds2,DISTRICT,(0505) Dehradun,73
ihds2,DISTRICT,(0508) Bageshwar,35
ihds2,DISTRICT,(0509) Almora,91
ihds2,DISTRICT,(0511) Nainital,100
ihds2,DISTRICT,(0512) Udham Singh Nagar,45
ihds2,DISTRICT,(0513) Hardwar,124
ihds2,DISTRICT,(0601) Panchkula,31
ihds2,DISTRICT,(0602) Ambala,220
ihds2,DISTRICT,(0603) Yamunanagar,41
ihds2,DISTRICT,(0604) Kurukshetra,107
ihds2,DISTRICT,(0605) Kaithal,171
ihds2,DISTRICT,(0606) Karnal,63
ihds2,DISTRICT,(0608) Sonipat,252
ihds2,DISTRICT,(0609) Jind,134
ihds2,DISTRICT,(0610) Fatehabad,58
ihds2,DISTRICT,(0612) Hissar,132
ihds2,DISTRICT,(0613) Bhiwani,90
ihds2,DISTRICT,(0617) Rewari,140
ihds2,DISTRICT,(0618) Gurgaon,208
ihds2,DISTRICT,(0619) Faridabad,159
ihds2,DISTRICT,(0700) Delhi,0
ihds2,DISTRICT,(0701) Delhi North West,147
ihds2,DISTRICT,(0702) Delhi North,21
ihds2,DISTRICT,(0703) Delhi North East,22
ihds2,DISTRICT,(0704) Delhi East,20
ihds2,DISTRICT,(0707) Delhi West,58
ihds2,DISTRICT,(0708) Delhi South West,22
ihds2,DISTRICT,(0709) Delhi South,45
ihds2,DISTRICT,(0710) Delhi Municipal Corp,518
ihds2,DISTRICT,(0711) New Delhi Municipal Council,46
ihds2,DISTRICT,(0803) Bikaner,40
ihds2,DISTRICT,(0804) Churu,189
ihds2,DISTRICT,(0805) Jhunjhunu,173
ihds2,DISTRICT,(0806) Alwar,185
ihds2,DISTRICT,(0807) Bharatpur,146
ihds2,DISTRICT,(0808) Dhaulpur,124
ihds2,DISTRICT,(0809) Karauli,55
ihds2,DISTRICT,(0810) Sawai Madhopur,53
ihds2,DISTRICT,(0811) Dausa,25
ihds2,DISTRICT,(0812) Jaipur,118
ihds2,DISTRICT,(0813) Sikar,165
ihds2,DISTRICT,(0814) Nagaur,78
ihds2,DISTRICT,(0815) Jodhpur,242
ihds2,DISTRICT,(0818) Jalor,47
ihds2,DISTRICT,(0820) Pali,196
ihds2,DISTRICT,(0821) Ajmer,37
ihds2,DISTRICT,(0824) Bhilwara,242
ihds2,DISTRICT,(0825) Rajsamand,68
ihds2,DISTRICT,(0826) Udaipur,143
ihds2,DISTRICT,(0829) Chittaurgarh,89
ihds2,DISTRICT,(0830) Kota,44
ihds2,DISTRICT,(0831) Baran,39
ihds2,DISTRICT,(0832) Jhalawar,209
ihds2,DISTRICT,(0901) Saharanpur,89
ihds2,DISTRICT,(0902) Muzaffarnagar,83
ihds2,DISTRICT,(0903) Bijnor,135
ihds2,DISTRICT,(0904) Moradabad,231
ihds2,DISTRICT,(0905) Rampur,83
ihds2,DISTRICT,(0906) Jyotiva Phule Nagar,37
ihds2,DISTRICT,(0907) Meerut,41
ihds2,DISTRICT,(0909) Ghaziabad,86
ihds2,DISTRICT,(0910) Gautam Buddha Nagar,73
ihds2,DISTRICT,(0913) Hathras,8
ihds2,DISTRICT,(0914) Mathura,127
ihds2,DISTRICT,(0915) Agra,86
ihds2,DISTRICT,(0919) Budaun,43
ihds2,DISTRICT,(0920) Bareilly,39
ihds2,DISTRICT,(0923) Kheri,165
ihds2,DISTRICT,(0924) Sitapur,168
ihds2,DISTRICT,(0927) Lucknow,39
ihds2,DISTRICT,(0929) Farrukabad,120
ihds2,DISTRICT,(0930) Kannauj,45
ihds2,DISTRICT,(0933) Kanpur Dehat,51
ihds2,DISTRICT,(0934) Kanpur Nagar,132
ihds2,DISTRICT,(0936) Jhansi,78
ihds2,DISTRICT,(0940) Banda,49
ihds2,DISTRICT,(0941) Chitrakoot,22
ihds2,DISTRICT,(0942) Fatehpur,81
ihds2,DISTRICT,(0944) Kaushambi,41
ihds2,DISTRICT,(0945) Allahabad,132
ihds2,DISTRICT,(0946) Barabanki,39
ihds2,DISTRICT,(0947) Faizabad,93
ihds2,DISTRICT,(0948) Ambedkar Nagar,70
ihds2,DISTRICT,(0949) Sultanpur,167
ihds2,DISTRICT,(0950) Bahraich,67
ihds2,DISTRICT,(0951) Sharawasti,61
ihds2,DISTRICT,(0954) Siddharathnagar,169
ihds2,DISTRICT,(0958) Gorakhpur,51
ihds2,DISTRICT,(0959) Kushinagar,133
ihds2,DISTRICT,(0960) Deoria,23
ihds2,DISTRICT,(0962) Mau,48
ihds2,DISTRICT,(0963) Baliya,49
ihds2,DISTRICT,(0965) Ghazipur,202
ihds2,DISTRICT,(0966) Chandauli,101
ihds2,DISTRICT,(0967) Varanasi,128
ihds2,DISTRICT,(0968) Sant Ravidas Nagar,139
ihds2,DISTRICT,(1002) Purbi Champaran,162
ihds2,DISTRICT,(1005) Madhubani,157
ihds2,DISTRICT,(1006) Supaul,36
ihds2,DISTRICT,(1009) Purnia,46
ihds2,DISTRICT,(1012) Saharsa,62
ihds2,DISTRICT,(1014) Muzaffar Pur,166
ihds2,DISTRICT,(1016) Siwan,123
ihds2,DISTRICT,(1017) Saran,41
ihds2,DISTRICT,(1022) Bhagal Pur,101
ihds2,DISTRICT,(1023) Banka,22
ihds2,DISTRICT,(1026) Sheikhpura,36
ihds2,DISTRICT,(1027) Nalanda,172
ihds2,DISTRICT,(1028) Patna,81
ihds2,DISTRICT,(1030) Buxar,42
ihds2,DISTRICT,(1031) Kaimur (Bhabua),46
ihds2,DISTRICT,(1032) Rohtas,200
ihds2,DISTRICT,(1035) Gaya,54
ihds2,DISTRICT,(1100) Sikkim,107
ihds2,DISTRICT,(1200) Arunachal,159
ihds2,DISTRICT,(1300) Nagaland,110
ihds2,DISTRICT,(1400) Manipur,88
ihds2,DISTRICT,(1500) Mizoram,78
ihds2,DISTRICT,(1600) Tripura,220
ihds2,DISTRICT,(1700) Meghalaya,134
ihds2,DISTRICT,(1802) Dhubri,200
ihds2,DISTRICT,(1803) Goalpara,45
ihds2,DISTRICT,(1806) Kamrup,259
ihds2,DISTRICT,(1809) Marigaon,162
ihds2,DISTRICT,(1814) Tinsukia,40
ihds2,DISTRICT,(1817) Jorhat,210
ihds2,DISTRICT,(1819) Karbi Amglong,38
ihds2,DISTRICT,(1821) Cachar,37
ihds2,DISTRICT,(1901) Darjiling,130
ihds2,DISTRICT,(1902) Jalapiguri,178
ihds2,DISTRICT,(1904) Uttar Dinajpur,42
ihds2,DISTRICT,(1906) Maldah,228
ihds2,DISTRICT,(1907) Murshidabad,174
ihds2,DISTRICT,(1908) Birbhum,169
ihds2,DISTRICT,(1909) Barddhaman,393
ihds2,DISTRICT,(1910) Nadia,229
ihds2,DISTRICT,(1911) North 24 Parganas,307
ihds2,DISTRICT,(1912) Hugli,130
ihds2,DISTRICT,(1913) Bankura,42
ihds2,DISTRICT,(1916) Haora,132
ihds2,DISTRICT,(1917) Kolkata,191
ihds2,DISTRICT,(1918) South 24 Parganas,90
ihds2,DISTRICT,(2002) Palamu,101
ihds2,DISTRICT,(2012) Dhanbad,229
ihds2,DISTRICT,(2013) Bokaro,123
ihds2,DISTRICT,(2014) Ranchi,214
ihds2,DISTRICT,(2017) Pashchimi Singbhum,109
ihds2,DISTRICT,(2018) Purbi Singhbhum,77
ihds2,DISTRICT,(2101) Bargarh,69
ihds2,DISTRICT,(2102) Jharsuguda,77
ihds2,DISTRICT,(2103) Sambalpur,57
ihds2,DISTRICT,(2105) Sundargarh,151
ihds2,DISTRICT,(2106) Kendujhar,100
ihds2,DISTRICT,(2107) Mayurbhanj,110
ihds2,DISTRICT,(2108) Baleshwar,221
ihds2,DISTRICT,(2109) Bhadrak,105
ihds2,DISTRICT,(2112) Cuttack,68
ihds2,DISTRICT,(2113) Jajapur,41
ihds2,DISTRICT,(2114) Dhenkanal,34
ihds2,DISTRICT,(2115) Anugul,125
ihds2,DISTRICT,(2116) Nayagarh,61
ihds2,DISTRICT,(2117) Khordha,73
ihds2,DISTRICT,(2118) Puri,135
ihds2,DISTRICT,(2119) Ganjam,107
ihds2,DISTRICT,(2120) Gajapati,38
ihds2,DISTRICT,(2121) Kandhamal,65
ihds2,DISTRICT,(2122) Baudh,33
ihds2,DISTRICT,(2123) Sonapur,68
ihds2,DISTRICT,(2124) Balangir,124
ihds2,DISTRICT,(2126) Kalahandi,40
ihds2,DISTRICT,(2127) Rayagada,51
ihds2,DISTRICT,(2128) Nabarangapur,21
ihds2,DISTRICT,(2129) Koraput,78
ihds2,DISTRICT,(2130) Malkangiri,6
ihds2,DISTRICT,(2201) Koriya,68
ihds2,DISTRICT,(2202) Sarguja,171
ihds2,DISTRICT,(2203) Jashpur,34
ihds2,DISTRICT,(2204) Raigarh,133
ihds2,DISTRICT,(2205) Korba,22
ihds2,DISTRICT,(2206) Janjgir,39
ihds2,DISTRICT,(2207) Bilas Pur,76
ihds2,DISTRICT,(2208) Kawardha,53
ihds2,DISTRICT,(2209) Rajnandgaon,152
ihds2,DISTRICT,(2210) Durg,268
ihds2,DISTRICT,(2211) Raipur,109
ihds2,DISTRICT,(2212) Mahasamund,20
ihds2,DISTRICT,(2213) Dhamtari,59
ihds2,DISTRICT,(2214) Kanker,43
ihds2,DISTRICT,(2215) Bastar,77
ihds2,DISTRICT,(2301) Sheopur,32
ihds2,DISTRICT,(2302) Morena,111
ihds2,DISTRICT,(2304) Gwalior,40
ihds2,DISTRICT,(2305) Datia,217
ihds2,DISTRICT,(2308) Tikamgarh,166
ihds2,DISTRICT,(2309) Chhatarpur,139
ihds2,DISTRICT,(2310) Panna,99
ihds2,DISTRICT,(2312) Damoh,217
ihds2,DISTRICT,(2313) Satna,139
ihds2,DISTRICT,(2315) Umaria,24
ihds2,DISTRICT,(2316) Shahdol,100
ihds2,DISTRICT,(2317) Sidhi,81
ihds2,DISTRICT,(2320) Ratlam,137
ihds2,DISTRICT,(2321) Ujjain,140
ihds2,DISTRICT,(2322) Shajapur,58
ihds2,DISTRICT,(2323) Dewas,220
ihds2,DISTRICT,(2325) Dhar,156
ihds2,DISTRICT,(2326) Indore,87
ihds2,DISTRICT,(2327) West Nimar,98
ihds2,DISTRICT,(2328) Barwani,49
ihds2,DISTRICT,(2329) East Nimar,52
ihds2,DISTRICT,(2330) Rajgarh,47
ihds2,DISTRICT,(2332) Bhopal,36
ihds2,DISTRICT,(2335) Betul,185
ihds2,DISTRICT,(2336) Harda,88
ihds2,DISTRICT,(2337) Hoshangabad,105
ihds2,DISTRICT,(2338) Katni,43
ihds2,DISTRICT,(2339) Jabalpur,34
ihds2,DISTRICT,(2341) Dindori,56
ihds2,DISTRICT,(2342) Mandla,77
ihds2,DISTRICT,(2344) Seoni,90
ihds2,DISTRICT,(2401) Kachchh,79
ihds2,DISTRICT,(2403) Patan,20
ihds2,DISTRICT,(2404) Mahesana,61
ihds2,DISTRICT,(2406) Gandhinagar,144
ihds2,DISTRICT,(2407) Ahmedabad,269
ihds2,DISTRICT,(2408) Surendranagar,159
ihds2,DISTRICT,(2409) Rajkot,36
ihds2,DISTRICT,(2410) Jamnagar,121
ihds2,DISTRICT,(2412) Junagadh,198
ihds2,DISTRICT,(2413) Amreli,33
ihds2,DISTRICT,(2414) Bhavnagar,41
ihds2,DISTRICT,(2415) Anand,145
ihds2,DISTRICT,(2416) Kheda,40
ihds2,DISTRICT,(2419) Vadodara,202
ihds2,DISTRICT,(2420) Narmada,111
ihds2,DISTRICT,(2421) Bharuch,128
ihds2,DISTRICT,(2422) Surat,108
ihds2,DISTRICT,(2500) Daman & Diu,59
ihds2,DISTRICT,(2600) Dadra & Nagar Haveli,60
ihds2,DISTRICT,(2701) Nandurbar,80
ihds2,DISTRICT,(2702) Dhule,77
ihds2,DISTRICT,(2703) Jalgaon,138
ihds2,DISTRICT,(2705) Akola,102
ihds2,DISTRICT,(2706) Washim,78
ihds2,DISTRICT,(2707) Amarawti,243
ihds2,DISTRICT,(2708) Wardha,44
ihds2,DISTRICT,(2709) Nagpur,42
ihds2,DISTRICT,(2710) Bhandara,52
ihds2,DISTRICT,(2711) Gondiya,42
ihds2,DISTRICT,(2713) Chandrapur,157
ihds2,DISTRICT,(2714) Yavatmal,107
ihds2,DISTRICT,(2715) Nanded,40
ihds2,DISTRICT,(2716) Hingoli,47
ihds2,DISTRICT,(2717) Parbhani,83
ihds2,DISTRICT,(2718) Jalna,114
ihds2,DISTRICT,(2720) Nasik,131
ihds2,DISTRICT,(2721) Thane,205
ihds2,DISTRICT,(2722) Mumbai (suburban),319
ihds2,DISTRICT,(2723) Mumbai,0
ihds2,DISTRICT,(2725) Pune,242
ihds2,DISTRICT,(2726) Ahmadnagar,140
ihds2,DISTRICT,(2727) Bid,118
ihds2,DISTRICT,(2729) Osmanabad,51
ihds2,DISTRICT,(2730) Solapur,260
ihds2,DISTRICT,(2731) Satara,243
ihds2,DISTRICT,(2732) Ratnagiri,93
ihds2,DISTRICT,(2734) Kolhapur,61
ihds2,DISTRICT,(2801) Adilabad,118
ihds2,DISTRICT,(2802) Nizamabad,167
ihds2,DISTRICT,(2803) Karimnagar,199
ihds2,DISTRICT,(2804) Medak,224
ihds2,DISTRICT,(2805) Hyderabad,125
ihds2,DISTRICT,(2806) Rangareddi,84
ihds2,DISTRICT,(2807) Mahbubnagar,34
ihds2,DISTRICT,(2810) Khammam,99
ihds2,DISTRICT,(2813) Visakhapatnam,113
ihds2,DISTRICT,(2814) East Godavari,42
ihds2,DISTRICT,(2815) West Godavari,166
ihds2,DISTRICT,(2816) Krishna,177
ihds2,DISTRICT,(2817) Guntur,35
ihds2,DISTRICT,(2818) Prakasam,98
ihds2,DISTRICT,(2819) Nellore,38
ihds2,DISTRICT,(2820) Cuddapah,148
ihds2,DISTRICT,(2821) Kurnool,96
ihds2,DISTRICT,(2822) Anantapur,122
ihds2,DISTRICT,(2823) Chittoor,118
ihds2,DISTRICT,(2901) Belgaum,76
ihds2,DISTRICT,(2902) Bagalkot,154
ihds2,DISTRICT,(2903) Bijapur,95
ihds2,DISTRICT,(2905) Bidar,230
ihds2,DISTRICT,(2906) Raichur,64
ihds2,DISTRICT,(2907) Koppal,119
ihds2,DISTRICT,(2908) Gadag,70
ihds2,DISTRICT,(2909) Dharwad,75
ihds2,DISTRICT,(2910) Uttar Kannad,103
ihds2,DISTRICT,(2911) Haveri,77
ihds2,DISTRICT,(2912) Bellary,249
ihds2,DISTRICT,(2913) Chitradurga,115
ihds2,DISTRICT,(2914) Davanagere,47
ihds2,DISTRICT,(2915) Shimoga,180
ihds2,DISTRICT,(2916) Udupi,125
ihds2,DISTRICT,(2917) Chikmagalur,198
ihds2,DISTRICT,(2918) Tumkur,220
ihds2,DISTRICT,(2919) Kolar,322
ihds2,DISTRICT,(2920) Bangalore,351
ihds2,DISTRICT,(2921) Bangalore Rural,142
ihds2,DISTRICT,(2922) Mandya,44
ihds2,DISTRICT,(2924) Dakshin Kannada,192
ihds2,DISTRICT,(2925) Kodagu,210
ihds2,DISTRICT,(2926) Mysore,265
ihds2,DISTRICT,(2927) Chamarajanagar,142
ihds2,DISTRICT,(3001) North Goa,150
ihds2,DISTRICT,(3002) South Goa,38
ihds2,DISTRICT,(3202) Kannur,94
ihds2,DISTRICT,(3204) Kozhikode,88
ihds2,DISTRICT,(3205) Malappuram,198
ihds2,DISTRICT,(3206) Palakkad,84
ihds2,DISTRICT,(3207) Thrissur,186
ihds2,DISTRICT,(3208) Ernakulam,172
ihds2,DISTRICT,(3209) Idukki,71
ihds2,DISTRICT,(3210) Kottayam,159
ihds2,DISTRICT,(3211) Alappuzha,216
ihds2,DISTRICT,(3212) Pathanamthitta,129
ihds2,DISTRICT,(3213) Kollam,39
ihds2,DISTRICT,(3214) Thiruvananthapuram,134
ihds2,DISTRICT,(3301) Thiruvallur,59
ihds2,DISTRICT,(3302) Chennai,160
ihds2,DISTRICT,(3303) Kancheepuram,40
ihds2,DISTRICT,(3304) Vellore,73
ihds2,DISTRICT,(3305) Dharampuri,118
ihds2,DISTRICT,(3306) Tiruvannamalai,41
ihds2,DISTRICT,(3309) Namakkal,49
ihds2,DISTRICT,(3310) Erode,168
ihds2,DISTRICT,(3312) Coimbatore,256
ihds2,DISTRICT,(3313) Dindigul,42
ihds2,DISTRICT,(3314) Karur,36
ihds2,DISTRICT,(3315) Tiruchchirappalli,210
ihds2,DISTRICT,(3316) Perambalur,45
ihds2,DISTRICT,(3317) Ariyalur,85
ihds2,DISTRICT,(3323) Sivaganga,117
ihds2,DISTRICT,(3324) Madurai,83
ihds2,DISTRICT,(3325) Theni,33
ihds2,DISTRICT,(3327) Ramanathapuram,37
ihds2,DISTRICT,(3328) Thoothukkudi,41
ihds2,DISTRICT,(3329) Tirunelveli,161
ihds2,DISTRICT,(3330) Kanniyakumari,128
ihds2,DISTRICT,(3400) Pondicherry,107
ihds2,URBAN2011,(0) rural 0,27579
ihds2,URBAN2011,(1) urban 1,14573
ihds2,WA1A,(01) Piped (public supply) 1,20303
ihds2,WA1A,(02) Tube well 2,4660
ihds2,WA1A,(03) Hand pump 3,11144
ihds2,WA1A,(04) Open well 4,3522
ihds2,WA1A,(05) Covered well 5,652
ihds2,WA1A,"(06) River, canal, stream 6",424
ihds2,WA1A,(07) Pond 7,162
ihds2,WA1A,(08) Tanker truck 8,513
ihds2,WA1A,(09) Rainwater 9,26
ihds2,WA1A,(10) Bottled 10,199
ihds2,WA1A,(11) Others 11,390
ihds2,WA1B,(01) Piped (public supply) 1,19461
ihds2,WA1B,(02) Tube well 2,4715
ihds2,WA1B,(03) Hand pump 3,11426
ihds2,WA1B,(04) Open well 4,3724
ihds2,WA1B,(05) Covered well 5,679
ihds2,WA1B,"(06) River, canal, stream 6",518
ihds2,WA1B,(07) Pond 7,155
ihds2,WA1B,(08) Tanker truck 8,624
ihds2,WA1B,(09) Rainwater 9,41
ihds2,WA1B,(10) Bottled 10,207
ihds2,WA1B,(11) Others 11,444
ihds2,WA2A,(1) outside 1,19779
ihds2,WA2A,(2) inside 2,22186
ihds2,WA2B,(1) outside 1,20349
ihds2,WA2B,(2) inside 2,21612
ihds2,WA5A,(0) No 0,2964
ihds2,WA5A,(1) Yes 1,38631
ihds2,WA5B,(0) No 0,7941
ihds2,WA5B,(1) Yes 1,33630
ihds2,WA7,(1) Never 1,28637
ihds2,WA7,(2) Rarely 2,3857
ihds2,WA7,(3) Usually 3,3784
ihds2,WA7,(4) Always 4,5452
