etat,districts_nss58,districts_nss69,districts_nss76,regions_nss58,regions_nss69,regions_nss76
1,10,22,22,3,4,4
2,12,12,12,1,2,2
3,14,20,22,2,2,2
4,1,1,1,1,1,1
5,10,13,13,1,1,1
6,16,21,21,2,2,2
7,1,5,9,1,1,1
8,30,33,33,4,5,5
9,63,71,71,4,5,5
10,35,38,38,2,2,2
11,4,4,4,1,1,1
12,11,16,16,1,1,1
13,7,11,11,1,1,1
14,8,9,9,2,2,2
15,3,8,8,1,1,1
16,3,4,4,1,1,1
17,7,7,7,1,1,1
18,22,27,27,3,4,4
19,17,19,23,4,5,5
20,18,24,24,1,2,2
21,30,30,30,3,3,3
22,7,18,27,1,3,3
23,38,50,50,6,6,6
24,20,26,33,5,5,5
25,2,2,2,1,1,1
26,1,1,1,1,1,1
27,30,34,34,6,6,6
28,23,23,13,4,5,3
29,20,30,30,4,4,4
30,2,2,2,1,1,1
31,1,1,1,1,1,1
32,14,14,14,2,2,2
33,23,32,32,4,4,4
34,4,4,4,1,1,1
35,2,3,3,1,1,1
36,,,31,,,2
