round,fichier,lignes,colonnes,noms
58,Block3-records.csv,97882,44,Key_hhold Rnd_Sch Rec_ID Sector Sub_round Sub_sample State Region District Stratum Sub_stratum FSU Segment Stage2_stratum Hhold_No B1_q16 B1_q17 B1_q18 B1_q19 B2_Q2i B2_q3 B3_q1 B3_q2 B3_q3 B3_q4 B3_q5 B3_q6 B3_q7 B3_q8 B3_q9_MCE B3_q10 B3_q11 B3_q12 B3_q13 B3_q14 B3_q15 B3_q16 B3_q17 B3_q18 Wgt_SS Wgt_Combined nss nsc WGT_posted
58,Block4-records.csv,97882,47,Key_hhold Rnd_sch Rec_ID Sector Sub_round Sub_sample State Region District Stratum Sub_stratum FSU Segment Stage2_stratum Hhold_No B4_q1 B4_q2 B4_q3 B4_q4 B4_q5 B4_q6 B4_q7 B4_q8 B4_q9 B4_q10 B4_q11 B4_q12 B4_q13 B4_q14 B4_q15 B4_q16 B4_q17 B4_q18 B4_q19 B4_q20 B4_q21 B4_q22 B4_q23 B4_q24 B4_q25 B4_q26 B4_q27 Wgt_SS Wgt_Combined nss nsc WGT_posted
58,Block5-records.csv,97882,31,Key_hhold Rnd_sch Rec_ID Sector Sub_round Sub_sample State Region District Stratum Sub_stratum FSU Segment Stage2_stratum Hhold_No B5_q1 B5_q2 B5_q3 B5_q4 B5_q5 B5_q6 B5_q7 B5_q8 B5_q9 B5_q10 B5_q11 Wgt_SS Wgt_Combined nss nsc WGT_posted
58,Block6-records.csv,97882,43,Key_hhold Rnd_sch Rec_ID Sector Sub_round Sub_sample State Region District Stratum Sub_stratum FSU Segment Stage2_stratum Hhold_No B6_q1 B6_q2 B6_q3 B6_q4 B6_q5 B6_q6 B6_q7 B6_q8 B6_q9 B6_q10 B6_q11 B6_q12 B6_q13 B6_q14 B6_q15 B6_q16 B6_q17 B6_q18 B6_q19 B6_q20 B6_q21 B6_q22 B6_q23 Wgt_SS Wgt_Combined nss nsc WGT_posted
58,Block7-records.csv,40258,46,Key_hhold Key_constn_no Round_schedule Rec_ID Sector Sub_round Sub_sample State Region District Stratum Sub_stratum FSU Segment Stage2_stratum Hhold_No B7_q2 B7_q1 B7_q3 B7_q4 B7_q5 B7_q6 B7_q7 B7_q8 B7_q9 B7_q10 B7_q11 B7_q12 B7_q13 B7_q14 B7_q15 B7_q16 B7_q17 B7_q18 Tot_Finance B7_q19 B7_q20 B7_q21 B7_q22 B7_q23 B7_q24 Wgt_SS Wgt_combined nss nsc WGT_posted
58,Block8-records.csv,97882,28,Key_hhold Rnd_sch Rec_ID Sector Sub_round Sub_sample State Region District Stratum Sub_stratum FSU Segment Stage2_stratum Hhold_No B8_q1 B8_q2 B8_q3 B8_q4 B8_q5 B8_q6 B8_q7 B8_q8 Wgt_SS Wgt_Combined nss nsc WGT_posted
58,Block9-records.csv,5818,28,Key_Hhold Round_schedule Rec_ID Sector Sub_round Sub_sample State Region District Stratum Sub_stratum FSU Segment Stage2_stratum Hhold_No B9_q1 B9_q2 B9_q3 B9_q4 B9_q5 B9_q6 B9_q7 B9_q8 Wgt_SS Wgt_Combined nss nsc WGT_posted
69,Block - 1 Identification of sample household - level 1.csv,95548,29,Centre_Round FSU_Serial_No Round Sch_no Sample Sector State_region District Stratum Sub_Stratum_No Sub_Round Sub_Sample FOD_Sub_region Hg_sb_no Stage2Stratum Hhold_No Level b1_q16 b1_q17 b1_q18 b1_q19 SSC NSS NSC MLT State_code District_Code Key_hhold Combined_Weight
69,Block - 2 Particulars of field operations - level 8.csv,95514,36,Centre_Round FSU_Serial_No Round Sch_no Sample Sector State_region District Stratum Sub_Stratum_No Sub_Round Sub_Sample FOD_Sub_region Hg_sb_no Stage2Stratum Hhold_No Level b2_q1_aii_1 b2_q1_aii_2 b2_q1_bii b2_q2_i b2_q2_iv b2_q3 b2_q4 b2_q5i_1 b2_q5i_2 b2_q5ii_1 b2_q5ii_2 SSC NSS NSC MLT State_code District_Code Key_hhold Combined_Weight
69,Block - 3  Household characteristics - level 3.csv,95548,37,Centre_Round FSU_Serial_No Round Sch_no Sample Sector State_region District Stratum Sub_Stratum_No Sub_Round Sub_Sample FOD_Sub_region Hg_sb_no Stage2Stratum Hhold_No Level b3_q17 b3_q18 b3_q19 b3_q20 b3_q21 b3_q22 b3_q23 b3_q24 b3_q25_1 b3_q25_2 b3_q25_3 b3_q25_4 SSC NSS NSC MLT State_code District_Code Key_hhold Combined_Weight
69,Block - 3 Household characteristics - level 2.csv,95548,42,Centre_Round FSU_Serial_No Round Sch_no Sample Sector State_region District Stratum Sub_Stratum_No Sub_Round Sub_Sample FOD_Sub_region Hg_sb_no Stage2Stratum Hhold_No Level b3_q1 b3_q2 b3_q3 b3_q4 b3_q5 b3_q6 b3_q7 b3_q8 b3_q9 b3_q10 b3_q11 b3_q12 b3_q13 b3_q14 b3_q15 b3_q16 SSC NSS NSC MLT State_code District_Code Key_hhold HHType Combined_Weight
69,"Block - 4 Particulars of living facilities - drinking water, bathroom, sanitation etc - level 4.csv",95548,75,Centre_Round FSU_Serial_No Round Sch_no Sample Sector State_region District Stratum Sub_Stratum_No Sub_Round Sub_Sample FOD_Sub_region Hg_sb_no Stage2Stratum Hhold_No Level b4_q1 b4_q2 b4_q3_1 b4_q3_2 b4_q3_3 b4_q3_4 b4_q3_5 b4_q3_6 b4_q3_7 b4_q3_8 b4_q3_9 b4_q3_10 b4_q3_11 b4_q3_12 b4_q4 b4_q5 b4_q6 b4_q7 b4_q8 b4_q9 b4_q10 b4_q11 b4_q12 b4_q13 b4_q14 b4_q15 b4_q16 b4_q17 b4_q18 b4_q19_1 b4_q19_2 b4_q20 b4_q21 b4_q22 b4_q23 b4_q24 b4_q25 b4_q26_1 b4_q26_2 b4_q26_3 b4_q26_4 b4_q27 b4_q28 b4_q29 b4_q30_1 b4_q30_2 b4_q30_3 b4_q30_4 b4_q31 b4_q32 SSC NSS NSC MLT State_code District_Code Key_hhold Combined_Weight
69,Block - 5 housing characteristics and micro environment - level 5.csv,95505,41,Centre_Round FSU_Serial_No Round Sch_no Sample Sector State_region District Stratum Sub_Stratum_No Sub_Round Sub_Sample FOD_Sub_region Hg_sb_no Stage2Stratum Hhold_No Level b5_q1 b5_q2 b5_q3 b5_q4 b5_q5 b5_q6 b5_q7 b5_q8 b5_q9 b5_q10 b5_q11 b5_q12 b5_q13_1 b5_q13_2 b5_q14 b5_q15 SSC NSS NSC MLT State_code District_Code Key_hhold Combined_Weight
69,Block - 6 Pariculars of the dwelling - level 6.csv,95508,41,Centre_Round FSU_Serial_No Round Sch_no Sample Sector State_region District Stratum Sub_Stratum_No Sub_Round Sub_Sample FOD_Sub_region Hg_sb_no Stage2Stratum Hhold_No Level b6_q1 b6_q2 b6_q3 b6_q4 b6_q5 b6_q6 b6_q7 b6_q8 b6_q9 b6_q10 b6_q11 b6_q12 b6_q13 b6_q14 b6_q15 b6_q16 SSC NSS NSC MLT State_code District_Code Key_hhold Combined_Weight
69,Block - 7 some general particulars of the households - level 7.csv,95507,36,Centre_Round FSU_Serial_No Round Sch_no Sample Sector State_region District Stratum Sub_Stratum_No Sub_Round Sub_Sample FOD_Sub_region Hg_sb_no Stage2Stratum Hhold_No Level b7_q1 b7_q2 b7_q3 b7_q4 b7_q5 b7_q6 b7_q7 b7_q8 b7_q9 b7_q10 b7_q11 SSC NSS NSC MLT State_code District_Code Key_hhold Combined_Weight
76,L01_sample_household.csv,106838,25,Centre_Round FSUSerialNo Round Schedule Sample Sector NSS_Region District Stratum Sub_stratum Sub_Round FOD_Sub_Region Second_stage_stratum Sample_hhldNo Level Filler informant Response_Code Survey_Code substitution_Code NSC Multiplier State DistrictCode HHID
76,L02_Demographic_particulars.csv,466527,34,Centre_Round FSUSerialNo Round Schedule Sample Sector NSS_Region District Stratum Sub_stratum Sub_Round FOD_Sub_Region Second_stage_stratum Sample_hhldNo Level Filler PersonSrlNo Relationship_head Gender Age Marital_status Highes_education Usual_activity_status nic2digitcode nco2digitcode latrine_code type_latrine_used latrine_used_household reason_not_using_latrine NSC Multiplier State DistrictCode HHID
76,L03_Household_characteristics.csv,106838,41,Centre_Round FSUSerialNo Round Schedule Sample Sector NSS_Region District Stratum Sub_stratum Sub_Round FOD_Sub_Region Second_stage_stratum Sample_hhldNo Level Filler HH_size Religion Social_group Land_possessed Usual_expenditure_A Usual_expenditure_B Usual_expenditure_C Usual_expenditure_D Total_Monthly_expenditure Tenurial_status_dwelling area_type_dwelling_located Spent_Amt_cunstruction Amount_spent Sources_finance1 Sources_finance2 Sources_finance3 Sources_finance4 Max_distance_male_earners Max_distance_female_earners Max_distance_trans_earners NSC Multiplier State DistrictCode HHID
76,L04_Household characteristics_15_1_to_15_5.csv,106838,36,Centre_Round FSUSerialNo Round Schedule Sample Sector NSS_Region District Stratum Sub_stratum Sub_Round FOD_Sub_Region Second_stage_stratum Sample_hhldNo Level Filler Drinking_water_anybenefit Drinking_water_benefit_3yrs Drinking_water_scheme_max_benefi Sanitation_anybenifit Sanitation_benefit_3yrs Sanitation_scheme_max_benefit Housing_anybenifit Housing_benefit_3yrs Housing_scheme_max_benefit Electric_anybenifit Electric_benefit_3yrs Electric_scheme_max_benefit LPG_anybenifit LPG_benefit_3yrs LPG_scheme_max_benefit NSC Multiplier State DistrictCode HHID
76,L05_Particulars_of_living_facilities.csv,106838,69,Centre_Round FSUSerialNo Round Schedule Sample Sector NSS_Region District Stratum Sub_stratum Sub_Round FOD_Sub_Region Second_stage_stratum Sample_hhldNo Level Filler source_drinking_water water_sufficient_drink Insufficiency_water_Jan Insufficiency_water_Feb Insufficiency_water_Mar Insufficiency_water_Apr Insufficiency_water_May Insufficiency_water_Jun Insufficiency_water_Jul Insufficiency_water_Aug Insufficiency_water_Sep Insufficiency_water_Oct Insufficiency_water_Nov Insufficiency_water_Dec Access_source_water Distance_source_water Who_fetches_water Time_taken_in_day_minu Waiting_in_day_minu No_trip_water is_stagnant_water_around Supplementary_source_water Method_treatment Container_material water_stored_for stored_water_covered how_water_taken_container source_water_notdrinking water_sufficient Frequency_water_supply water_metered amt_paid_water avg_amoun_month_rs Acces_bathroom bathroom_type Distance_bathing_place Access_latrine latrine_type bathroom_latrine_inpremises septic_tank_emptied who_emptied disposal_place amt_paid_excret_empty_rs frequently_excreta_emptied Disposal_faeces_children_upto3yr availability_water_inlatrine wash_hand_before_meal wash_hand_after_defecation NSC Multiplier State District_Code HHID
76,L06_Housing_characteristics_micro_environment.csv,106804,49,Centre_Round FSUSerialNo Round Schedule Sample Sector NSS_Region District Stratum Sub_stratum Sub_Round FOD_Sub_Region Second_stage_stratum Sample_hhldNo Level Filler Plinth_lvl_house No_floor house_use built_period Start_Yr Completion_Yr Struct_condition wheth_electricity type_elect_wiring drainage_system waste_disposal_system disposal_place agency_garbage_collection frequency_garbage_collection flood_last5years Approach_road_lane stagnant_water_premises human_faeces_premises Existence_shed_poultry Disposal_excreta face_mosquitoes_last365days effort_local_bodies effort_teckle_mosqfiles_365days Stomach_plroblem malaria_dengue_etc Skin_diseases Jaundice Other_diseases NSC Multiplier State DistrictCode HHID
76,L07_Particulars_of_dwelling.csv,106804,38,Centre_Round FSUSerialNo Round Schedule Sample Sector NSS_Region District Stratum Sub_stratum Sub_Round FOD_Sub_Region Second_stage_stratum Sample_hhldNo Level Filler Type_dwelling No_living_rooms No_other_rooms area_living_rooms area_other_rooms area_covered_veranda area_uncovered_veranda total_area Ventilation No_married_couple No_married_couple_sept_room Kitchen_type Fuel_used_cooking Floor_type Wall_type Roof_type montly_rent NSC Multiplier1 State DistrictCode HHID
76,L08_Some_general_particulars.csv,106804,31,Centre_Round FSUSerialNo Round Schedule Sample Sector NSS_Region District Stratum Sub_stratum Sub_Round FOD_Sub_Region Second_stage_stratum Sample_hhldNo Level Filler HH_stay_present_area Where_residing_before Structure_type movement_reason Member_movedinto_365days Member_movedout_365days HH_posseses_residence_doc HH_benifit_dweller HH_tried_moveout main_reason NSC Multiplier State DitrictCode HHID
76,L09_Particulars_of_field_operations.csv,106992,32,Centre_Round FSUSerialNo Round Schedule Sample Sector NSS_Region District Stratum Sub_stratum Sub_Round FOD_Sub_Region Second_stage_stratum Sample_hhldNo Level Filler Employee_code_FIJSO Employee_codeSSO Employee_codeFIJSO Survey_date Date_Despatch Time_canvass_minutes Remarks_bk_910 Remarksbk_911 Remarks_elsewhere_inSch Remarks_elsewhere No_Investigator_team NSC Multiplier State DistrictCode HHID
