pays,code,cle,n_vagues,premiere,derniere,v_premiere,v_derniere,delta,annee_decollage,n_avant,c1_delta,c2_vagues,c3_avant,retenu,substitut,rang
Jordan,JO,BOT,7,1997,2023,0.3,46.6,46.3,2007,2,TRUE,TRUE,TRUE,TRUE,Eau en bouteille,1
Ghana,GH,SCH,4,2003,2022,1.5,41.1,39.6,2014,2,TRUE,TRUE,TRUE,TRUE,Eau en sachet,2
Indonesia,ID,BOT,4,2003,2017,3.3,35,31.7,2012,2,TRUE,TRUE,TRUE,TRUE,Eau en bouteille,3
Cambodia,KH,BOT,4,2000,2021,0.1,23.3,23.2,2021,3,TRUE,TRUE,TRUE,TRUE,Eau en bouteille,4
Cameroon,CM,TUB,5,1991,2018,8.1,29.9,21.8,2004,2,TRUE,TRUE,TRUE,TRUE,Forage (propriete inconnue),5
Haiti,HT,VND,5,1994,2016,10,31.2,21.2,2012,3,TRUE,TRUE,TRUE,TRUE,Vendeur,6
Dominican Republic,DR,BOT,6,1991,2013,9,77.8,68.8,1996,1,TRUE,TRUE,FALSE,FALSE,Eau en bouteille,
Liberia,LB,TUB,3,2007,2019,2.8,54.4,51.6,2019,2,TRUE,FALSE,TRUE,FALSE,Forage (propriete inconnue),
Malawi,MW,TUB,4,2000,2024,35.8,64.7,28.9,2000,0,TRUE,TRUE,FALSE,FALSE,Forage (propriete inconnue),
Turkey,TR,BOT,4,1993,2013,8.4,35.8,27.4,1998,1,TRUE,TRUE,FALSE,FALSE,Eau en bouteille,
Maldives,MV,BOT,2,2009,2016,13.3,36.7,23.4,2009,0,TRUE,FALSE,FALSE,FALSE,Eau en bouteille,
Uganda,UG,TUB,5,1995,2016,16.6,38.8,22.2,1995,0,TRUE,TRUE,FALSE,FALSE,Forage (propriete inconnue),
Togo,TG,TUB,2,1998,2013,8.5,28.6,20.1,2013,1,TRUE,FALSE,FALSE,FALSE,Forage (propriete inconnue),
Zambia,ZM,TUB,4,1996,2024,9.6,29.2,19.6,2013,1,FALSE,TRUE,FALSE,FALSE,Forage (propriete inconnue),
Guatemala,GU,BOT,3,1995,2015,9.2,28.4,19.2,1999,1,FALSE,FALSE,FALSE,FALSE,Eau en bouteille,
Jordan,JO,CER,5,2007,2023,16.4,32.7,16.3,2007,0,FALSE,TRUE,FALSE,FALSE,Filtre ceramique/sable,
Benin,BJ,TUB,5,1996,2017,15.3,28.9,13.6,1996,0,FALSE,TRUE,FALSE,FALSE,Forage (propriete inconnue),
Honduras,HN,BOT,2,2005,2011,25.6,38.6,13,2005,0,FALSE,FALSE,FALSE,FALSE,Eau en bouteille,
Cambodia,KH,TUB,4,2000,2021,8.3,20.5,12.2,2010,1,FALSE,TRUE,FALSE,FALSE,Forage (propriete inconnue),
Albania,AL,TNK,2,2008,2017,1.9,14.1,12.2,2017,1,FALSE,FALSE,FALSE,FALSE,Citerne (operateur inconnu),
Nigeria,NG,TUB,4,2008,2024,28,40.1,12.1,2008,0,FALSE,TRUE,FALSE,FALSE,Forage (propriete inconnue),
Gabon,GA,CER,2,2012,2019,1.2,13.2,12,2019,1,FALSE,FALSE,FALSE,FALSE,Filtre ceramique/sable,
Sierra Leone,SL,TUB,3,2008,2019,6.4,18.3,11.9,2013,1,FALSE,FALSE,FALSE,FALSE,Forage (propriete inconnue),
Maldives,MV,CER,2,2009,2016,5,16.3,11.3,2016,1,FALSE,FALSE,FALSE,FALSE,Filtre ceramique/sable,
Pakistan,PK,TUB,4,1991,2017,43.9,54.5,10.6,1991,0,FALSE,TRUE,FALSE,FALSE,Forage (propriete inconnue),
Guinea,GN,TUB,3,2005,2018,31,41.5,10.5,2005,0,FALSE,FALSE,FALSE,FALSE,Forage (propriete inconnue),
Mali,ML,TUB,4,1996,2023,14.2,24.5,10.3,1996,0,FALSE,TRUE,FALSE,FALSE,Forage (propriete inconnue),
Nigeria,NG,SCH,3,2013,2024,5.8,15.8,10,2024,2,FALSE,FALSE,TRUE,FALSE,Eau en sachet,
Burkina Faso,BF,TUB,3,1999,2021,35.6,44.8,9.2,1999,0,FALSE,FALSE,FALSE,FALSE,Forage (propriete inconnue),
Nepal,NP,CER,4,2006,2022,6.3,15,8.7,2011,1,FALSE,TRUE,FALSE,FALSE,Filtre ceramique/sable,
Gabon,GA,BOT,3,2000,2019,0.1,8.4,8.3,,3,FALSE,FALSE,FALSE,FALSE,Eau en bouteille,
Nepal,NP,BOT,4,2006,2022,0.1,8,7.9,,4,FALSE,TRUE,FALSE,FALSE,Eau en bouteille,
Yemen,YE,BOT,2,1997,2013,3.7,11.5,7.8,2013,1,FALSE,FALSE,FALSE,FALSE,Eau en bouteille,
Cambodia,KH,CER,3,2010,2021,10.7,18.3,7.6,2010,0,FALSE,FALSE,FALSE,FALSE,Filtre ceramique/sable,
Yemen,YE,TNK,2,1997,2013,5.1,12.7,7.6,2013,1,FALSE,FALSE,FALSE,FALSE,Citerne (operateur inconnu),
Egypt,EG,CER,2,2008,2014,2.9,10,7.1,,2,FALSE,FALSE,FALSE,FALSE,Filtre ceramique/sable,
Congo Democratic Republic,CD,TUB,3,2007,2023,1.2,8.2,7,,3,FALSE,FALSE,FALSE,FALSE,Forage (propriete inconnue),
Kenya,KE,BOT,4,2003,2022,0.2,7,6.8,,4,FALSE,TRUE,FALSE,FALSE,Eau en bouteille,
Namibia,NM,TUB,4,1992,2013,0.8,7.5,6.7,,4,FALSE,TRUE,FALSE,FALSE,Forage (propriete inconnue),
Mozambique,MZ,TUB,2,2011,2022,11.7,17.8,6.1,2011,0,FALSE,FALSE,FALSE,FALSE,Forage (propriete inconnue),
Ethiopia,ET,TUB,5,2005,2024,0.1,6.2,6.1,2016,2,FALSE,TRUE,TRUE,FALSE,Forage (propriete inconnue),
Albania,AL,BOT,2,2008,2017,13.6,19.6,6,2008,0,FALSE,FALSE,FALSE,FALSE,Eau en bouteille,
Indonesia,ID,TUB,4,1991,2017,10.9,16.3,5.4,1991,0,FALSE,TRUE,FALSE,FALSE,Forage (propriete inconnue),
Peru,PE,BOT,6,2004,2012,1.4,5.4,4,,6,FALSE,TRUE,FALSE,FALSE,Eau en bouteille,
Bangladesh,BD,CER,5,2007,2022,2,5.8,3.8,,5,FALSE,TRUE,FALSE,FALSE,Filtre ceramique/sable,
Rwanda,RW,BOT,6,2000,2025,0,3.5,3.5,,6,FALSE,TRUE,FALSE,FALSE,Eau en bouteille,
India,IA,BOT,3,2006,2020,0.4,3.8,3.4,,3,FALSE,FALSE,FALSE,FALSE,Eau en bouteille,
Colombia,CO,BOT,3,2005,2015,3.7,7,3.3,,3,FALSE,FALSE,FALSE,FALSE,Eau en bouteille,
Timor-Leste,TL,BOT,2,2009,2016,2,5.3,3.3,,2,FALSE,FALSE,FALSE,FALSE,Eau en bouteille,
Senegal,SN,BOT,11,1997,2023,0.3,3.5,3.2,,11,FALSE,TRUE,FALSE,FALSE,Eau en bouteille,
Eritrea,ER,TNK,2,1995,2002,9.1,12.2,3.1,2002,1,FALSE,FALSE,FALSE,FALSE,Citerne (operateur inconnu),
Egypt,EG,BOT,4,2000,2014,0.1,2.7,2.6,,4,FALSE,TRUE,FALSE,FALSE,Eau en bouteille,
Gambia,GM,TUB,2,2013,2019,8.8,11.4,2.6,2019,1,FALSE,FALSE,FALSE,FALSE,Forage (propriete inconnue),
Ghana,GH,BOT,5,1998,2022,0,2.4,2.4,,5,FALSE,TRUE,FALSE,FALSE,Eau en bouteille,
Pakistan,PK,BOT,3,2006,2017,0.6,3,2.4,,3,FALSE,FALSE,FALSE,FALSE,Eau en bouteille,
Ethiopia,ET,BOT,5,2005,2024,0,2.3,2.3,,5,FALSE,TRUE,FALSE,FALSE,Eau en bouteille,
Congo,CG,BOT,2,2005,2011,0.2,2.5,2.3,,2,FALSE,FALSE,FALSE,FALSE,Eau en bouteille,
Congo Democratic Republic,CD,BOT,3,2007,2023,0,2.1,2.1,,3,FALSE,FALSE,FALSE,FALSE,Eau en bouteille,
Cameroon,CM,CER,2,2011,2018,2.7,4.7,2,,2,FALSE,FALSE,FALSE,FALSE,Filtre ceramique/sable,
Rwanda,RW,CER,4,2010,2025,0.3,2.3,2,,4,FALSE,TRUE,FALSE,FALSE,Filtre ceramique/sable,
Haiti,HT,BOT,5,1994,2016,0.3,2.2,1.9,,5,FALSE,TRUE,FALSE,FALSE,Eau en bouteille,
Liberia,LB,CER,3,2007,2019,0,1.9,1.9,,3,FALSE,FALSE,FALSE,FALSE,Filtre ceramique/sable,
Angola,AO,TUB,2,2015,2023,1.9,3.8,1.9,,2,FALSE,FALSE,FALSE,FALSE,Forage (propriete inconnue),
Nepal,NP,TUB,6,1996,2022,31.9,33.8,1.9,1996,0,FALSE,TRUE,FALSE,FALSE,Forage (propriete inconnue),
Zambia,ZM,BOT,5,2002,2024,0,1.5,1.5,,5,FALSE,TRUE,FALSE,FALSE,Eau en bouteille,
Mauritania,MR,TNK,2,2000,2020,4.1,5.5,1.4,,2,FALSE,FALSE,FALSE,FALSE,Citerne (operateur inconnu),
Cote d'Ivoire,CI,TUB,2,2012,2021,12,13.3,1.3,2012,0,FALSE,FALSE,FALSE,FALSE,Forage (propriete inconnue),
Rwanda,RW,TUB,5,1992,2025,0.9,2.2,1.3,,5,FALSE,TRUE,FALSE,FALSE,Forage (propriete inconnue),
Kazakhstan,KK,TNK,2,1995,1999,1.7,3,1.3,,2,FALSE,FALSE,FALSE,FALSE,Citerne (operateur inconnu),
Kenya,KE,TNK,3,2008,2022,0.2,1.4,1.2,,3,FALSE,FALSE,FALSE,FALSE,Citerne (operateur inconnu),
Ethiopia,ET,CER,3,2011,2024,0.2,1.4,1.2,,3,FALSE,FALSE,FALSE,FALSE,Filtre ceramique/sable,
Honduras,HN,CER,2,2005,2011,1.3,2.5,1.2,,2,FALSE,FALSE,FALSE,FALSE,Filtre ceramique/sable,
Angola,AO,CER,2,2015,2023,0.2,1.4,1.2,,2,FALSE,FALSE,FALSE,FALSE,Filtre ceramique/sable,
Ghana,GH,TUB,5,1993,2022,18.4,19.5,1.1,1993,0,FALSE,TRUE,FALSE,FALSE,Forage (propriete inconnue),
Tanzania,TZ,BOT,5,1999,2022,0,1.1,1.1,,5,FALSE,TRUE,FALSE,FALSE,Eau en bouteille,
South Africa,ZA,TNK,2,1998,2016,1,2.1,1.1,,2,FALSE,FALSE,FALSE,FALSE,Citerne (operateur inconnu),
Tajikistan,TJ,CER,3,2012,2023,0.3,1.4,1.1,,3,FALSE,FALSE,FALSE,FALSE,Filtre ceramique/sable,
Gambia,GM,BOT,2,2013,2019,0.4,1.4,1,,2,FALSE,FALSE,FALSE,FALSE,Eau en bouteille,
Madagascar,MD,TUB,3,1997,2021,3.1,4.1,1,,3,FALSE,FALSE,FALSE,FALSE,Forage (propriete inconnue),
Bangladesh,BD,BOT,5,2007,2022,0,0.9,0.9,,5,FALSE,TRUE,FALSE,FALSE,Eau en bouteille,
Haiti,HT,CER,3,2006,2016,0.9,1.8,0.9,,3,FALSE,FALSE,FALSE,FALSE,Filtre ceramique/sable,
Cameroon,CM,BOT,3,1991,2018,2,2.9,0.9,,3,FALSE,FALSE,FALSE,FALSE,Eau en bouteille,
Tajikistan,TJ,TUB,3,2012,2023,7.7,8.6,0.9,,3,FALSE,FALSE,FALSE,FALSE,Forage (propriete inconnue),
India,IA,TUB,5,1993,2020,35.1,36,0.899999999999999,1993,0,FALSE,TRUE,FALSE,FALSE,Forage (propriete inconnue),
South Africa,ZA,BOT,2,1998,2016,0.1,0.9,0.8,,2,FALSE,FALSE,FALSE,FALSE,Eau en bouteille,
Albania,AL,CER,2,2008,2017,0.8,1.6,0.8,,2,FALSE,FALSE,FALSE,FALSE,Filtre ceramique/sable,
Angola,AO,BOT,2,2015,2023,1.2,2,0.8,,2,FALSE,FALSE,FALSE,FALSE,Eau en bouteille,
India,IA,TNK,5,1993,2020,0.4,1.2,0.8,,5,FALSE,TRUE,FALSE,FALSE,Citerne (operateur inconnu),
Nigeria,NG,BOT,5,2003,2024,0.9,1.7,0.8,,5,FALSE,TRUE,FALSE,FALSE,Eau en bouteille,
Egypt,EG,TNK,3,2005,2014,0.9,1.7,0.8,,3,FALSE,FALSE,FALSE,FALSE,Citerne (operateur inconnu),
Lesotho,LS,TNK,4,2004,2023,0.1,0.8,0.7,,4,FALSE,TRUE,FALSE,FALSE,Citerne (operateur inconnu),
Cote d'Ivoire,CI,BOT,3,1994,2021,0.1,0.8,0.7,,3,FALSE,FALSE,FALSE,FALSE,Eau en bouteille,
Mozambique,MZ,TNK,3,1997,2022,0,0.7,0.7,,3,FALSE,FALSE,FALSE,FALSE,Citerne (operateur inconnu),
Mozambique,MZ,BOT,2,2011,2022,0.3,1,0.7,,2,FALSE,FALSE,FALSE,FALSE,Eau en bouteille,
Zimbabwe,ZW,TUB,5,1994,2015,29,29.6,0.600000000000001,1994,0,FALSE,TRUE,FALSE,FALSE,Forage (propriete inconnue),
Niger,NI,TUB,2,1998,2012,14.2,14.8,0.600000000000001,1998,0,FALSE,FALSE,FALSE,FALSE,Forage (propriete inconnue),
Madagascar,MD,CER,2,2008,2021,0.3,0.9,0.6,,2,FALSE,FALSE,FALSE,FALSE,Filtre ceramique/sable,
Mali,ML,SCH,2,2018,2023,0.3,0.9,0.6,,2,FALSE,FALSE,FALSE,FALSE,Eau en sachet,
Senegal,SN,TNK,11,1993,2023,0,0.6,0.6,,11,FALSE,TRUE,FALSE,FALSE,Citerne (operateur inconnu),
Uganda,UG,BOT,5,1995,2016,0,0.6,0.6,,5,FALSE,TRUE,FALSE,FALSE,Eau en bouteille,
Togo,TG,BOT,2,1998,2013,0,0.6,0.6,,2,FALSE,FALSE,FALSE,FALSE,Eau en bouteille,
Peru,PE,CER,6,2004,2012,0.3,0.8,0.5,,6,FALSE,TRUE,FALSE,FALSE,Filtre ceramique/sable,
Namibia,NM,BOT,3,2000,2013,0.1,0.6,0.5,,3,FALSE,FALSE,FALSE,FALSE,Eau en bouteille,
Tanzania,TZ,CER,3,2010,2022,0.5,1,0.5,,3,FALSE,FALSE,FALSE,FALSE,Filtre ceramique/sable,
Kyrgyz Republic,KY,TNK,2,1997,2012,0.4,0.9,0.5,,2,FALSE,FALSE,FALSE,FALSE,Citerne (operateur inconnu),
Timor-Leste,TL,TNK,2,2009,2016,0.3,0.8,0.5,,2,FALSE,FALSE,FALSE,FALSE,Citerne (operateur inconnu),
Nigeria,NG,CER,4,2008,2024,0.9,1.4,0.5,,4,FALSE,TRUE,FALSE,FALSE,Filtre ceramique/sable,
India,IA,CER,2,2006,2020,6.6,7,0.4,,2,FALSE,FALSE,FALSE,FALSE,Filtre ceramique/sable,
Guinea,GN,BOT,2,2012,2018,0.7,1.1,0.4,,2,FALSE,FALSE,FALSE,FALSE,Eau en bouteille,
Mali,ML,BOT,5,2001,2023,0,0.4,0.4,,5,FALSE,TRUE,FALSE,FALSE,Eau en bouteille,
Burkina Faso,BF,CER,2,2010,2021,0.4,0.8,0.4,,2,FALSE,FALSE,FALSE,FALSE,Filtre ceramique/sable,
Zimbabwe,ZW,BOT,2,2010,2015,0.1,0.5,0.4,,2,FALSE,FALSE,FALSE,FALSE,Eau en bouteille,
Cote d'Ivoire,CI,CER,2,2012,2021,0.4,0.8,0.4,,2,FALSE,FALSE,FALSE,FALSE,Filtre ceramique/sable,
Timor-Leste,TL,CER,2,2009,2016,0.2,0.6,0.4,,2,FALSE,FALSE,FALSE,FALSE,Filtre ceramique/sable,
Gambia,GM,CER,2,2013,2019,0.2,0.6,0.4,,2,FALSE,FALSE,FALSE,FALSE,Filtre ceramique/sable,
Peru,PE,TNK,9,1992,2012,1.1,1.5,0.4,,9,FALSE,TRUE,FALSE,FALSE,Citerne (operateur inconnu),
Armenia,AM,TNK,4,2000,2016,1.1,1.5,0.4,,4,FALSE,TRUE,FALSE,FALSE,Citerne (operateur inconnu),
Colombia,CO,TUB,3,2005,2015,1.3,1.6,0.3,,3,FALSE,FALSE,FALSE,FALSE,Forage (propriete inconnue),
Congo Democratic Republic,CD,TNK,3,2007,2023,0.1,0.4,0.3,,3,FALSE,FALSE,FALSE,FALSE,Citerne (operateur inconnu),
Kenya,KE,CER,3,2008,2022,0.8,1.1,0.3,,3,FALSE,FALSE,FALSE,FALSE,Filtre ceramique/sable,
Lesotho,LS,CER,3,2009,2023,0.1,0.4,0.3,,3,FALSE,FALSE,FALSE,FALSE,Filtre ceramique/sable,
Malawi,MW,CER,3,2010,2024,0.1,0.4,0.3,,3,FALSE,FALSE,FALSE,FALSE,Filtre ceramique/sable,
Ethiopia,ET,TNK,5,2005,2024,0.2,0.5,0.3,,5,FALSE,TRUE,FALSE,FALSE,Citerne (operateur inconnu),
Mali,ML,TNK,4,2001,2023,0,0.3,0.3,,4,FALSE,TRUE,FALSE,FALSE,Citerne (operateur inconnu),
Liberia,LB,BOT,3,2007,2019,0.2,0.5,0.3,,3,FALSE,FALSE,FALSE,FALSE,Eau en bouteille,
Morocco,MA,BOT,2,1992,2003,0.2,0.5,0.3,,2,FALSE,FALSE,FALSE,FALSE,Eau en bouteille,
Burundi,BU,TUB,2,2010,2016,0.3,0.6,0.3,,2,FALSE,FALSE,FALSE,FALSE,Forage (propriete inconnue),
Burkina Faso,BF,BOT,4,1993,2021,0,0.2,0.2,,4,FALSE,TRUE,FALSE,FALSE,Eau en bouteille,
Malawi,MW,BOT,4,2000,2024,0,0.2,0.2,,4,FALSE,TRUE,FALSE,FALSE,Eau en bouteille,
Uganda,UG,TNK,4,2000,2016,0,0.2,0.2,,4,FALSE,TRUE,FALSE,FALSE,Citerne (operateur inconnu),
Niger,NI,CER,2,2006,2012,0.2,0.4,0.2,,2,FALSE,FALSE,FALSE,FALSE,Filtre ceramique/sable,
Burundi,BU,CER,2,2010,2016,0,0.2,0.2,,2,FALSE,FALSE,FALSE,FALSE,Filtre ceramique/sable,
Tanzania,TZ,TNK,6,1992,2022,0.1,0.3,0.2,,6,FALSE,TRUE,FALSE,FALSE,Citerne (operateur inconnu),
Pakistan,PK,TNK,4,1991,2017,0.4,0.6,0.2,,4,FALSE,TRUE,FALSE,FALSE,Citerne (operateur inconnu),
Uganda,UG,CER,3,2006,2016,0.5,0.7,0.2,,3,FALSE,FALSE,FALSE,FALSE,Filtre ceramique/sable,
Sierra Leone,SL,CER,3,2008,2019,0.4,0.6,0.2,,3,FALSE,FALSE,FALSE,FALSE,Filtre ceramique/sable,
Madagascar,MD,TNK,5,1992,2021,0,0.1,0.1,,5,FALSE,TRUE,FALSE,FALSE,Citerne (operateur inconnu),
Benin,BJ,TNK,4,2001,2017,0.1,0.2,0.1,,4,FALSE,TRUE,FALSE,FALSE,Citerne (operateur inconnu),
Nepal,NP,TNK,4,2006,2022,0,0.1,0.1,,4,FALSE,TRUE,FALSE,FALSE,Citerne (operateur inconnu),
Bangladesh,BD,TNK,4,2011,2022,0,0.1,0.1,,4,FALSE,TRUE,FALSE,FALSE,Citerne (operateur inconnu),
Zimbabwe,ZW,TNK,3,2005,2015,0.1,0.2,0.1,,3,FALSE,FALSE,FALSE,FALSE,Citerne (operateur inconnu),
Sierra Leone,SL,TNK,3,2008,2019,0,0.1,0.1,,3,FALSE,FALSE,FALSE,FALSE,Citerne (operateur inconnu),
Burundi,BU,BOT,2,2010,2016,0,0.1,0.1,,2,FALSE,FALSE,FALSE,FALSE,Eau en bouteille,
Cameroon,CM,TNK,2,2011,2018,0,0.1,0.1,,2,FALSE,FALSE,FALSE,FALSE,Citerne (operateur inconnu),
Gabon,GA,TNK,2,2012,2019,0.1,0.2,0.1,,2,FALSE,FALSE,FALSE,FALSE,Citerne (operateur inconnu),
Zimbabwe,ZW,CER,3,2005,2015,0.2,0.3,0.1,,3,FALSE,FALSE,FALSE,FALSE,Filtre ceramique/sable,
Senegal,SN,CER,9,2010,2023,1.2,1.2,0,,9,FALSE,TRUE,FALSE,FALSE,Filtre ceramique/sable,
Malawi,MW,TNK,5,2000,2024,0,0,0,,5,FALSE,TRUE,FALSE,FALSE,Citerne (operateur inconnu),
Benin,BJ,BOT,4,2001,2017,0,0,0,,4,FALSE,TRUE,FALSE,FALSE,Eau en bouteille,
Zambia,ZM,CER,4,2007,2024,0.1,0.1,0,,4,FALSE,TRUE,FALSE,FALSE,Filtre ceramique/sable,
Niger,NI,BOT,3,1992,2012,0,0,0,,3,FALSE,FALSE,FALSE,FALSE,Eau en bouteille,
Cote d'Ivoire,CI,TNK,3,1994,2021,0.1,0.1,0,,3,FALSE,FALSE,FALSE,FALSE,Citerne (operateur inconnu),
Lesotho,LS,BOT,3,2009,2023,0,0,0,,3,FALSE,FALSE,FALSE,FALSE,Eau en bouteille,
Tajikistan,TJ,BOT,3,2012,2023,0,0,0,,3,FALSE,FALSE,FALSE,FALSE,Eau en bouteille,
Chad,TD,TNK,2,1997,2014,0,0,0,,2,FALSE,FALSE,FALSE,FALSE,Citerne (operateur inconnu),
Togo,TG,TNK,2,1998,2013,0,0,0,,2,FALSE,FALSE,FALSE,FALSE,Citerne (operateur inconnu),
Burundi,BU,TNK,2,2010,2016,0,0,0,,2,FALSE,FALSE,FALSE,FALSE,Citerne (operateur inconnu),
Mozambique,MZ,CER,2,2011,2022,0.1,0.1,0,,2,FALSE,FALSE,FALSE,FALSE,Filtre ceramique/sable,
Congo Democratic Republic,CD,CER,2,2013,2023,0.1,0.1,0,,2,FALSE,FALSE,FALSE,FALSE,Filtre ceramique/sable,
Eritrea,ER,BOT,1,1995,1995,0,0,0,,1,FALSE,FALSE,FALSE,FALSE,Eau en bouteille,
Eritrea,ER,VND,1,1995,1995,0.6,0.6,0,,1,FALSE,FALSE,FALSE,FALSE,Vendeur,
Brazil,BR,BOT,1,1996,1996,3.3,3.3,0,,1,FALSE,FALSE,FALSE,FALSE,Eau en bouteille,
Uzbekistan,UZ,BOT,1,1996,1996,0.3,0.3,0,,1,FALSE,FALSE,FALSE,FALSE,Eau en bouteille,
Uzbekistan,UZ,TNK,1,1996,1996,2.3,2.3,0,,1,FALSE,FALSE,FALSE,FALSE,Citerne (operateur inconnu),
Vietnam,VN,BOT,1,1997,1997,0,0,0,,1,FALSE,FALSE,FALSE,FALSE,Eau en bouteille,
Cameroon,CM,VND,1,1998,1998,1.3,1.3,0,,1,FALSE,FALSE,FALSE,FALSE,Vendeur,
Nicaragua,NC,VND,1,1998,1998,0.8,0.8,0,,1,FALSE,FALSE,FALSE,FALSE,Vendeur,
Burkina Faso,BF,VND,1,1999,1999,1.1,1.1,0,,1,FALSE,FALSE,FALSE,FALSE,Vendeur,
Kazakhstan,KK,BOT,1,1999,1999,0.1,0.1,0,,1,FALSE,FALSE,FALSE,FALSE,Eau en bouteille,
Egypt,EG,VND,1,2000,2000,0.9,0.9,0,,1,FALSE,FALSE,FALSE,FALSE,Vendeur,
Turkmenistan,TM,BOT,1,2000,2000,0,0,0,,1,FALSE,FALSE,FALSE,FALSE,Eau en bouteille,
Turkmenistan,TM,TNK,1,2000,2000,4,4,0,,1,FALSE,FALSE,FALSE,FALSE,Citerne (operateur inconnu),
Bolivia,BO,TUB,1,2003,2003,2.4,2.4,0,,1,FALSE,FALSE,FALSE,FALSE,Forage (propriete inconnue),
Nigeria,NG,VND,1,2003,2003,2.2,2.2,0,,1,FALSE,FALSE,FALSE,FALSE,Vendeur,
Tanzania,TZ,VND,1,2004,2004,1.2,1.2,0,,1,FALSE,FALSE,FALSE,FALSE,Vendeur,
Congo,CG,TNK,1,2005,2005,0.7,0.7,0,,1,FALSE,FALSE,FALSE,FALSE,Citerne (operateur inconnu),
Moldova,MB,BOT,1,2005,2005,2.5,2.5,0,,1,FALSE,FALSE,FALSE,FALSE,Eau en bouteille,
Moldova,MB,TNK,1,2005,2005,0.3,0.3,0,,1,FALSE,FALSE,FALSE,FALSE,Citerne (operateur inconnu),
Moldova,MB,TUB,1,2005,2005,1.3,1.3,0,,1,FALSE,FALSE,FALSE,FALSE,Forage (propriete inconnue),
Azerbaijan,AZ,BOT,1,2006,2006,0.1,0.1,0,,1,FALSE,FALSE,FALSE,FALSE,Eau en bouteille,
Azerbaijan,AZ,CER,1,2006,2006,1.4,1.4,0,,1,FALSE,FALSE,FALSE,FALSE,Filtre ceramique/sable,
Azerbaijan,AZ,TNK,1,2006,2006,9.5,9.5,0,,1,FALSE,FALSE,FALSE,FALSE,Citerne (operateur inconnu),
Azerbaijan,AZ,TUB,1,2006,2006,9.3,9.3,0,,1,FALSE,FALSE,FALSE,FALSE,Forage (propriete inconnue),
Eswatini,SZ,BOT,1,2006,2006,0.1,0.1,0,,1,FALSE,FALSE,FALSE,FALSE,Eau en bouteille,
Eswatini,SZ,CER,1,2006,2006,0.5,0.5,0,,1,FALSE,FALSE,FALSE,FALSE,Filtre ceramique/sable,
Eswatini,SZ,TNK,1,2006,2006,1.6,1.6,0,,1,FALSE,FALSE,FALSE,FALSE,Citerne (operateur inconnu),
Eswatini,SZ,TUB,1,2006,2006,6.9,6.9,0,,1,FALSE,FALSE,FALSE,FALSE,Forage (propriete inconnue),
Haiti,HT,TUB,1,2006,2006,6.5,6.5,0,,1,FALSE,FALSE,FALSE,FALSE,Forage (propriete inconnue),
Ukraine,UA,BOT,1,2007,2007,4.1,4.1,0,,1,FALSE,FALSE,FALSE,FALSE,Eau en bouteille,
Ukraine,UA,TNK,1,2007,2007,0.6,0.6,0,,1,FALSE,FALSE,FALSE,FALSE,Citerne (operateur inconnu),
Ukraine,UA,TUB,1,2007,2007,4,4,0,,1,FALSE,FALSE,FALSE,FALSE,Forage (propriete inconnue),
Bolivia,BO,CER,1,2008,2008,0.1,0.1,0,,1,FALSE,FALSE,FALSE,FALSE,Filtre ceramique/sable,
Sao Tome and Principe,ST,BOT,1,2008,2008,0.1,0.1,0,,1,FALSE,FALSE,FALSE,FALSE,Eau en bouteille,
Sao Tome and Principe,ST,CER,1,2008,2008,0.2,0.2,0,,1,FALSE,FALSE,FALSE,FALSE,Filtre ceramique/sable,
Sao Tome and Principe,ST,TUB,1,2008,2008,0.3,0.3,0,,1,FALSE,FALSE,FALSE,FALSE,Forage (propriete inconnue),
Guyana,GY,CER,1,2009,2009,0.7,0.7,0,,1,FALSE,FALSE,FALSE,FALSE,Filtre ceramique/sable,
Guyana,GY,TNK,1,2009,2009,0.1,0.1,0,,1,FALSE,FALSE,FALSE,FALSE,Citerne (operateur inconnu),
Guyana,GY,TUB,1,2009,2009,0,0,0,,1,FALSE,FALSE,FALSE,FALSE,Forage (propriete inconnue),
Congo,CG,CER,1,2011,2011,0.4,0.4,0,,1,FALSE,FALSE,FALSE,FALSE,Filtre ceramique/sable,
Congo,CG,TUB,1,2011,2011,9.9,9.9,0,,1,FALSE,FALSE,FALSE,FALSE,Forage (propriete inconnue),
Comoros,KM,BOT,1,2012,2012,0.5,0.5,0,,1,FALSE,FALSE,FALSE,FALSE,Eau en bouteille,
Comoros,KM,CER,1,2012,2012,0.1,0.1,0,,1,FALSE,FALSE,FALSE,FALSE,Filtre ceramique/sable,
Comoros,KM,TNK,1,2012,2012,2.9,2.9,0,,1,FALSE,FALSE,FALSE,FALSE,Citerne (operateur inconnu),
Comoros,KM,TUB,1,2012,2012,0.4,0.4,0,,1,FALSE,FALSE,FALSE,FALSE,Forage (propriete inconnue),
Kyrgyz Republic,KY,BOT,1,2012,2012,0,0,0,,1,FALSE,FALSE,FALSE,FALSE,Eau en bouteille,
Kyrgyz Republic,KY,CER,1,2012,2012,1,1,0,,1,FALSE,FALSE,FALSE,FALSE,Filtre ceramique/sable,
Kyrgyz Republic,KY,TUB,1,2012,2012,1.9,1.9,0,,1,FALSE,FALSE,FALSE,FALSE,Forage (propriete inconnue),
Niger,NI,VND,1,2012,2012,0.1,0.1,0,,1,FALSE,FALSE,FALSE,FALSE,Vendeur,
Togo,TG,CER,1,2013,2013,0.3,0.3,0,,1,FALSE,FALSE,FALSE,FALSE,Filtre ceramique/sable,
Togo,TG,SCH,1,2013,2013,3.6,3.6,0,,1,FALSE,FALSE,FALSE,FALSE,Eau en sachet,
Turkey,TR,TUB,1,2013,2013,2.2,2.2,0,,1,FALSE,FALSE,FALSE,FALSE,Forage (propriete inconnue),
Yemen,YE,CER,1,2013,2013,4.3,4.3,0,,1,FALSE,FALSE,FALSE,FALSE,Filtre ceramique/sable,
Chad,TD,BOT,1,2014,2014,0.1,0.1,0,,1,FALSE,FALSE,FALSE,FALSE,Eau en bouteille,
Chad,TD,CER,1,2014,2014,0.2,0.2,0,,1,FALSE,FALSE,FALSE,FALSE,Filtre ceramique/sable,
Afghanistan,AF,BOT,1,2015,2015,0.2,0.2,0,,1,FALSE,FALSE,FALSE,FALSE,Eau en bouteille,
Afghanistan,AF,CER,1,2015,2015,0.8,0.8,0,,1,FALSE,FALSE,FALSE,FALSE,Filtre ceramique/sable,
Afghanistan,AF,TNK,1,2015,2015,1.5,1.5,0,,1,FALSE,FALSE,FALSE,FALSE,Citerne (operateur inconnu),
Guatemala,GU,CER,1,2015,2015,4.2,4.2,0,,1,FALSE,FALSE,FALSE,FALSE,Filtre ceramique/sable,
Myanmar,MM,CER,1,2016,2016,8.7,8.7,0,,1,FALSE,FALSE,FALSE,FALSE,Filtre ceramique/sable,
Myanmar,MM,TNK,1,2016,2016,1.4,1.4,0,,1,FALSE,FALSE,FALSE,FALSE,Citerne (operateur inconnu),
South Africa,ZA,CER,1,2016,2016,1.4,1.4,0,,1,FALSE,FALSE,FALSE,FALSE,Filtre ceramique/sable,
Uganda,UG,SCH,1,2016,2016,0.2,0.2,0,,1,FALSE,FALSE,FALSE,FALSE,Eau en sachet,
Benin,BJ,SCH,1,2017,2017,0.2,0.2,0,,1,FALSE,FALSE,FALSE,FALSE,Eau en sachet,
Papua New Guinea,PG,BOT,1,2017,2017,0,0,0,,1,FALSE,FALSE,FALSE,FALSE,Eau en bouteille,
Papua New Guinea,PG,CER,1,2017,2017,0.2,0.2,0,,1,FALSE,FALSE,FALSE,FALSE,Filtre ceramique/sable,
Papua New Guinea,PG,TNK,1,2017,2017,0.3,0.3,0,,1,FALSE,FALSE,FALSE,FALSE,Citerne (operateur inconnu),
Papua New Guinea,PG,TUB,1,2017,2017,1.4,1.4,0,,1,FALSE,FALSE,FALSE,FALSE,Forage (propriete inconnue),
Cameroon,CM,SCH,1,2018,2018,0.3,0.3,0,,1,FALSE,FALSE,FALSE,FALSE,Eau en sachet,
Gabon,GA,SCH,1,2019,2019,0.1,0.1,0,,1,FALSE,FALSE,FALSE,FALSE,Eau en sachet,
Gabon,GA,TUB,1,2019,2019,1.7,1.7,0,,1,FALSE,FALSE,FALSE,FALSE,Forage (propriete inconnue),
Sierra Leone,SL,SCH,1,2019,2019,6.6,6.6,0,,1,FALSE,FALSE,FALSE,FALSE,Eau en sachet,
Mauritania,MR,BOT,1,2020,2020,0.3,0.3,0,,1,FALSE,FALSE,FALSE,FALSE,Eau en bouteille,
Mauritania,MR,CER,1,2020,2020,0.9,0.9,0,,1,FALSE,FALSE,FALSE,FALSE,Filtre ceramique/sable,
Mauritania,MR,TUB,1,2020,2020,2.7,2.7,0,,1,FALSE,FALSE,FALSE,FALSE,Forage (propriete inconnue),
Burkina Faso,BF,SCH,1,2021,2021,1.1,1.1,0,,1,FALSE,FALSE,FALSE,FALSE,Eau en sachet,
Cote d'Ivoire,CI,SCH,1,2021,2021,1.1,1.1,0,,1,FALSE,FALSE,FALSE,FALSE,Eau en sachet,
Tanzania,TZ,SCH,1,2022,2022,0.1,0.1,0,,1,FALSE,FALSE,FALSE,FALSE,Eau en sachet,
Congo Democratic Republic,CD,SCH,1,2023,2023,0.1,0.1,0,,1,FALSE,FALSE,FALSE,FALSE,Eau en sachet,
Senegal,SN,SCH,1,2023,2023,0.4,0.4,0,,1,FALSE,FALSE,FALSE,FALSE,Eau en sachet,
Zambia,ZM,SCH,1,2024,2024,0.6,0.6,0,,1,FALSE,FALSE,FALSE,FALSE,Eau en sachet,
Zambia,ZM,VND,1,2024,2024,0.6,0.6,0,,1,FALSE,FALSE,FALSE,FALSE,Vendeur,
Guatemala,GU,TUB,1,1995,1995,12.8,12.8,0,1995,0,FALSE,FALSE,FALSE,FALSE,Forage (propriete inconnue),
Guyana,GY,BOT,1,2009,2009,32.2,32.2,0,2009,0,FALSE,FALSE,FALSE,FALSE,Eau en bouteille,
Chad,TD,TUB,1,2014,2014,31.4,31.4,0,2014,0,FALSE,FALSE,FALSE,FALSE,Forage (propriete inconnue),
Afghanistan,AF,TUB,1,2015,2015,20.1,20.1,0,2015,0,FALSE,FALSE,FALSE,FALSE,Forage (propriete inconnue),
Myanmar,MM,BOT,1,2016,2016,15.5,15.5,0,2016,0,FALSE,FALSE,FALSE,FALSE,Eau en bouteille,
Myanmar,MM,TUB,1,2016,2016,28.1,28.1,0,2016,0,FALSE,FALSE,FALSE,FALSE,Forage (propriete inconnue),
Liberia,LB,SCH,1,2019,2019,16.7,16.7,0,2019,0,FALSE,FALSE,FALSE,FALSE,Eau en sachet,
Colombia,CO,TNK,6,1990,2015,0.7,0.6,-0.1,,6,FALSE,TRUE,FALSE,FALSE,Citerne (operateur inconnu),
Sierra Leone,SL,BOT,3,2008,2019,0.3,0.2,-0.1,,3,FALSE,FALSE,FALSE,FALSE,Eau en bouteille,
Morocco,MA,TNK,2,1992,2003,1,0.9,-0.1,,2,FALSE,FALSE,FALSE,FALSE,Citerne (operateur inconnu),
Guinea,GN,CER,2,2012,2018,0.3,0.2,-0.1,,2,FALSE,FALSE,FALSE,FALSE,Filtre ceramique/sable,
Zambia,ZM,TNK,6,1992,2024,0.1,0,-0.1,,6,FALSE,TRUE,FALSE,FALSE,Citerne (operateur inconnu),
Armenia,AM,BOT,3,2005,2016,0.1,0,-0.1,,3,FALSE,FALSE,FALSE,FALSE,Eau en bouteille,
Benin,BJ,CER,3,2006,2017,0.2,0.1,-0.1,,3,FALSE,FALSE,FALSE,FALSE,Filtre ceramique/sable,
Vietnam,VN,TNK,2,1997,2002,0.2,0,-0.2,,2,FALSE,FALSE,FALSE,FALSE,Citerne (operateur inconnu),
Armenia,AM,TUB,2,2010,2016,0.4,0.2,-0.2,,2,FALSE,FALSE,FALSE,FALSE,Forage (propriete inconnue),
Philippines,PH,BOT,6,1998,2022,0.8,0.6,-0.2,2008,2,FALSE,TRUE,TRUE,FALSE,Eau en bouteille,
South Africa,ZA,TUB,2,1998,2016,3,2.8,-0.2,,2,FALSE,FALSE,FALSE,FALSE,Forage (propriete inconnue),
Haiti,HT,TNK,5,1994,2016,1.2,0.9,-0.3,,5,FALSE,TRUE,FALSE,FALSE,Citerne (operateur inconnu),
Pakistan,PK,CER,3,2006,2017,1.3,1,-0.3,,3,FALSE,FALSE,FALSE,FALSE,Filtre ceramique/sable,
Guinea,GN,TNK,2,1999,2018,0.4,0.1,-0.3,,2,FALSE,FALSE,FALSE,FALSE,Citerne (operateur inconnu),
Namibia,NM,TNK,4,1992,2013,0.6,0.2,-0.4,,4,FALSE,TRUE,FALSE,FALSE,Citerne (operateur inconnu),
Rwanda,RW,TNK,7,1992,2025,0.4,0,-0.4,,7,FALSE,TRUE,FALSE,FALSE,Citerne (operateur inconnu),
Namibia,NM,CER,2,2006,2013,1.3,0.9,-0.4,,2,FALSE,FALSE,FALSE,FALSE,Filtre ceramique/sable,
Philippines,PH,CER,4,2008,2022,2.9,2.4,-0.5,,4,FALSE,TRUE,FALSE,FALSE,Filtre ceramique/sable,
Ghana,GH,CER,3,2008,2022,0.9,0.4,-0.5,,3,FALSE,FALSE,FALSE,FALSE,Filtre ceramique/sable,
Honduras,HN,TUB,2,2005,2011,2.2,1.7,-0.5,,2,FALSE,FALSE,FALSE,FALSE,Forage (propriete inconnue),
Armenia,AM,CER,2,2010,2016,1.6,1,-0.6,,2,FALSE,FALSE,FALSE,FALSE,Filtre ceramique/sable,
Dominican Republic,DR,TNK,6,1991,2013,1.1,0.4,-0.7,,6,FALSE,TRUE,FALSE,FALSE,Citerne (operateur inconnu),
Ghana,GH,TNK,6,1993,2022,0.9,0.1,-0.8,,6,FALSE,TRUE,FALSE,FALSE,Citerne (operateur inconnu),
Bolivia,BO,TNK,4,1994,2008,2.5,1.7,-0.8,,4,FALSE,TRUE,FALSE,FALSE,Citerne (operateur inconnu),
Dominican Republic,DR,TUB,2,2007,2013,1.9,1,-0.9,,2,FALSE,FALSE,FALSE,FALSE,Forage (propriete inconnue),
Turkey,TR,TNK,4,1993,2013,1.1,0.1,-1,,4,FALSE,TRUE,FALSE,FALSE,Citerne (operateur inconnu),
Guatemala,GU,TNK,3,1995,2015,1.1,0.1,-1,,3,FALSE,FALSE,FALSE,FALSE,Citerne (operateur inconnu),
Honduras,HN,TNK,2,2005,2011,1.3,0.3,-1,,2,FALSE,FALSE,FALSE,FALSE,Citerne (operateur inconnu),
Madagascar,MD,BOT,3,1992,2021,1.2,0.1,-1.1,,3,FALSE,FALSE,FALSE,FALSE,Eau en bouteille,
Timor-Leste,TL,TUB,2,2009,2016,4.9,3.8,-1.1,,2,FALSE,FALSE,FALSE,FALSE,Forage (propriete inconnue),
Kenya,KE,TUB,4,1993,2022,8.9,7.6,-1.3,,4,FALSE,TRUE,FALSE,FALSE,Forage (propriete inconnue),
Liberia,LB,TNK,3,2007,2019,1.6,0.1,-1.5,,3,FALSE,FALSE,FALSE,FALSE,Citerne (operateur inconnu),
Burkina Faso,BF,TNK,3,1993,2021,1.7,0,-1.7,,3,FALSE,FALSE,FALSE,FALSE,Citerne (operateur inconnu),
Jordan,JO,TNK,7,1997,2023,2.7,1,-1.7,,7,FALSE,TRUE,FALSE,FALSE,Citerne (operateur inconnu),
Philippines,PH,TNK,6,1998,2022,2.1,0.4,-1.7,,6,FALSE,TRUE,FALSE,FALSE,Citerne (operateur inconnu),
Indonesia,ID,TNK,4,2003,2017,2.3,0.4,-1.9,,4,FALSE,TRUE,FALSE,FALSE,Citerne (operateur inconnu),
Mali,ML,CER,4,2006,2023,2.5,0.4,-2.1,,4,FALSE,TRUE,FALSE,FALSE,Filtre ceramique/sable,
Cambodia,KH,TNK,4,2000,2021,3.3,1.1,-2.2,,4,FALSE,TRUE,FALSE,FALSE,Citerne (operateur inconnu),
Senegal,SN,TUB,11,1993,2023,5.2,2.7,-2.5,,11,FALSE,TRUE,FALSE,FALSE,Forage (propriete inconnue),
Angola,AO,TNK,2,2015,2023,9.7,7.1,-2.6,,2,FALSE,FALSE,FALSE,FALSE,Citerne (operateur inconnu),
Nigeria,NG,TNK,5,2003,2024,3.3,0.6,-2.7,,5,FALSE,TRUE,FALSE,FALSE,Citerne (operateur inconnu),
Indonesia,ID,CER,3,2007,2017,4.2,1.5,-2.7,,3,FALSE,FALSE,FALSE,FALSE,Filtre ceramique/sable,
Bangladesh,BD,TUB,9,1994,2022,87.7,85,-2.7,1994,0,FALSE,TRUE,FALSE,FALSE,Forage (propriete inconnue),
Egypt,EG,TUB,3,2005,2014,3.5,0.5,-3,,3,FALSE,FALSE,FALSE,FALSE,Forage (propriete inconnue),
Albania,AL,TUB,2,2008,2017,4.4,1.4,-3,,2,FALSE,FALSE,FALSE,FALSE,Forage (propriete inconnue),
Chad,TD,VND,2,1997,2004,7.7,4.6,-3.1,,2,FALSE,FALSE,FALSE,FALSE,Vendeur,
Tajikistan,TJ,TNK,3,2012,2023,4,0.2,-3.8,,3,FALSE,FALSE,FALSE,FALSE,Citerne (operateur inconnu),
Lesotho,LS,TUB,3,2009,2023,8,2.8,-5.2,,3,FALSE,FALSE,FALSE,FALSE,Forage (propriete inconnue),
Tanzania,TZ,TUB,5,1999,2022,9.2,3.9,-5.3,,5,FALSE,TRUE,FALSE,FALSE,Forage (propriete inconnue),
Niger,NI,TNK,2,1992,2012,5.3,0,-5.3,,2,FALSE,FALSE,FALSE,FALSE,Citerne (operateur inconnu),
Yemen,YE,TUB,2,1991,2013,19.9,13.9,-6,1991,0,FALSE,FALSE,FALSE,FALSE,Forage (propriete inconnue),
Philippines,PH,TUB,4,2008,2022,21.7,7.2,-14.5,2008,0,FALSE,TRUE,FALSE,FALSE,Forage (propriete inconnue),
