dimension,code,n_ghana_2008,n_ghana_2022,part_ghana_2008,part_ghana_2022,part_ponderee_ghana_2008,part_ponderee_ghana_2022,libelle
instruction_chef,0,55,434,0.0574712643678161,0.0809701492537313,0.0571420319930675,0.0748886617550118,"no education, preschool"
instruction_chef,1,70,466,0.0731452455590387,0.0869402985074627,0.0718215041908592,0.0880983977200937,primary
instruction_chef,2,612,3153,0.639498432601881,0.588246268656716,0.64650975217561,0.617924263679346,secondary
instruction_chef,3,219,1297,0.22884012539185,0.241977611940299,0.22268355328953,0.216797929363807,higher
instruction_chef,8,1,10,0.00104493207941484,0.00186567164179104,0.00184315835093385,0.00229074748174234,don't know
milieu,1,831,4140,0.868338557993731,0.772388059701493,0.871872905434281,0.823548719876812,urban
milieu,2,126,1220,0.13166144200627,0.227611940298507,0.128127094565719,0.176451280123188,rural
richesse,1,1,43,0.00104493207941484,0.00802238805970149,0.000494031330757556,0.00783339611598737,poorest
richesse,2,7,220,0.00731452455590387,0.041044776119403,0.00414732438767519,0.0350157598288231,poorer
richesse,3,71,894,0.0741901776384535,0.166791044776119,0.0712057769013698,0.148890986570589,middle
richesse,4,262,1991,0.273772204806688,0.371455223880597,0.271166899928321,0.367624001114069,richer
richesse,5,616,2212,0.64367816091954,0.412686567164179,0.652985967451876,0.440635856370532,richest
