enquete,variable,code,n,libelle,part
ghana_2003,hv201,11,336,piped into dwelling,0.0537513997760358
ghana_2003,hv201,12,591,piped into compound/plot,0.0945448728203488
ghana_2003,hv201,13,1258,public tap,0.201247800351944
ghana_2003,hv201,21,39,open well in dwelling,0.00623900175971845
ghana_2003,hv201,22,81,open well in yard/plot,0.0129579267317229
ghana_2003,hv201,23,633,open public well,0.101263797792353
ghana_2003,hv201,31,37,protected well in dwelling,0.00591905295152776
ghana_2003,hv201,32,85,protected well in yard/plot,0.0135978243481043
ghana_2003,hv201,33,1795,protected public well,0.287154055351144
ghana_2003,hv201,41,50,spring,0.00799872020476724
ghana_2003,hv201,42,909,"river, stream",0.145416733322668
ghana_2003,hv201,43,112,"pond, lake",0.0179171332586786
ghana_2003,hv201,44,149,dam,0.0238361862102064
ghana_2003,hv201,51,16,rainwater,0.00255959046552552
ghana_2003,hv201,61,63,tanker truck,0.0100783874580067
ghana_2003,hv201,71,1,bottled water,0.000159974404095345
ghana_2003,hv201,81,81,satchel water,0.0129579267317229
ghana_2003,hv201,96,8,other,0.00127979523276276
ghana_2003,hv201,99,7,(sans etiquette),0.00111982082866741
ghana_2003,hv202,,,(variable absente du fichier),
ghana_2008,hv201,11,687,piped into dwelling,0.0583290881304126
ghana_2008,hv201,12,868,piped to yard/plot,0.0736967227033452
ghana_2008,hv201,13,3179,public tap/standpipe,0.269910001698081
ghana_2008,hv201,21,3781,tube well or borehole,0.321022244863304
ghana_2008,hv201,31,558,protected well,0.0473764645950076
ghana_2008,hv201,32,271,unprotected well,0.0230089998301919
ghana_2008,hv201,41,8,protected spring,0.000679232467311938
ghana_2008,hv201,42,77,unprotected spring,0.0065376124978774
ghana_2008,hv201,43,1256,river/dam/lake/ponds/stream/canal/irrigation channel,0.106639497367974
ghana_2008,hv201,51,56,rainwater,0.00475462727118356
ghana_2008,hv201,61,62,tanker truck,0.00526405162166752
ghana_2008,hv201,62,16,cart with small tank,0.00135846493462388
ghana_2008,hv201,71,43,bottled water,0.00365087451180166
ghana_2008,hv201,72,914,sachet water,0.0776023093903889
ghana_2008,hv201,96,1,other,8.49040584139922e-05
ghana_2008,hv201,99,1,(sans etiquette),8.49040584139922e-05
ghana_2008,hv202,11,844,piped into dwelling,0.0716590253014094
ghana_2008,hv202,12,1140,piped to yard/plot,0.0967906265919511
ghana_2008,hv202,13,3427,public tap/standpipe,0.290966208184751
ghana_2008,hv202,21,3848,tube well or borehole,0.326710816777042
ghana_2008,hv202,31,664,protected well,0.0563762947868908
ghana_2008,hv202,32,305,unprotected well,0.0258957378162676
ghana_2008,hv202,41,8,protected spring,0.000679232467311938
ghana_2008,hv202,42,77,unprotected spring,0.0065376124978774
ghana_2008,hv202,43,1280,river/dam/lake/ponds/stream/canal/irrigation channel,0.10867719476991
ghana_2008,hv202,51,61,rainwater,0.00517914756325352
ghana_2008,hv202,61,101,tanker truck,0.00857530989981321
ghana_2008,hv202,62,16,cart with small tank,0.00135846493462388
ghana_2008,hv202,72,4,sachet water,0.000339616233655969
ghana_2008,hv202,96,1,other,8.49040584139922e-05
ghana_2008,hv202,99,2,(sans etiquette),0.000169808116827984
indonesia_2003,hv201,11,5015,piped into dwelling,0.151565522243714
indonesia_2003,hv201,12,879,piped into yard/plot,0.0265655222437137
indonesia_2003,hv201,13,946,public tap,0.0285904255319149
indonesia_2003,hv201,21,1462,open well in dwelling,0.0441852030947776
indonesia_2003,hv201,22,3558,open well in yard/plot,0.107531431334623
indonesia_2003,hv201,23,1300,open public well,0.03928916827853
indonesia_2003,hv201,31,4591,protected well in dwelling,0.138751208897486
indonesia_2003,hv201,32,4514,protected well in yard/plot,0.136424081237911
indonesia_2003,hv201,33,2692,protected public well,0.0813588007736944
indonesia_2003,hv201,41,3151,spring,0.0952308994197292
indonesia_2003,hv201,42,1678,"river, stream",0.050713249516441
indonesia_2003,hv201,43,27,"pond, lake",0.00081600580270793
indonesia_2003,hv201,44,7,dam,0.000211557059961315
indonesia_2003,hv201,51,1383,rainwater,0.0417976305609284
indonesia_2003,hv201,61,665,tanker truck,0.020097920696325
indonesia_2003,hv201,71,985,bottled water,0.0297691005802708
indonesia_2003,hv201,96,226,other,0.00683027079303675
indonesia_2003,hv201,99,9,(sans etiquette),0.000272001934235977
indonesia_2003,hv202,,,(variable absente du fichier),
indonesia_2017,hv201,11,4060,piped into dwelling,0.0846485832829473
indonesia_2017,hv201,12,642,piped to yard/plot,0.0133853178491754
indonesia_2017,hv201,13,389,piped to neighbor,0.00811041844755332
indonesia_2017,hv201,14,232,public tap/standpipe,0.0048370619018827
indonesia_2017,hv201,21,6243,tube well or borehole,0.130162833851094
indonesia_2017,hv201,31,7655,protected well,0.15960219335738
indonesia_2017,hv201,32,2514,unprotected well,0.0524154035402289
indonesia_2017,hv201,41,4445,protected spring,0.0926756041115026
indonesia_2017,hv201,42,1331,unprotected spring,0.0277505577215771
indonesia_2017,hv201,43,1104,river/dam/lake/ponds/stream/canal/irrigation channel,0.0230177428434418
indonesia_2017,hv201,51,1347,rainwater,0.028084148197569
indonesia_2017,hv201,61,276,tanker truck,0.00575443571086046
indonesia_2017,hv201,62,310,cart with small tank,0.00646331547234326
indonesia_2017,hv201,71,4568,bottled water,0.0952400808956904
indonesia_2017,hv201,72,12838,refilled water,0.267664658174009
indonesia_2017,hv201,96,6,other,0.000125096428496966
indonesia_2017,hv201,,3,(NA systeme),6.25482142484832e-05
indonesia_2017,hv202,11,4603,piped into dwelling,0.0959698100619227
indonesia_2017,hv202,12,547,piped to yard/plot,0.0114046243979734
indonesia_2017,hv202,13,172,piped to neighbor,0.00358609761691304
indonesia_2017,hv202,14,115,public tap/standpipe,0.00239768154619186
indonesia_2017,hv202,21,6090,tube well or borehole,0.126972874924421
indonesia_2017,hv202,31,3302,protected well,0.0688447344828305
indonesia_2017,hv202,32,936,unprotected well,0.0195150428455268
indonesia_2017,hv202,41,441,protected spring,0.00919458749452703
indonesia_2017,hv202,42,101,unprotected spring,0.00210578987969893
indonesia_2017,hv202,43,349,river/dam/lake/ponds/stream/canal/irrigation channel,0.00727644225757355
indonesia_2017,hv202,51,283,rainwater,0.00590038154410692
indonesia_2017,hv202,61,143,tanker truck,0.0029814648791777
indonesia_2017,hv202,62,96,cart with small tank,0.00200154285595146
indonesia_2017,hv202,71,23,bottled water,0.000479536309238371
indonesia_2017,hv202,72,183,refilled water,0.00381544106915748
indonesia_2017,hv202,96,3,other,6.25482142484832e-05
indonesia_2017,hv202,,30576,(NA systeme),0.637491399620541
ghana_1993,hv201,11,851,piped into residence,0.146169701133631
ghana_1993,hv201,12,1211,public tap,0.208004122294744
ghana_1993,hv201,21,95,well in residence,0.0163174166952937
ghana_1993,hv201,22,624,public well,0.107179663345929
ghana_1993,hv201,23,1071,borehole,0.183957402954311
ghana_1993,hv201,31,43,spring,0.00738577808313294
ghana_1993,hv201,32,1488,"river,stream",0.255582274132601
ghana_1993,hv201,33,110,"pond,lake",0.0188938509103401
ghana_1993,hv201,34,151,dam,0.0259361044314669
ghana_1993,hv201,35,78,dugout,0.0133974579182412
ghana_1993,hv201,41,48,rainwater,0.0082445894881484
ghana_1993,hv201,51,52,tanker truck,0.00893163861216077
ghana_1993,hv202,11,840,piped into residence,0.144280316042597
ghana_1993,hv202,12,1078,public tap,0.185159738921333
ghana_1993,hv202,21,144,well in residence,0.0247337684644452
ghana_1993,hv202,22,716,public well,0.122981793198214
ghana_1993,hv202,23,940,borehole,0.161456544142906
ghana_1993,hv202,31,42,spring,0.00721401580212985
ghana_1993,hv202,32,1591,"river,stream",0.273273789075919
ghana_1993,hv202,33,122,"pond,lake",0.0209549982823772
ghana_1993,hv202,34,203,dam,0.0348677430436276
ghana_1993,hv202,35,87,dugout,0.014943318447269
ghana_1993,hv202,41,22,rainwater,0.00377877018206802
ghana_1993,hv202,51,37,tanker truck,0.00635520439711439
ghana_1998,hv201,11,941,piped into residence,0.156754955855406
ghana_1998,hv201,12,1254,public tap/neighbours house,0.208895552223888
ghana_1998,hv201,21,93,well in residence,0.0154922538730635
ghana_1998,hv201,22,691,public well,0.115109112110611
ghana_1998,hv201,23,1431,borehole,0.238380809595202
ghana_1998,hv201,31,55,spring water,0.00916208562385474
ghana_1998,hv201,32,1007,river/stream,0.167749458604031
ghana_1998,hv201,33,98,pond/lake,0.0163251707479594
ghana_1998,hv201,34,234,dam,0.0389805097451274
ghana_1998,hv201,35,120,dugout,0.0199900049975013
ghana_1998,hv201,41,38,rainwater,0.00633016824920873
ghana_1998,hv201,51,37,tanker truck,0.00616358487422955
ghana_1998,hv201,61,2,bottled water,0.000333166749958354
ghana_1998,hv201,96,1,other,0.000166583374979177
ghana_1998,hv201,,1,(NA systeme),0.000166583374979177
ghana_1998,hv202,11,934,piped into residence,0.155588872230551
ghana_1998,hv202,12,1128,public tap/neighbours house,0.187906046976512
ghana_1998,hv202,21,136,well in residence,0.0226553389971681
ghana_1998,hv202,22,754,public well,0.1256038647343
ghana_1998,hv202,23,1305,borehole,0.217391304347826
ghana_1998,hv202,31,54,spring water,0.00899550224887556
ghana_1998,hv202,32,1090,river/stream,0.181575878727303
ghana_1998,hv202,33,140,pond/lake,0.0233216724970848
ghana_1998,hv202,34,278,dam,0.0463101782442112
ghana_1998,hv202,35,137,dugout,0.0228219223721473
ghana_1998,hv202,41,14,rainwater,0.00233216724970848
ghana_1998,hv202,51,31,tanker truck,0.00516408462435449
ghana_1998,hv202,96,2,other,0.000333166749958354
ghana_2014,hv201,11,451,piped into dwelling,0.0381073088297423
ghana_2014,hv201,12,677,piped to yard/plot,0.0572032108153781
ghana_2014,hv201,13,2530,public tap/standpipe,0.213772708069286
ghana_2014,hv201,21,3392,tube well or borehole,0.286607520067596
ghana_2014,hv201,31,643,protected well,0.0543303760033798
ghana_2014,hv201,32,357,unprotected well,0.0301647655259823
ghana_2014,hv201,41,28,protected spring,0.00236586396282214
ghana_2014,hv201,42,75,unprotected spring,0.00633713561470215
ghana_2014,hv201,43,966,river/dam/lake/ponds/stream/canal/irrigation channel,0.0816223067173638
ghana_2014,hv201,51,74,rainwater,0.00625264047317279
ghana_2014,hv201,61,26,tanker truck,0.00219687367976341
ghana_2014,hv201,62,3,cart with small tank,0.000253485424588086
ghana_2014,hv201,71,66,bottled water,0.0055766793409379
ghana_2014,hv201,72,2545,sachet water,0.215040135192226
ghana_2014,hv201,96,2,other,0.000168990283058724
ghana_2014,hv202,,11835,(NA systeme),1
ghana_2022,hv201,11,459,piped into dwelling,0.0255952712875704
ghana_2022,hv201,12,900,piped to yard/plot,0.0501868064462165
ghana_2022,hv201,13,718,piped to neighbor,0.040037918920426
ghana_2022,hv201,14,2289,public tap/standpipe,0.127641777728211
ghana_2022,hv201,21,4662,tube well or borehole,0.259967657391401
ghana_2022,hv201,31,847,protected well,0.0472313611777171
ghana_2022,hv201,32,537,unprotected well,0.0299447945129092
ghana_2022,hv201,41,33,protected spring,0.00184018290302794
ghana_2022,hv201,42,177,unprotected spring,0.00987007193442257
ghana_2022,hv201,43,1783,river/dam/lake/ponds/stream/canal/irrigation channel,0.0994256398817822
ghana_2022,hv201,51,137,rainwater,0.00763954720347962
ghana_2022,hv201,61,26,tanker truck,0.00144984107511292
ghana_2022,hv201,62,5,cart with small tank,0.000278815591367869
ghana_2022,hv201,71,271,bottled water,0.0151118050521385
ghana_2022,hv201,72,5089,sachet water,0.283778508894217
ghana_2022,hv202,11,811,piped into dwelling,0.0452238889198684
ghana_2022,hv202,12,846,piped to yard/plot,0.0471755980594435
ghana_2022,hv202,13,581,piped to neighbor,0.0323983717169464
ghana_2022,hv202,14,809,public tap/standpipe,0.0451123626833213
ghana_2022,hv202,21,1091,tube well or borehole,0.0608375620364691
ghana_2022,hv202,31,793,protected well,0.0442201527909441
ghana_2022,hv202,32,137,unprotected well,0.00763954720347962
ghana_2022,hv202,41,12,protected spring,0.000669157419282886
ghana_2022,hv202,42,6,unprotected spring,0.000334578709641443
ghana_2022,hv202,43,108,river/dam/lake/ponds/stream/canal/irrigation channel,0.00602241677354598
ghana_2022,hv202,51,52,rainwater,0.00289968215022584
ghana_2022,hv202,61,89,tanker truck,0.00496291752634807
ghana_2022,hv202,62,4,cart with small tank,0.000223052473094295
ghana_2022,hv202,96,19,other,0.0010594992471979
ghana_2022,hv202,,12575,(NA systeme),0.701221212290191
indonesia_2007,hv201,11,5408,piped into dwelling,0.132871428220437
indonesia_2007,hv201,12,1114,piped to yard/plot,0.0273703348812069
indonesia_2007,hv201,13,1096,public tap/standpipe,0.0269280853050294
indonesia_2007,hv201,33,1266,open well - in dwelling,0.0311048868578168
indonesia_2007,hv201,34,3267,open well - in yard/plot,0.0802682980762143
indonesia_2007,hv201,35,1635,open well - public,0.0401710031694553
indonesia_2007,hv201,36,4766,protected well - in dwelling,0.11709786000344
indonesia_2007,hv201,37,5305,protected well - in yard/plot,0.130340777867866
indonesia_2007,hv201,38,3380,protected well - public,0.083044642637773
indonesia_2007,hv201,44,4888,spring,0.120095329353087
indonesia_2007,hv201,45,2112,river/stream,0.0518906169381588
indonesia_2007,hv201,46,44,pond/lake,0.00108105451954497
indonesia_2007,hv201,47,21,dam,0.000515957838873738
indonesia_2007,hv201,51,1647,rainwater,0.0404658362202403
indonesia_2007,hv201,61,674,tanker truck,0.0165597896857571
indonesia_2007,hv201,71,3962,bottled water,0.0973440456008452
indonesia_2007,hv201,96,89,other,0.0021866784599887
indonesia_2007,hv201,99,27,(sans etiquette),0.000663374364266234
indonesia_2007,hv202,11,6692,piped into dwelling,0.164418564654431
indonesia_2007,hv202,12,1239,piped to yard/plot,0.0304415124935505
indonesia_2007,hv202,13,1181,public tap/standpipe,0.0290164860814231
indonesia_2007,hv202,33,1477,open well - in dwelling,0.0362890346674529
indonesia_2007,hv202,34,3477,open well - in yard/plot,0.0854278764649517
indonesia_2007,hv202,35,1715,open well - public,0.0421365568413552
indonesia_2007,hv202,36,5646,protected well - in dwelling,0.138718950394339
indonesia_2007,hv202,37,5757,protected well - in yard/plot,0.1414461561141
indonesia_2007,hv202,38,3635,protected well - public,0.0893098449669541
indonesia_2007,hv202,44,4933,spring,0.121200953293531
indonesia_2007,hv202,45,2161,river/stream,0.0530945185621975
indonesia_2007,hv202,46,45,pond/lake,0.00110562394044372
indonesia_2007,hv202,47,23,dam,0.000565096680671237
indonesia_2007,hv202,51,1700,rainwater,0.041768015527874
indonesia_2007,hv202,61,784,tanker truck,0.0192624259846195
indonesia_2007,hv202,96,144,other,0.00353799660941992
indonesia_2007,hv202,99,92,(sans etiquette),0.00226038672268495
