code80,item80,ans_prix,n_prix,ans_tarif,n_tarif,n_les_deux,n_codes_meme_desc
1101010101,Rice,1987-2002,16,1987-2001,15,15,1
1101010102,Wheat,1987-2002,16,1987-2001,15,15,1
1101010103,Jowar,1987-2002,16,1987-2001,15,15,1
1101010104,Bajra,1987-2002,16,1987-2001,15,15,1
1101010105,Maize,1987-2002,16,1987-2001,15,15,1
1101010106,Barley,1987-2002,16,1987-2001,15,15,1
1101010107,Ragi,1987-2002,16,1987-2001,15,15,1
1101010201,Gram,1987-2002,16,1987-2001,15,15,1
1101010202,Arhar,1987-2002,16,1987-2001,15,15,1
1101010203,Urad,1987-2002,16,1987-2001,15,15,1
1101020101,Potatoes,1987-2002,16,1987-2001,15,15,1
1101020102,Sweet Potatoes,1987-2002,16,1987-2001,15,15,1
1101020103,Onions,1987-2002,16,1987-2001,15,15,1
1101020104,Tapioca,1987-2002,16,1987-2001,15,15,1
1101020105,Ginger (fresh),1987-2002,16,1987-2001,15,15,1
1101020106,Peas Green,1987-2002,16,1987-2001,15,15,1
1101020107,Tomatoes,1987-2002,16,1987-2001,15,15,1
1101020108,Cauliflower,1987-2002,16,1987-2001,15,15,1
1101020201,Banana,1987-2002,16,1987-2001,15,15,1
1101020202,Mangoes,1987-2002,16,1987-2001,15,15,1
1101020203,Apples,1987-2002,16,1987-2001,15,15,1
1101020204,Oranges,1987-2002,16,1987-2001,15,15,1
1101020205,Cashewnuts,1987-2002,16,1987-2001,15,15,1
1101020206,Coconut (Fresh),1987-2002,16,1987-2001,15,15,1
1101020207,Papaya,1987-2002,16,1987-2001,15,15,1
1101020208,Grapes,1987-2002,16,1987-2001,15,15,1
1101030001,Milk,1987-2002,16,1987-2001,15,15,1
1101040001,Eggs,1987-2002,16,1987-2001,15,15,1
1101040002,Fish,1987-2002,16,1987-2001,15,15,1
1101040003,Mutton,1987-2002,16,1987-2001,15,15,1
1101040004,Chicken,1987-2002,16,1987-2001,15,15,1
1101040005,Pork,1987-2002,16,1987-2001,15,15,1
1101050001,Black Pepper,1987-2002,16,1987-2001,15,15,1
1101050002,Chillies (Dry),1987-2002,16,"",0,0,1
1101050003,Turmeric,1987-2002,16,1987-2001,15,15,1
1101050004,Cardamoms,1987-2002,16,1987-2001,15,15,1
1101050005,Ginger (dry),1987-2002,16,1987-2001,15,15,1
1101050006,Betelnuts,1987-2002,16,"",0,0,1
1101050007,Cummin,1987-2002,16,1987-2001,15,15,1
1101050008,Garlic,1987-2002,16,1987-2001,15,15,1
1101060001,Tea,1987-2002,16,1987-2001,15,15,1
1101060002,Coffee,1987-2002,16,1987-2001,15,15,1
1102010001,Raw Cotton,1987-2002,16,1987-2001,15,15,1
1102010002,Raw Jute,1987-2002,16,1987-2001,15,15,1
1102010003,Mesta,1987-2002,16,"",0,0,1
1102010004,(sans description -- tarif seul),"",0,1987-2001,15,0,1
1102010005,Raw Wool,1987-2002,16,1987-2001,15,15,1
1102010006,Raw Silk,1987-2002,16,1987-2001,15,15,1
1102010007,Coir Fibre,1987-2002,16,1987-2001,15,15,1
1102020001,Grountnut Seed,1987-2002,16,1987-2001,15,15,1
1102020002,Rape & Mustard Seed,1987-2002,16,1987-2001,15,15,1
1102020003,Cotton Seed,1987-2002,16,1987-2001,15,15,1
1102020004,Copra,1987-2002,16,1987-2001,15,15,1
1102020005,Gingelly Seed,1987-2002,16,1987-2001,15,15,1
1102020006,Linseed,1987-2002,16,1987-2001,15,15,1
1102020007,Castor seed,1987-2002,16,1987-2001,15,15,1
1102020008,Niger seed,1987-2002,16,1987-2001,15,15,1
1102020009,Safflower (Kardi seed),1987-2002,16,1987-2001,15,15,1
1102020010,Sunflower,1987-2002,16,1987-2001,15,15,1
1102020011,Soyabean,1987-2002,16,1987-2001,15,15,1
1102020012,(sans description -- tarif seul),"",0,1987-2001,15,0,1
1102030001,Raw Hides,1987-2002,16,1987-2001,15,15,1
1102030002,Raw Skins,1987-2002,16,1987-2001,15,15,1
1102030003,Tanning Materials,1987-2002,15,1987-2001,15,14,1
1102030004,Sugarcane,1987-2002,16,1987-2001,15,15,1
1102030005,Tobacco,1987-2002,16,1993-2001,9,9,1
1102030006,Raw Rubber,1987-2002,16,"",0,0,1
1102030007,(sans description -- tarif seul),"",0,1987-2001,15,0,1
1102030008,Logs & Timber,1987-2002,16,"",0,0,1
1102030009,Fodder,1987-2002,16,"",0,0,1
1103010001,Iron Ore,1987-2002,16,1987-2001,15,15,1
1103010002,Manganese Ore,1987-2002,16,1987-2001,15,15,1
1103010003,Bauxite,1987-2002,16,1987-2001,15,15,1
1103010004,Chromite,1987-2002,16,1987-2001,15,15,1
1103020001,Lime stone,1987-2002,16,1987-2001,15,15,1
1103020002,(sans description -- tarif seul),"",0,1987-2001,15,0,1
1103020003,Fluorite,1987-2002,14,1987-2001,15,13,1
1103020004,Gypsum,1987-2002,16,1987-2001,15,15,1
1103020005,Fire Clay,1987-2002,16,1987-2001,15,15,1
1103020006,Kaolin (China clay),1987-2002,16,1987-2001,15,15,1
1103020007,Dolomite,1987-2002,16,1987-2001,15,15,1
1103020008,Magnesite,1987-2002,16,1987-2001,15,15,1
1103020009,Asbestos,1987-2002,16,1987-2001,15,15,1
1103020010,(sans description -- tarif seul),"",0,1987-2001,15,0,1
1103020011,Rock Phosphate,1987-2002,16,1987-2001,15,15,1
1103020012,Barytes,1987-2002,16,1987-2001,15,15,1
1103020013,(sans description -- tarif seul),"",0,1987-2001,15,0,1
1103020014,Steatite,"",0,1987-2001,15,0,1
1103020015,Silica Sand,1987-2002,16,1987-2001,15,15,1
1200010001,Coking coal,1987-2002,16,1987-2001,15,15,1
1200010002,Non-Coking coal,1987-2002,16,1987-2001,15,15,1
1200010003,Coke,1987-2002,16,1987-2001,15,15,1
1200010004,Lignite,1987-2002,16,1987-2001,15,15,1
1200020001,Liquefied Petroleum Gas,1987-2002,16,1987-2001,15,15,1
1200020002,Petrol,1987-2002,16,1987-2001,15,15,1
1200020003,Kerosene,1987-2002,16,1987-2001,15,15,1
1200020004,Aviation Turbine Fuel,1987-2002,16,"",0,0,1
1200020005,High Speed Diesel Oil,1987-2002,16,"",0,0,1
1200020006,Light Diesel Oil,1987-2002,16,"",0,0,1
1200020007,Naphta,1987-2002,16,1987-2001,15,15,1
1200020008,Bitumin,1987-2002,16,1987-2001,15,15,1
1200020009,Furnace Oil,1987-2002,16,"",0,0,1
1200020010,Lubricants,1987-2002,16,"",0,0,1
1200030001,Elec. (Domestic),1987-2002,16,1987-2001,15,15,1
1200030002,Elec. (Power),1987-2002,16,1987-2001,15,15,1
1200030003,Elec. (Irrigation),1987-2002,16,1987-2001,15,15,1
1200030004,Elec. (Industrial),1987-2002,16,1987-2001,15,15,1
1200030005,(sans description -- tarif seul),"",0,1987-2001,15,0,1
1200030006,(sans description -- tarif seul),"",0,1987-2001,15,0,1
1301010001,(sans description -- tarif seul),"",0,1987-2001,15,0,1
1301010002,Butter,1987-2002,16,1987-2001,15,15,1
1301010003,Ghee,1987-2002,16,1987-2001,15,15,1
1301010004,Baby Food,1987-2002,16,"",0,0,1
1301010005,Skimmed Milk Powder,1987-2002,16,1987-2001,15,15,1
1301020001,(sans description -- tarif seul),"",0,1987-2001,15,0,1
1301020002,(sans description -- tarif seul),"",0,1987-2001,15,0,1
1301030001,Canned Fish,1987-2002,16,1987-2001,15,15,1
1301040001,Maida,1987-2002,16,1987-2001,15,15,1
1301040002,Suji (rawa),1987-2002,16,1987-2001,15,15,1
1301040003,Atta,1987-2002,16,1987-2001,15,15,1
1301040004,Bran,1987-2002,16,1987-2001,15,15,1
1301050001,Bread,1987-2002,16,1987-2001,15,15,1
1301050002,Biscuits,1987-2002,16,1987-2001,15,15,1
1301060001,Sugar,1987-2002,16,1987-2001,15,15,1
1301060002,Khandsari,1987-2002,16,1987-2001,15,15,1
1301060003,Gur,1987-2002,16,1987-2001,15,15,1
1301070001,Salt,1987-2002,16,1987-2001,15,15,1
1301080001,Sugar & Sweet Meat Confectionary,1987-2002,16,1987-2001,15,15,1
1301090001,Hydrogenated Vanaspati,1987-2002,16,1987-2001,15,15,1
1301090002,Gingelly Oil,1987-2002,16,1987-2001,15,15,1
1301090003,(sans description -- tarif seul),"",0,1987-2001,15,0,1
1301090004,(sans description -- tarif seul),"",0,1987-2001,15,0,1
1301090005,Solvent Extracted Groundnut Oil,1987-2002,16,1987-2001,15,15,1
1301090006,Rape & mustard Oil,1987-2002,16,1987-2001,15,15,1
1301090007,Coconum Oil,1987-2002,16,1987-2001,15,15,1
1301090008,Groundnut Oil,1987-2002,16,1987-2001,15,15,1
1301090009,Cotton Seed Oil,1987-2002,16,1987-2001,15,15,1
1301090010,Rice Bran Oil,1987-2002,16,1987-2001,15,15,1
1301090011,Imported Edible Oil,1987-2002,16,1987-2001,15,15,1
1301100001,Rape & mustard seed cake,1987-2002,16,1987-2001,15,15,1
1301100002,Groundnut cake,1987-2002,16,1987-2001,15,15,1
1301100003,Cotton Seed Oil Cake,1987-2002,16,1987-2001,15,15,1
1301100004,Deoiled Meal Cake,1987-2002,16,"",0,0,1
1301100005,(sans description -- tarif seul),"",0,1987-2001,15,0,1
1301100006,(sans description -- tarif seul),"",0,1987-2001,15,0,1
1301100007,(sans description -- tarif seul),"",0,1987-2001,15,0,1
1301100008,(sans description -- tarif seul),"",0,1987-2001,15,0,1
1301110001,Packed Tea,1987-2002,16,1987-2001,15,15,1
1301110002,(sans description -- tarif seul),"",0,1987-2001,15,0,1
1301120001,Cattle Feed,1987-2002,16,1987-2001,15,15,1
1301120002,(sans description -- tarif seul),"",0,1987-2001,15,0,1
1301120003,(sans description -- tarif seul),"",0,1987-2001,15,0,1
1301120004,(sans description -- tarif seul),"",0,1987-2001,15,0,1
1301120005,Malted Food,1987-2002,16,1987-2001,15,15,1
1302010001,Rectified Spirit (Industrial alcohol),1987-2002,16,1987-2001,15,15,1
1302010002,Indian Made Foreign Spirit,1987-2002,16,1987-2001,15,15,1
1302020001,Beer,1987-2002,16,1987-2001,15,15,1
1302030001,Soft Drinks,1987-2002,16,1987-2001,15,15,1
1302040001,Bidi,1987-2002,16,1987-2001,15,15,1
1302040002,Cigarettes,1987-2002,16,1987-2001,15,15,1
1302040003,Zarda,1987-2002,16,1987-2001,15,15,1
1303010101,Hanks,1987-2002,16,1987-2001,15,15,1
1303010102,Cones,1987-2002,16,1987-2001,15,15,1
1303010201,Long Cloth / Sheeting,1987-2002,16,1987-2001,15,15,1
1303010202,Poplin/Shirting,1987-2002,16,1987-2001,15,15,1
1303010203,(sans description -- tarif seul),"",0,1987-2001,15,0,1
1303010204,"Dhoties, Sarees & Voils",1987-2002,16,1987-2001,15,15,1
1303010205,MIscellaneous,1987-2002,16,1987-2001,15,15,1
1303010301,(sans description -- tarif seul),"",0,1987-2001,15,0,1
1303010401,(sans description -- tarif seul),"",0,1987-2001,15,0,1
1303010501,(sans description -- tarif seul),"",0,1987-2001,15,0,1
1303020001,Viscose Staple Fibre,1987-2002,16,1987-2001,15,15,1
1303020002,Polyester Staple Fibre,1987-2002,16,1987-2001,15,15,1
1303020003,Viscose Filament Yarn,1987-2002,16,1987-2001,15,15,1
1303020004,Filament Yarn Synthetic,1987-2002,16,1987-2001,15,15,1
1303020005,Blended Mixed Cotton,1987-2002,16,1987-2001,15,15,1
1303020006,Art Silk Cloth,1987-2002,16,"",0,0,1
1303030001,Woolen yarn,1987-2002,16,1987-2001,15,15,1
1303030002,Woollen Cloth,1987-2002,16,1987-2001,15,15,1
1303040001,Hessian Cloth,1987-2002,16,1987-2001,15,15,1
1303040002,Hessian & sackling Bags,1987-2002,16,1987-2001,15,15,1
1303040003,(sans description -- tarif seul),"",0,1987-2001,15,0,1
1303050001,(sans description -- tarif seul),"",0,1987-2001,15,0,1
1303050002,(sans description -- tarif seul),"",0,1987-2001,15,0,1
1303050003,(sans description -- tarif seul),"",0,1987-2001,15,0,1
1303050004,(sans description -- tarif seul),"",0,1987-2001,15,0,1
1304000001,Plywood commercial planks,1987-2002,16,1987-2001,15,15,1
1304000002,Timber planks,1987-2002,16,1987-2001,15,15,1
1305010001,Pulp,1987-2002,16,1987-2001,15,15,1
1305010002,Printing Paper White,1987-2002,16,1987-2001,15,15,1
1305010003,Map Litho Paper,1987-2002,16,1987-2001,15,15,1
1305010004,Cream Laid Woven Paper,1987-2002,16,"",0,0,1
1305010005,M.G. paper poster,1987-2002,16,1987-2001,15,15,1
1305010006,Kraft Paper,1987-2002,16,1987-2001,15,15,1
1305010007,Newsprint,1987-2002,16,1987-2001,14,14,1
1305020001,Duplex Board,1987-2002,16,1987-2001,15,15,1
1305020003,Other Boards,1987-2002,16,1987-2001,15,15,1
1305030001,Newspaper,1987-2002,16,1987-2001,15,15,1
1306000003,Footwear Western Type,1987-2002,16,1987-2001,15,15,1
1307010101,Giant Tyres,1987-2002,16,1987-2001,15,15,1
1307010102,Motor tyres,1987-2002,16,1987-2001,15,15,1
1307010103,Cycle tyres,1987-2002,16,1987-2001,15,15,1
1307010104,Tractor Tyres,1987-2002,16,1987-2001,15,15,1
1307010201,Giant Tubes,1987-2002,16,1987-2001,15,15,1
1307010202,Cycle Tubes,1987-2002,16,1987-2001,15,15,1
1307020001,PVC Pipes & Tubings,1987-2002,16,1987-2001,15,15,1
1307020002,Decorative Laminates,1987-2002,16,1987-2001,15,15,1
1307030001,Rubber & Canvas Footwear,1987-2002,16,1987-2001,15,15,1
1307030002,(sans description -- tarif seul),"",0,1987-2001,15,0,1
1307030003,(sans description -- tarif seul),"",0,1987-2001,15,0,1
1307030004,(sans description -- tarif seul),"",0,1987-2001,15,0,1
1307030005,(sans description -- tarif seul),"",0,1987-2001,15,0,1
1308010001,Sodium Hydroxide (Caustic Soda),1987-2002,16,1987-2001,15,15,1
1308010002,Sodium Carbonate (Soda Ash),1987-2002,16,1987-2001,15,15,1
1308010003,Oxygen,1987-2002,16,1987-2001,15,15,1
1308010004,(sans description -- tarif seul),"",0,1987-2001,15,0,1
1308010005,(sans description -- tarif seul),"",0,1987-2001,15,0,1
1308010006,(sans description -- tarif seul),"",0,1987-2001,15,0,1
1308010007,Titanium Dioxide,1987-2002,16,1987-2001,15,15,1
1308010008,Sulphuric Acid,1987-2002,16,1987-2001,15,15,1
1308010009,Liquid Chlorine,1987-2002,16,1987-2001,15,15,1
1308020001,benzene,1987-2002,16,1987-2001,15,15,1
1308020005,acetylene,1987-2002,16,1987-2001,15,15,1
1308030101,ammonium sulphate N-contenet,1987-2002,16,1987-2001,15,15,1
1308030102,UreaN-content,1987-2002,16,1987-2001,15,15,1
1308030103,fertilizers N-content,1987-2002,16,1987-2001,15,15,1
1308030104,di ammonium posphateN-content,1987-2002,16,1987-2001,15,15,1
1308030105,Phoshphate Pocontent,1987-2002,16,1987-2001,15,15,1
1308030106,(sans description -- tarif seul),"",0,1987-2001,15,0,1
1308030107,complex fertilisers NPK content,1987-2002,16,1987-2001,15,15,1
1308030108,calcium ammonium nitrate Ncontent,1987-2002,16,1987-2001,15,15,1
1308030201,pesticides,1987-2002,16,"",0,0,1
1308040001,paints(except alum paints),1987-2002,16,1987-2001,15,15,1
1308040002,enamels,1987-2002,16,1987-2001,15,15,1
1308040003,varnishes,1987-2002,16,1987-2001,15,15,1
1308050001,(sans description -- tarif seul),"",0,1987-2001,15,0,1
1308050002,(sans description -- tarif seul),"",0,1987-2001,15,0,1
1308050003,organic pigments,1987-2002,16,1987-2001,15,15,1
1308060001,"vitamin tablets(A,B,C,D&others)",1987-2002,16,1987-2001,15,15,1
1308060002,(sans description -- tarif seul),"",0,1987-2001,15,0,1
1308060003,vitamin liquids,1987-2002,16,1987-2001,15,15,1
1308060005,penicillin,1987-2002,16,1987-2001,15,15,1
1308060006,(sans description -- tarif seul),"",0,1987-2001,15,0,1
1308060007,(sans description -- tarif seul),"",0,1987-2001,15,0,1
1308060008,powder/granules(other than vit),1987-2002,16,1987-2001,15,15,1
1308060009,liquid oral(other than vit),1987-2002,16,1987-2001,15,15,1
1308060010,liquid injectable(other than vit),1987-2002,16,1987-2001,15,15,1
1308060011,capsules(other than vit&antibiotics),1987-2002,16,1987-2001,15,15,1
1308060012,tablets(except vit&penicillin),1987-2002,16,1987-2001,15,15,1
1308060013,ointments,1987-2002,16,1987-2001,15,15,1
1308060014,syrup,1987-2002,16,1987-2001,15,15,1
1308060015,drugs&pharmaceuticals n.e.c,1987-2002,16,1987-2001,15,15,1
1308060016,ayurvedic medicines,1987-2002,16,1987-2001,15,15,1
1308070101,laundry soap,1987-2002,16,1987-2001,15,15,1
1308070102,toilet soap,1987-2002,16,1987-2001,15,15,1
1308070103,synthetic detergents,1987-2002,16,1987-2001,15,15,1
1308070201,(sans description -- tarif seul),"",0,1987-2001,15,0,1
1308070202,tooth paste,1987-2002,16,1987-2001,15,15,1
1308070205,hair oils,1987-2002,16,1987-2001,15,15,1
1308080001,sythetic resins,1987-2002,16,1987-2001,15,15,1
1308080002,syntheic rubber,1987-2002,16,1987-2001,15,15,1
1308080004,rubber chemicals,1987-2002,16,"",0,0,1
1308080005,P.V.C resins,1987-2002,16,1987-2001,15,15,1
1308080008,polysterene,1987-2002,16,1987-2001,15,15,1
1308090001,safety matches,1987-2002,16,1987-2001,15,15,1
1308090002,blasting powder,1987-2002,16,1987-2001,15,15,1
1308090003,cine colour positive,1987-2002,16,1987-2001,15,15,1
1308090004,printing ink,1987-2002,16,1987-2001,15,15,1
1308090005,carbon black,1987-2002,16,1987-2001,15,15,1
1308090007,fire works,1987-2002,16,1987-2001,15,15,1
1309010001,firebrick,1987-2002,16,"",0,0,1
1309010003,buuilding bricks,1987-2002,16,1987-2001,15,15,1
1309010004,ceramic tiles,1987-2002,16,1987-2001,15,15,1
1309020001,bottles,1987-2002,16,1987-2001,15,15,1
1309020002,sheet glass,1987-2002,16,1987-2001,15,15,1
1309030101,cement,1987-2002,16,1987-2001,15,15,1
1309030201,(sans description -- tarif seul),"",0,1987-2001,15,0,1
1309040001,(sans description -- tarif seul),"",0,1987-2001,15,0,1
1309050001,asbestoscementcorrugatedsheets,1987-2002,16,1987-2001,15,15,1
1309050006,electrodes,1987-2002,16,1987-2001,15,15,1
1310010101,basic pig iron,1987-2002,16,1987-2001,15,15,1
1310010102,foundry pig iron,1987-2002,16,1987-2001,15,15,1
1310010104,steel ingots(plain carbon),1987-2002,16,1987-2001,15,15,1
1310010105,blooms,1987-2002,16,"",0,0,1
1310010106,billets&slabs(semis),1987-2002,16,"",0,0,1
1310010107,skelps,1987-2002,16,1987-2001,15,15,1
1310010108,oromild steel tensile plates,1987-2002,16,"",0,0,1
1310010109,"angles,channels&sections",1987-2002,16,1987-2001,15,15,1
1310010110,joists&rolls,1987-2002,16,"",0,0,1
1310010111,bars&rods,1987-2002,16,1987-2001,15,15,1
1310010202,Ordinary castings,1987-2002,16,"",0,0,1
1310010203,(sans description -- tarif seul),"",0,1987-2001,15,0,1
1310010204,stampings&forgings,1987-2002,16,"",0,0,1
1310010205,heavy/lightstructurals,1987-2002,16,1987-2001,15,15,1
1310010207,heavy rails,1987-2002,16,1987-2001,15,15,1
1310010210,bright bars,1987-2002,16,"",0,0,1
1310010301,pipes &tubes,1987-2002,16,1987-2001,15,15,1
1310010302,spun pipes,1987-2002,16,1987-2001,15,15,1
1310010304,steel wire,1994-1994,1,1987-2001,15,1,1
1310010305,Wiires,"",0,1987-2001,15,0,1
1310010401,ferro manganese,1987-2002,16,1987-2001,15,15,1
1310010402,ferro silicone,1987-2002,16,1987-2001,15,15,1
1310010403,"alloysteel,stainless steel",1987-2002,16,1987-2001,15,15,1
1310020101,aluminium ingots,1987-2002,16,1987-2001,15,15,1
1310020102,aluminium sheets &strips,1987-2002,16,1987-2001,15,15,1
1310020103,aluminium bars &rods,1987-1989,3,1987-2001,15,3,1
1310020104,aluminium foils,1987-2002,16,1987-2001,15,15,1
1310020105,aluminium rolled products,1987-2002,16,1987-2001,15,15,1
1310020201,copper&brass rods,1987-2002,16,1987-2001,15,15,1
1310020202,brass sheets&strips,1987-2002,16,1987-2001,15,15,1
1310020204,lead,1987-2002,16,1987-2001,15,15,1
1310020205,nickel,1987-2002,16,1987-2001,15,15,1
1310020206,zinc,1987-2002,16,1987-2001,15,15,1
1310030001,barrels,1987-2002,16,"",0,0,1
1310030003,tin boxes/containers,1987-2002,16,1987-2001,15,15,1
1310030004,bolts/nuts,1987-2002,16,1987-2001,15,15,1
1310030005,utenssils,1987-2002,16,1987-2001,15,15,1
1310030013,steel  furniture,1987-2002,16,"",0,0,1
1311010101,tractors,1987-2002,16,1987-2001,15,15,1
1311010102,(sans description -- tarif seul),"",0,1987-2001,15,0,1
1311010103,boilers,1987-2002,16,1987-2001,15,15,1
1311010104,internal combustion engines,1987-2002,16,1987-2001,15,15,1
1311010105,Diesel Engines,1987-2002,16,1987-2001,15,15,1
1311010107,Mining machinery,1987-2002,16,1987-2001,15,15,1
1311010202,Ring spinning &doubling frame,1987-2002,16,1987-2001,15,15,1
1311010203,Powerlooms,1987-2002,16,1987-2001,15,15,1
1311010204,(sans description -- tarif seul),"",0,1987-2001,15,0,1
1311010302,Driven pumps,1987-2002,16,1987-2001,15,15,1
1311010303,Air & gas compressors,1987-2002,16,1987-2001,15,15,1
1311010304,Ball Bearings,1987-2002,16,1987-2001,15,15,1
1311010307,Computing machinery,1987-2002,16,1987-2001,15,15,1
1311010308,Sewing machinery,1987-2002,16,1987-2001,15,15,1
1311010309,Air conditioners,1987-2002,16,1987-2001,15,15,1
1311020103,Switch gears,1987-2002,16,"",0,0,1
1311020104,Components &accessories of switch gears,1987-2002,16,"",0,0,1
1311020105,Electric motors phase one HP,1987-2002,16,1987-2001,15,15,1
1311020106,Electric motors phase three HP,1987-2002,16,1987-2001,15,15,1
1311020107,Staters,1987-2002,16,1987-2001,15,15,1
1311020108,Alternators,1987-2002,16,"",0,0,1
1311020109,Electric motor contractors,1989-2002,14,1987-2001,15,13,1
1311020201,Enamelled copper wires,1987-2002,16,1987-2001,15,15,1
1311020202,P.V.C.Insulated cables,1987-2002,16,1987-2001,15,15,1
1311020206,Rubber insulated &other cables,1987-2002,16,1987-2001,15,15,1
1311020301,Batteries,1987-2002,16,1987-2001,15,15,1
1311020302,Dry cells,1987-2002,16,1987-2001,15,15,1
1311020401,(sans description -- tarif seul),"",0,1987-2001,15,0,1
1311020402,Ceilling fans,1987-2002,16,1987-2001,15,15,1
1311020403,GLS lamps,1987-2002,16,1987-2001,15,15,1
1311020404,Fluorescent lamp,1987-2002,16,1987-2001,15,15,1
1311020501,(sans description -- tarif seul),"",0,1987-2001,15,0,1
1311020502,T.V.sets AC,1987-2002,16,1987-2001,15,15,1
1311020503,Electronic automatic indicators,1987-2002,16,"",0,0,1
1312020001,Broad gauge Diesel locomotives,1987-2002,16,1987-2001,15,15,1
1312020002,Broad gauge passenger carriages,1987-2002,16,1987-2001,15,15,1
1312020003,Broad gauge open wagons,1987-2002,16,1987-2001,15,15,1
1312030001,Truck chassis (diesel),1987-2002,16,1987-2001,15,15,1
1312030002,Car chassis(assembled),1987-2002,16,1987-2001,15,15,1
1312030003,Bus chassis(diesel),1987-2002,16,1987-2001,15,15,1
1312030004,Body manufactured for buses,1987-2002,16,1987-2001,15,15,1
1312030005,"Body manufactured for trucks,vans, etc.",1987-2002,16,1987-2001,15,15,1
1312030008,Jeeps,1987-2002,16,1987-2001,15,15,1
1312030009,Three wheelers,1987-2002,16,"",0,0,1
1312030010,Motorcycles,1987-2002,16,1987-2001,15,15,1
1312030011,Scooters,1987-2002,16,1987-2001,15,15,1
1312030012,Bicycle,1987-2002,16,1987-2001,15,15,1
1312030018,Springes,1987-2002,16,1987-2001,15,15,1
1312030019,Automobile spare parts,1987-2002,16,1987-2001,15,15,1
1313000001,(sans description -- tarif seul),"",0,1987-2001,15,0,1
